<?xml version="1.0"?>
<COLLADA xmlns="http://www.collada.org/2005/11/COLLADASchema" version="1.4.1">
	<asset>
		<contributor>
			<author>Assimp</author>
			<authoring_tool>Assimp Exporter</authoring_tool>
		</contributor>
		<created>2021-05-31T15:20:38</created>
		<modified>2021-05-31T15:20:38</modified>
		<unit name="meter" meter="1.000000" />
		<up_axis>Y_UP</up_axis>
	</asset>
	<library_effects>
		<effect id="lambert1-fx" name="lambert1">
			<profile_COMMON>
				<technique sid="standard">
					<phong>
						<diffuse>
							<color sid="diffuse">0.500000   0.500000   0.500000   1.000000</color>
						</diffuse>
					</phong>
				</technique>
			</profile_COMMON>
		</effect>
	</library_effects>
	<library_materials>
		<material id="lambert1" name="lambert1">
			<instance_effect url="#lambert1-fx"/>
		</material>
	</library_materials>
	<library_geometries>
		<geometry id="meshId0" name="meshId0_name" >
			<mesh>
				<source id="meshId0-positions" name="meshId0-positions">
					<float_array id="meshId0-positions-array" count="9366"> 
						1.028286 5.968291 -1.417102 0.874712 5.968291 -1.718507 0.874712 7.652310 -1.718507 1.028286 7.652310 -1.417102 0.635516 5.968291 -1.957704 0.635516 7.652310 -1.957704 0.635516 5.968291 -1.957704 0.334110 5.968291 -2.111277 0.334110 7.652310 -2.111277 0.635516 7.652310 -1.957704 0.000000 5.968291 -2.164195 0.000000 7.652310 -2.164195 -0.334110 5.968291 -2.111277 -0.334110 7.652310 -2.111277 -0.635516 5.968291 -1.957704 -0.635516 7.652310 -1.957704 -0.635516 5.968291 -1.957704 -0.874712 5.968291 -1.718507 -0.874712 7.652310 -1.718507 -0.635516 7.652310 -1.957704 -1.028286 5.968291 -1.417102 -1.028286 7.652310 -1.417102 -1.081203 5.968291 -1.082991 -1.081203 7.652310 -1.082991 -1.028286 5.968291 -0.748881 -1.028286 7.652310 -0.748881 -0.874712 5.968291 -0.447476 -0.874712 7.652310 -0.447476 -0.635515 5.968291 -0.208280 -0.635515 7.652310 -0.208280 -0.635515 5.968291 -0.208280 -0.334110 5.968291 -0.054706 -0.334110 7.652310 -0.054706 -0.635515 7.652310 -0.208280 -0.000000 5.968291 -0.001788 -0.000000 7.652310 -0.001788 0.334110 5.968291 -0.054706 0.334110 7.652310 -0.054706 0.635515 5.968291 -0.208280 0.635515 7.652310 -0.208280 0.635515 5.968291 -0.208280 0.874712 5.968291 -0.447476 0.874712 7.652310 -0.447476 0.635515 7.652310 -0.208280 1.028285 5.968291 -0.748881 1.028285 7.652310 -0.748881 1.081203 5.968291 -1.082991 1.081203 7.652310 -1.082991 0.321821 4.630343 -1.316808 0.378324 4.630343 -1.205916 -0.000000 4.630343 -1.082991 0.233817 4.630343 -1.404813 0.122925 4.630343 -1.461315 -0.000000 4.630343 -1.480784 -0.122925 4.630343 -1.461316 -0.233817 4.630343 -1.404814 -0.321821 4.630343 -1.316809 -0.378324 4.630343 -1.205916 -0.397793 4.630343 -1.082991 -0.378324 4.630343 -0.960067 -0.321821 4.630343 -0.849175 -0.233817 4.630343 -0.761170 -0.122925 4.630343 -0.704668 -0.000000 4.630343 -0.685199 
						0.122925 4.630343 -0.704669 0.233817 4.630343 -0.761171 0.321821 4.630343 -0.849175 0.378323 4.630343 -0.960067 0.397793 4.630343 -1.082992 0.970627 5.888268 -1.398367 0.825665 5.888268 -1.682872 0.599881 5.888268 -1.908656 0.599881 5.888268 -1.908656 0.315376 5.888268 -2.053619 -0.000000 5.888268 -2.103569 -0.315376 5.888268 -2.053619 -0.599881 5.888268 -1.908656 -0.599881 5.888268 -1.908656 -0.825664 5.888268 -1.682872 -0.970627 5.888268 -1.398367 -1.020577 5.888268 -1.082991 -0.970627 5.888268 -0.767616 -0.825664 5.888268 -0.483111 -0.599880 5.888268 -0.257327 -0.599880 5.888268 -0.257327 -0.315376 5.888268 -0.112365 -0.000000 5.888268 -0.062414 0.315376 5.888268 -0.112365 0.599880 5.888268 -0.257327 0.599880 5.888268 -0.257327 0.825664 5.888268 -0.483111 0.970627 5.888268 -0.767616 1.020577 5.888268 -1.082991 0.825665 5.888268 -1.682872 0.970627 5.888268 -1.398367 0.970627 5.880647 -1.398367 0.825665 5.880647 -1.682872 0.599881 5.888268 -1.908656 0.599881 5.880647 -1.908656 0.315376 5.888268 -2.053619 0.599881 5.888268 -1.908656 0.599881 5.880647 -1.908656 0.315376 5.880647 -2.053619 -0.000000 5.888268 -2.103569 -0.000000 5.880647 -2.103569 -0.315376 5.888268 -2.053619 -0.315376 5.880647 -2.053619 -0.599881 5.888268 -1.908656 -0.599881 5.880647 -1.908656 -0.825664 5.888268 -1.682872 -0.599881 5.888268 -1.908656 -0.599881 5.880647 -1.908656 -0.825664 5.880647 -1.682872 -0.970627 5.888268 -1.398367 -0.970627 5.880647 -1.398367 -1.020577 5.888268 -1.082991 -1.020577 5.880647 -1.082991 -0.970627 5.888268 -0.767616 -0.970627 5.880647 -0.767616 -0.825664 5.888268 -0.483111 -0.825664 5.880647 -0.483111 -0.599880 5.888268 -0.257327 -0.599880 5.880647 -0.257327 -0.315376 5.888268 -0.112365 -0.599880 5.888268 -0.257327 -0.599880 5.880647 -0.257327 -0.315376 5.880647 -0.112365 -0.000000 5.888268 -0.062414 
						-0.000000 5.880647 -0.062414 0.315376 5.888268 -0.112365 0.315376 5.880647 -0.112365 0.599880 5.888268 -0.257327 0.599880 5.880647 -0.257327 0.825664 5.888268 -0.483111 0.599880 5.888268 -0.257327 0.599880 5.880647 -0.257327 0.825664 5.880647 -0.483111 0.970627 5.888268 -0.767616 0.970627 5.880647 -0.767616 1.020577 5.888268 -1.082991 1.020577 5.880647 -1.082991 0.825665 5.880647 -1.682872 0.970627 5.880647 -1.398367 0.984722 5.873027 -1.402947 0.837654 5.873027 -1.691583 0.599881 5.880647 -1.908656 0.608591 5.873027 -1.920646 0.315376 5.880647 -2.053619 0.319955 5.873027 -2.067713 -0.000000 5.880647 -2.103569 -0.000000 5.873027 -2.118389 -0.315376 5.880647 -2.053619 -0.319955 5.873027 -2.067713 -0.599881 5.880647 -1.908656 -0.608591 5.873027 -1.920646 -0.825664 5.880647 -1.682872 -0.837654 5.873027 -1.691583 -0.970627 5.880647 -1.398367 -0.984721 5.873027 -1.402947 -1.020577 5.880647 -1.082991 -1.035397 5.873027 -1.082991 -0.970627 5.880647 -0.767616 -0.984721 5.873027 -0.763036 -0.825664 5.880647 -0.483111 -0.837654 5.873027 -0.474400 -0.599880 5.880647 -0.257327 -0.608591 5.873027 -0.245338 -0.315376 5.880647 -0.112365 -0.319955 5.873027 -0.098271 -0.000000 5.880647 -0.062414 -0.000000 5.873027 -0.047595 0.315376 5.880647 -0.112365 0.319955 5.873027 -0.098271 0.599880 5.880647 -0.257327 0.608591 5.873027 -0.245338 0.825664 5.880647 -0.483111 0.837654 5.873027 -0.474400 0.970627 5.880647 -0.767616 0.984721 5.873027 -0.763036 1.020577 5.880647 -1.082991 1.035397 5.873027 -1.082991 0.837654 5.873027 -1.691583 0.984722 5.873027 -1.402947 0.984722 5.865406 -1.402947 0.837654 5.865406 -1.691583 0.608591 5.873027 -1.920646 0.608591 5.865406 -1.920646 0.319955 5.873027 -2.067713 0.608591 5.873027 -1.920646 0.608591 5.865406 -1.920646 0.319955 5.865406 -2.067713 -0.000000 5.873027 -2.118389 
						-0.000000 5.865406 -2.118389 -0.319955 5.873027 -2.067713 -0.319955 5.865406 -2.067713 -0.608591 5.873027 -1.920646 -0.608591 5.865406 -1.920646 -0.837654 5.873027 -1.691583 -0.608591 5.873027 -1.920646 -0.608591 5.865406 -1.920646 -0.837654 5.865406 -1.691583 -0.984721 5.873027 -1.402947 -0.984721 5.865406 -1.402947 -1.035397 5.873027 -1.082991 -1.035397 5.865406 -1.082991 -0.984721 5.873027 -0.763036 -0.984721 5.865406 -0.763036 -0.837654 5.873027 -0.474400 -0.837654 5.865406 -0.474400 -0.608591 5.873027 -0.245338 -0.608591 5.865406 -0.245338 -0.319955 5.873027 -0.098271 -0.608591 5.873027 -0.245338 -0.608591 5.865406 -0.245338 -0.319955 5.865406 -0.098271 -0.000000 5.873027 -0.047595 -0.000000 5.865406 -0.047595 0.319955 5.873027 -0.098271 0.319955 5.865406 -0.098271 0.608591 5.873027 -0.245338 0.608591 5.865406 -0.245338 0.837654 5.873027 -0.474400 0.608591 5.873027 -0.245338 0.608591 5.865406 -0.245338 0.837654 5.865406 -0.474400 0.984721 5.873027 -0.763036 0.984721 5.865406 -0.763036 1.035397 5.873027 -1.082991 1.035397 5.865406 -1.082991 0.837654 5.865406 -1.691583 0.984722 5.865406 -1.402947 0.965502 5.852068 -1.396702 0.821305 5.852068 -1.679705 0.608591 5.865406 -1.920646 0.596713 5.852068 -1.904297 0.319955 5.865406 -2.067713 0.313710 5.852068 -2.048493 -0.000000 5.865406 -2.118389 -0.000000 5.852068 -2.098180 -0.319955 5.865406 -2.067713 -0.313710 5.852068 -2.048493 -0.608591 5.865406 -1.920646 -0.596713 5.852068 -1.904297 -0.837654 5.865406 -1.691583 -0.821304 5.852068 -1.679704 -0.984721 5.865406 -1.402947 -0.965501 5.852068 -1.396702 -0.965501 5.852068 -1.396702 -1.015188 5.852068 -1.082991 -0.965501 5.852068 -0.769281 -0.837654 5.865406 -0.474400 -0.984721 5.865406 -0.763036 -0.965501 5.852068 -0.769281 -0.821304 5.852068 -0.486279 -0.608591 5.865406 -0.245338 -0.596713 5.852068 -0.261687 
						-0.319955 5.865406 -0.098271 -0.313710 5.852068 -0.117490 -0.000000 5.865406 -0.047595 -0.000000 5.852068 -0.067804 0.319955 5.865406 -0.098271 0.313710 5.852068 -0.117491 0.608591 5.865406 -0.245338 0.596712 5.852068 -0.261687 0.837654 5.865406 -0.474400 0.821304 5.852068 -0.486279 0.984721 5.865406 -0.763036 0.965501 5.852068 -0.769281 0.965501 5.852068 -0.769281 1.015188 5.852068 -1.082991 0.965502 5.852068 -1.396702 0.821305 5.852068 -1.679705 0.965502 5.852068 -1.396702 0.965502 5.836825 -1.396702 0.821305 5.836825 -1.679705 0.596713 5.852068 -1.904297 0.596713 5.836825 -1.904297 0.313710 5.852068 -2.048493 0.596713 5.852068 -1.904297 0.596713 5.836825 -1.904297 0.313710 5.836825 -2.048493 -0.000000 5.852068 -2.098180 -0.000000 5.836825 -2.098180 -0.313710 5.852068 -2.048493 -0.313710 5.836825 -2.048493 -0.596713 5.852068 -1.904297 -0.596713 5.836825 -1.904297 -0.821304 5.852068 -1.679704 -0.596713 5.852068 -1.904297 -0.596713 5.836825 -1.904297 -0.821304 5.836825 -1.679704 -0.965501 5.852068 -1.396702 -0.965501 5.836825 -1.396702 -1.015188 5.852068 -1.082991 -1.015188 5.836825 -1.082991 -0.965501 5.852068 -0.769281 -0.965501 5.836825 -0.769281 -0.821304 5.852068 -0.486279 -0.821304 5.836825 -0.486279 -0.596713 5.852068 -0.261687 -0.596713 5.836825 -0.261687 -0.313710 5.852068 -0.117490 -0.596713 5.852068 -0.261687 -0.596713 5.836825 -0.261687 -0.313710 5.836825 -0.117490 -0.000000 5.852068 -0.067804 -0.000000 5.836825 -0.067804 0.313710 5.852068 -0.117491 0.313710 5.836825 -0.117491 0.596712 5.852068 -0.261687 0.596712 5.836825 -0.261687 0.821304 5.852068 -0.486279 0.596712 5.852068 -0.261687 0.596712 5.836825 -0.261687 0.821304 5.836825 -0.486279 0.965501 5.852068 -0.769281 0.965501 5.836825 -0.769281 1.015188 5.852068 -1.082991 1.015188 5.836825 -1.082991 0.978315 5.793005 -1.400865 
						0.832204 5.793005 -1.687623 0.604632 5.793005 -1.915196 0.604632 5.793005 -1.915196 0.317874 5.793005 -2.061306 -0.000000 5.793005 -2.111652 -0.317874 5.793005 -2.061306 -0.604632 5.793005 -1.915196 -0.604632 5.793005 -1.915196 -0.832204 5.793005 -1.687623 -0.978314 5.793005 -1.400865 -1.028661 5.793005 -1.082991 -0.978314 5.793005 -0.765118 -0.832204 5.793005 -0.478360 -0.604632 5.793005 -0.250788 -0.604632 5.793005 -0.250788 -0.317874 5.793005 -0.104677 -0.000000 5.793005 -0.054331 0.317874 5.793005 -0.104678 0.604631 5.793005 -0.250788 0.604631 5.793005 -0.250788 0.832204 5.793005 -0.478360 0.978314 5.793005 -0.765118 1.028660 5.793005 -1.082991 0.812635 5.450454 -1.673405 0.955310 5.450454 -1.393390 0.955310 5.438756 -1.393390 0.812635 5.438756 -1.673405 0.590414 5.643322 -1.895627 0.590414 5.635561 -1.895627 0.310399 5.643322 -2.038301 0.590414 5.643322 -1.895627 0.590414 5.635561 -1.895627 0.310399 5.635561 -2.038301 -0.000000 5.450454 -2.087463 -0.000000 5.438756 -2.087463 -0.310399 5.450454 -2.038301 -0.310399 5.438756 -2.038301 -0.590414 5.643322 -1.895627 -0.590414 5.635561 -1.895627 -0.812635 5.643322 -1.673405 -0.590414 5.643322 -1.895627 -0.590414 5.635561 -1.895627 -0.812635 5.635561 -1.673405 -0.955309 5.450454 -1.393390 -0.955309 5.438756 -1.393390 -1.004472 5.450454 -1.082991 -1.004472 5.438756 -1.082991 -0.955309 5.643322 -0.772593 -0.955309 5.635561 -0.772593 -0.812635 5.643322 -0.492578 -0.812635 5.635561 -0.492578 -0.590414 5.450454 -0.270357 -0.590414 5.438756 -0.270357 -0.310399 5.450454 -0.127682 -0.590414 5.450454 -0.270357 -0.590414 5.438756 -0.270357 -0.310399 5.438756 -0.127683 -0.000000 5.643322 -0.078520 -0.000000 5.635561 -0.078520 0.310399 5.643322 -0.127683 0.310399 5.635561 -0.127683 0.590413 5.450454 -0.270357 0.590413 5.438756 -0.270357 0.812635 5.450454 -0.492578 
						0.590413 5.450454 -0.270357 0.590413 5.438756 -0.270357 0.812635 5.438756 -0.492578 0.955309 5.643322 -0.772593 0.955309 5.635561 -0.772593 1.004472 5.643322 -1.082991 1.004472 5.635561 -1.082991 0.832204 5.399395 -1.687623 0.978315 5.399395 -1.400865 0.723115 4.997711 -1.317946 0.615118 4.997711 -1.529901 0.604632 5.399395 -1.915196 0.446910 4.997711 -1.698110 0.317874 5.399395 -2.061306 0.604632 5.399395 -1.915196 0.446910 4.997711 -1.698110 0.234954 4.997711 -1.806107 -0.000000 5.399395 -2.111652 -0.000000 4.997711 -1.843319 -0.317874 5.399395 -2.061306 -0.234954 4.997711 -1.806107 -0.604632 5.399395 -1.915196 -0.446910 4.997711 -1.698110 -0.832204 5.399395 -1.687623 -0.604632 5.399395 -1.915196 -0.446910 4.997711 -1.698110 -0.615118 4.997711 -1.529901 -0.978314 5.399395 -1.400865 -0.723115 4.997711 -1.317946 -1.028661 5.399395 -1.082991 -0.760328 4.997711 -1.082991 -0.978314 5.399395 -0.765118 -0.723115 4.997711 -0.848037 -0.832204 5.399395 -0.478360 -0.615118 4.997711 -0.636082 -0.604632 5.399395 -0.250787 -0.446910 4.997711 -0.467873 -0.317874 5.399395 -0.104678 -0.604632 5.399395 -0.250787 -0.446910 4.997711 -0.467873 -0.234954 4.997711 -0.359877 -0.000000 5.399395 -0.054331 -0.000000 4.997711 -0.322664 0.317874 5.399395 -0.104678 0.234954 4.997711 -0.359877 0.604631 5.399395 -0.250787 0.446909 4.997711 -0.467873 0.832204 5.399395 -0.478360 0.604631 5.399395 -0.250787 0.446909 4.997711 -0.467873 0.615118 4.997711 -0.636082 0.978314 5.399395 -0.765119 0.723115 4.997711 -0.848038 1.028660 5.399395 -1.082991 0.760327 4.997711 -1.082991 0.615118 4.997711 -1.529901 0.723115 4.997711 -1.317946 0.621307 4.933119 -1.284866 0.528515 4.933119 -1.466980 0.446910 4.997711 -1.698110 0.383988 4.933119 -1.611507 0.234954 4.997711 -1.806107 0.201875 4.933119 -1.704298 -0.000000 4.997711 -1.843319 
						-0.000000 4.933119 -1.736272 -0.234954 4.997711 -1.806107 -0.201875 4.933119 -1.704298 -0.446910 4.997711 -1.698110 -0.383989 4.933119 -1.611507 -0.615118 4.997711 -1.529901 -0.528515 4.933119 -1.466980 -0.723115 4.997711 -1.317946 -0.621307 4.933119 -1.284866 -0.760328 4.997711 -1.082991 -0.723115 4.997711 -1.317946 -0.621307 4.933119 -1.284866 -0.653280 4.933119 -1.082991 -0.723115 4.997711 -0.848037 -0.621307 4.933119 -0.881117 -0.615118 4.997711 -0.636082 -0.723115 4.997711 -0.848037 -0.621307 4.933119 -0.881117 -0.528515 4.933119 -0.699003 -0.446910 4.997711 -0.467873 -0.383989 4.933119 -0.554477 -0.234954 4.997711 -0.359877 -0.201875 4.933119 -0.461685 -0.000000 4.997711 -0.322664 -0.000000 4.933119 -0.429712 0.234954 4.997711 -0.359877 0.201875 4.933119 -0.461686 0.446909 4.997711 -0.467873 0.383988 4.933119 -0.554477 0.615118 4.997711 -0.636082 0.528515 4.933119 -0.699003 0.723115 4.997711 -0.848038 0.621306 4.933119 -0.881117 0.760327 4.997711 -1.082991 0.723115 4.997711 -0.848038 0.621306 4.933119 -0.881117 0.653280 4.933119 -1.082992 0.723115 4.997711 -1.317946 0.621307 4.933119 -1.284866 0.528515 4.933119 -1.466980 0.621307 4.933119 -1.284866 0.432621 4.933119 -1.223559 0.368010 4.933119 -1.350366 0.383988 4.933119 -1.611507 0.267375 4.933119 -1.451001 0.201875 4.933119 -1.704298 0.140567 4.933119 -1.515613 -0.000000 4.933119 -1.736272 -0.000000 4.933119 -1.537876 -0.201875 4.933119 -1.704298 -0.140567 4.933119 -1.515613 -0.383989 4.933119 -1.611507 -0.267375 4.933119 -1.451001 -0.528515 4.933119 -1.466980 -0.368010 4.933119 -1.350367 -0.621307 4.933119 -1.284866 -0.432622 4.933119 -1.223559 -0.653280 4.933119 -1.082991 -0.454885 4.933119 -1.082991 -0.621307 4.933119 -0.881117 -0.432622 4.933119 -0.942424 -0.528515 4.933119 -0.699003 -0.368010 4.933119 -0.815617 -0.383989 4.933119 -0.554477 
						-0.267375 4.933119 -0.714982 -0.201875 4.933119 -0.461685 -0.140567 4.933119 -0.650370 -0.000000 4.933119 -0.429712 -0.000000 4.933119 -0.628107 0.201875 4.933119 -0.461686 0.140567 4.933119 -0.650370 0.383988 4.933119 -0.554477 0.267375 4.933119 -0.714982 0.528515 4.933119 -0.699003 0.368010 4.933119 -0.815617 0.621306 4.933119 -0.881117 0.432621 4.933119 -0.942425 0.653280 4.933119 -1.082992 0.454885 4.933119 -1.082992 0.368010 4.933119 -1.350366 0.432621 4.933119 -1.223559 0.432621 4.686862 -1.223558 0.368010 4.686862 -1.350366 0.267375 4.933119 -1.451001 0.267375 4.686862 -1.451001 0.140567 4.933119 -1.515613 0.267375 4.933119 -1.451001 0.267375 4.686862 -1.451001 0.140567 4.686862 -1.515613 -0.000000 4.933119 -1.537876 -0.000000 4.686862 -1.537876 -0.140567 4.933119 -1.515613 -0.140567 4.686862 -1.515614 -0.267375 4.933119 -1.451001 -0.267375 4.686862 -1.451002 -0.368010 4.933119 -1.350367 -0.267375 4.933119 -1.451001 -0.267375 4.686862 -1.451002 -0.368010 4.686862 -1.350367 -0.432622 4.933119 -1.223559 -0.432622 4.686862 -1.223559 -0.454885 4.933119 -1.082991 -0.454885 4.686862 -1.082991 -0.432622 4.933119 -0.942424 -0.432622 4.686862 -0.942424 -0.368010 4.933119 -0.815617 -0.368010 4.686862 -0.815617 -0.267375 4.933119 -0.714982 -0.267375 4.686862 -0.714982 -0.140567 4.933119 -0.650370 -0.267375 4.933119 -0.714982 -0.267375 4.686862 -0.714982 -0.140567 4.686862 -0.650370 -0.000000 4.933119 -0.628107 -0.000000 4.686862 -0.628107 0.140567 4.933119 -0.650370 0.140567 4.686862 -0.650371 0.267375 4.933119 -0.714982 0.267375 4.686862 -0.714982 0.368010 4.933119 -0.815617 0.267375 4.933119 -0.714982 0.267375 4.686862 -0.714982 0.368010 4.686862 -0.815617 0.432621 4.933119 -0.942425 0.432621 4.686862 -0.942425 0.454885 4.933119 -1.082992 0.454885 4.686862 -1.082992 0.378324 4.630343 -1.205916 
						0.321821 4.630343 -1.316808 0.233817 4.630343 -1.404813 0.140567 4.686862 -1.515613 0.267375 4.686862 -1.451001 0.233817 4.630343 -1.404813 0.122925 4.630343 -1.461315 -0.000000 4.686862 -1.537876 -0.000000 4.630343 -1.480784 -0.140567 4.686862 -1.515614 -0.122925 4.630343 -1.461316 -0.267375 4.686862 -1.451002 -0.233817 4.630343 -1.404814 -0.233817 4.630343 -1.404814 -0.321821 4.630343 -1.316809 -0.378324 4.630343 -1.205916 -0.397793 4.630343 -1.082991 -0.378324 4.630343 -0.960067 -0.321821 4.630343 -0.849175 -0.233817 4.630343 -0.761170 -0.140567 4.686862 -0.650370 -0.267375 4.686862 -0.714982 -0.233817 4.630343 -0.761170 -0.122925 4.630343 -0.704668 -0.000000 4.686862 -0.628107 -0.000000 4.630343 -0.685199 0.140567 4.686862 -0.650371 0.122925 4.630343 -0.704669 0.267375 4.686862 -0.714982 0.233817 4.630343 -0.761171 0.233817 4.630343 -0.761171 0.321821 4.630343 -0.849175 0.378323 4.630343 -0.960067 0.397793 4.630343 -1.082992 0.874712 7.678551 -1.718507 1.028286 7.678551 -1.417102 0.635516 7.678551 -1.957704 0.334110 7.678551 -2.111277 0.635516 7.678551 -1.957704 0.000000 7.678551 -2.164195 -0.334110 7.678551 -2.111277 -0.635516 7.678551 -1.957704 -0.874712 7.678551 -1.718507 -0.635516 7.678551 -1.957704 -1.028286 7.678551 -1.417102 -1.081203 7.678551 -1.082991 -1.028286 7.678551 -0.748881 -0.874712 7.678551 -0.447476 -0.635515 7.678551 -0.208280 -0.334110 7.678551 -0.054706 -0.635515 7.678551 -0.208280 -0.000000 7.678551 -0.001788 0.334110 7.678551 -0.054706 0.635515 7.678551 -0.208280 0.874712 7.678551 -0.447476 0.635515 7.678551 -0.208280 1.028285 7.678551 -0.748881 1.081203 7.678551 -1.082991 0.874712 7.698736 -1.718507 1.028286 7.698736 -1.417102 0.635516 7.698736 -1.957704 0.334110 7.698736 -2.111277 0.635516 7.698736 -1.957704 0.000000 7.698736 -2.164195 -0.334110 7.698736 -2.111277 
						-0.635516 7.698736 -1.957704 -0.874712 7.698736 -1.718507 -0.635516 7.698736 -1.957704 -1.028286 7.698736 -1.417102 -1.081203 7.698736 -1.082991 -1.028286 7.698736 -0.748881 -0.874712 7.698736 -0.447476 -0.635515 7.698736 -0.208280 -0.334110 7.698736 -0.054706 -0.635515 7.698736 -0.208280 -0.000000 7.698736 -0.001788 0.334110 7.698736 -0.054706 0.635515 7.698736 -0.208280 0.874712 7.698736 -0.447476 0.635515 7.698736 -0.208280 1.028285 7.698736 -0.748881 1.081203 7.698736 -1.082991 0.797346 7.763328 -1.662297 0.937337 7.763328 -1.387551 0.874712 7.698736 -1.718507 0.635516 7.698736 -1.957704 0.579306 7.763328 -1.880338 0.797346 7.763328 -1.662297 0.334110 7.698736 -2.111277 0.304559 7.763328 -2.020329 0.000000 7.698736 -2.164195 -0.000000 7.763328 -2.068565 -0.334110 7.698736 -2.111277 -0.304559 7.763328 -2.020329 -0.635516 7.698736 -1.957704 -0.579306 7.763328 -1.880338 -0.874712 7.698736 -1.718507 -0.797346 7.763328 -1.662297 -0.937337 7.763328 -1.387551 -0.797346 7.763328 -1.662297 -0.985574 7.763328 -1.082991 -0.937337 7.763328 -0.778432 -0.797346 7.763328 -0.503686 -0.874712 7.698736 -0.447476 -0.635515 7.698736 -0.208280 -0.579306 7.763328 -0.285645 -0.797346 7.763328 -0.503686 -0.334110 7.698736 -0.054706 -0.304559 7.763328 -0.145655 -0.000000 7.698736 -0.001788 -0.000000 7.763328 -0.097418 0.334110 7.698736 -0.054706 0.304559 7.763328 -0.145655 0.635515 7.698736 -0.208280 0.579305 7.763328 -0.285646 0.874712 7.698736 -0.447476 0.797346 7.763328 -0.503686 0.937336 7.763328 -0.778432 0.797346 7.763328 -0.503686 0.985573 7.763328 -1.082991 0.937337 7.763328 -1.387551 0.797346 7.763328 -1.662297 0.797346 7.781495 -1.662297 0.937337 7.781495 -1.387551 0.579306 7.763328 -1.880338 0.579306 7.781495 -1.880338 0.579306 7.763328 -1.880338 0.304559 7.763328 -2.020329 0.304559 7.781495 -2.020329 
						0.579306 7.781495 -1.880338 -0.000000 7.763328 -2.068565 -0.000000 7.781495 -2.068565 -0.304559 7.763328 -2.020329 -0.304559 7.781495 -2.020329 -0.579306 7.763328 -1.880338 -0.579306 7.781495 -1.880338 -0.579306 7.763328 -1.880338 -0.797346 7.763328 -1.662297 -0.797346 7.781495 -1.662297 -0.579306 7.781495 -1.880338 -0.937337 7.763328 -1.387551 -0.937337 7.781495 -1.387551 -0.985574 7.763328 -1.082991 -0.985574 7.781495 -1.082991 -0.937337 7.763328 -0.778432 -0.937337 7.781495 -0.778432 -0.797346 7.763328 -0.503686 -0.797346 7.781495 -0.503686 -0.579306 7.763328 -0.285645 -0.579306 7.781495 -0.285645 -0.579306 7.763328 -0.285645 -0.304559 7.763328 -0.145655 -0.304559 7.781495 -0.145655 -0.579306 7.781495 -0.285645 -0.000000 7.763328 -0.097418 -0.000000 7.781495 -0.097418 0.304559 7.763328 -0.145655 0.304559 7.781495 -0.145655 0.579305 7.763328 -0.285646 0.579305 7.781495 -0.285646 0.579305 7.763328 -0.285646 0.797346 7.763328 -0.503686 0.797346 7.781495 -0.503686 0.579305 7.781495 -0.285646 0.937336 7.763328 -0.778432 0.937336 7.781495 -0.778432 0.985573 7.763328 -1.082991 0.985573 7.781495 -1.082991 0.937337 7.781495 -1.387551 0.797346 7.781495 -1.662297 0.813512 7.791587 -1.674043 0.956341 7.791587 -1.393725 0.579306 7.781495 -1.880338 0.591051 7.791587 -1.896504 0.304559 7.781495 -2.020329 0.310734 7.791587 -2.039332 -0.000000 7.781495 -2.068565 -0.000000 7.791587 -2.088547 -0.304559 7.781495 -2.020329 -0.310734 7.791587 -2.039332 -0.579306 7.781495 -1.880338 -0.591051 7.791587 -1.896504 -0.797346 7.781495 -1.662297 -0.813512 7.791587 -1.674043 -0.937337 7.781495 -1.387551 -0.956341 7.791587 -1.393725 -0.985574 7.781495 -1.082991 -1.005556 7.791587 -1.082991 -0.937337 7.781495 -0.778432 -0.956341 7.791587 -0.772257 -0.797346 7.781495 -0.503686 -0.813512 7.791587 -0.491940 -0.579306 7.781495 -0.285645 
						-0.591051 7.791587 -0.269480 -0.304559 7.781495 -0.145655 -0.310734 7.791587 -0.126651 -0.000000 7.781495 -0.097418 -0.000000 7.791587 -0.077436 0.304559 7.781495 -0.145655 0.310734 7.791587 -0.126651 0.579305 7.781495 -0.285646 0.591051 7.791587 -0.269480 0.797346 7.781495 -0.503686 0.813512 7.791587 -0.491941 0.937336 7.781495 -0.778432 0.956340 7.791587 -0.772258 0.985573 7.781495 -1.082991 1.005556 7.791587 -1.082991 0.956341 7.791587 -1.393725 0.813512 7.791587 -1.674043 0.813512 7.858199 -1.674043 0.956341 7.858199 -1.393725 0.591051 7.791587 -1.896504 0.591051 7.858199 -1.896504 0.591051 7.791587 -1.896504 0.310734 7.791587 -2.039332 0.310734 7.858199 -2.039332 0.591051 7.858199 -1.896504 -0.000000 7.791587 -2.088547 -0.000000 7.858199 -2.088547 -0.310734 7.791587 -2.039332 -0.310734 7.858199 -2.039332 -0.591051 7.791587 -1.896504 -0.591051 7.858199 -1.896504 -0.591051 7.791587 -1.896504 -0.813512 7.791587 -1.674043 -0.813512 7.858199 -1.674043 -0.591051 7.858199 -1.896504 -0.956341 7.791587 -1.393725 -0.956341 7.858199 -1.393725 -1.005556 7.791587 -1.082991 -1.005556 7.858199 -1.082991 -0.956341 7.791587 -0.772257 -0.956341 7.858199 -0.772257 -0.813512 7.791587 -0.491940 -0.813512 7.858199 -0.491940 -0.591051 7.791587 -0.269480 -0.591051 7.858199 -0.269480 -0.591051 7.791587 -0.269480 -0.310734 7.791587 -0.126651 -0.310734 7.858199 -0.126651 -0.591051 7.858199 -0.269480 -0.000000 7.791587 -0.077436 -0.000000 7.858199 -0.077436 0.310734 7.791587 -0.126651 0.310734 7.858199 -0.126651 0.591051 7.791587 -0.269480 0.591051 7.858199 -0.269480 0.591051 7.791587 -0.269480 0.813512 7.791587 -0.491941 0.813512 7.858199 -0.491941 0.591051 7.858199 -0.269480 0.956340 7.791587 -0.772258 0.956340 7.858199 -0.772258 1.005556 7.791587 -1.082991 1.005556 7.858199 -1.082991 0.956341 7.858199 -1.393725 
						0.813512 7.858199 -1.674043 0.800810 7.868291 -1.664814 0.941409 7.868291 -1.388874 0.813512 7.858199 -1.674043 0.591051 7.858199 -1.896504 0.581823 7.868291 -1.883802 0.800810 7.868291 -1.664814 0.591051 7.858199 -1.896504 0.310734 7.858199 -2.039332 0.305882 7.868291 -2.024400 0.581823 7.868291 -1.883802 0.310734 7.858199 -2.039332 -0.000000 7.858199 -2.088547 -0.000000 7.868291 -2.072847 0.305882 7.868291 -2.024400 -0.000000 7.858199 -2.088547 -0.310734 7.858199 -2.039332 -0.305882 7.868291 -2.024400 -0.310734 7.858199 -2.039332 -0.591051 7.858199 -1.896504 -0.581822 7.868291 -1.883802 -0.305882 7.868291 -2.024400 -0.591051 7.858199 -1.896504 -0.813512 7.858199 -1.674043 -0.800810 7.868291 -1.664814 -0.581822 7.868291 -1.883802 -0.813512 7.858199 -1.674043 -0.956341 7.858199 -1.393725 -0.941409 7.868291 -1.388874 -0.800810 7.868291 -1.664814 -0.956341 7.858199 -1.393725 -1.005556 7.858199 -1.082991 -0.989855 7.868291 -1.082991 -0.941409 7.868291 -1.388874 -1.005556 7.858199 -1.082991 -0.956341 7.858199 -0.772257 -0.941409 7.868291 -0.777109 -0.956341 7.858199 -0.772257 -0.813512 7.858199 -0.491940 -0.800810 7.868291 -0.501169 -0.941409 7.868291 -0.777109 -0.813512 7.858199 -0.491940 -0.591051 7.858199 -0.269480 -0.581822 7.868291 -0.282182 -0.800810 7.868291 -0.501169 -0.591051 7.858199 -0.269480 -0.310734 7.858199 -0.126651 -0.305882 7.868291 -0.141583 -0.581822 7.868291 -0.282182 -0.310734 7.858199 -0.126651 -0.000000 7.858199 -0.077436 -0.000000 7.868291 -0.093136 -0.305882 7.868291 -0.141583 -0.000000 7.858199 -0.077436 0.310734 7.858199 -0.126651 0.305882 7.868291 -0.141583 0.310734 7.858199 -0.126651 0.591051 7.858199 -0.269480 0.581822 7.868291 -0.282182 0.305882 7.868291 -0.141583 0.591051 7.858199 -0.269480 0.813512 7.858199 -0.491941 0.800810 7.868291 -0.501169 0.581822 7.868291 -0.282182 
						0.813512 7.858199 -0.491941 0.956340 7.858199 -0.772258 0.941408 7.868291 -0.777109 0.800810 7.868291 -0.501169 0.956340 7.858199 -0.772258 1.005556 7.858199 -1.082991 0.989855 7.868291 -1.082991 0.941408 7.868291 -0.777109 1.005556 7.858199 -1.082991 0.956341 7.858199 -1.393725 0.941409 7.868291 -1.388874 0.800810 7.868291 -1.664814 0.800810 8.156939 -1.664814 0.941409 8.156939 -1.388874 0.581823 7.868291 -1.883802 0.581823 8.156939 -1.883802 0.581823 7.868291 -1.883802 0.305882 7.868291 -2.024400 0.305882 8.156939 -2.024400 0.581823 8.156939 -1.883802 -0.000000 7.868291 -2.072847 -0.000000 8.156939 -2.072847 -0.305882 7.868291 -2.024400 -0.305882 8.156939 -2.024400 -0.581822 7.868291 -1.883802 -0.581822 8.156939 -1.883802 -0.581822 7.868291 -1.883802 -0.800810 7.868291 -1.664814 -0.800810 8.156939 -1.664814 -0.581822 8.156939 -1.883802 -0.941409 8.156939 -1.388874 -0.989855 8.156939 -1.082991 -0.941409 8.156939 -0.777109 -0.800810 7.868291 -0.501169 -0.800810 8.156939 -0.501169 -0.581822 7.868291 -0.282182 -0.581822 8.156939 -0.282182 -0.581822 7.868291 -0.282182 -0.305882 7.868291 -0.141583 -0.305882 8.156939 -0.141583 -0.581822 8.156939 -0.282182 -0.000000 7.868291 -0.093136 -0.000000 8.156939 -0.093136 0.305882 7.868291 -0.141583 0.305882 8.156939 -0.141583 0.581822 7.868291 -0.282182 0.581822 8.156939 -0.282182 0.581822 7.868291 -0.282182 0.800810 7.868291 -0.501169 0.800810 8.156939 -0.501169 0.581822 8.156939 -0.282182 0.941408 8.156939 -0.777109 0.989855 8.156939 -1.082991 0.800810 8.179142 -1.664814 0.941409 8.179142 -1.388874 0.581823 8.179142 -1.883802 0.305882 8.179142 -2.024400 0.581823 8.179142 -1.883802 -0.000000 8.179142 -2.072847 -0.305882 8.179142 -2.024400 -0.581822 8.179142 -1.883802 -0.800810 8.179142 -1.664814 -0.581822 8.179142 -1.883802 -0.941409 8.179142 -1.388874 
						-0.989855 8.179142 -1.082991 -0.941409 8.179142 -0.777109 -0.800810 8.179142 -0.501169 -0.581822 8.179142 -0.282182 -0.305882 8.179142 -0.141583 -0.581822 8.179142 -0.282182 -0.000000 8.179142 -0.093136 0.305882 8.179142 -0.141583 0.581822 8.179142 -0.282182 0.800810 8.179142 -0.501169 0.581822 8.179142 -0.282182 0.941408 8.179142 -0.777109 0.989855 8.179142 -1.082992 0.941409 8.179142 -1.388874 0.800810 8.179142 -1.664814 0.818131 8.193271 -1.677398 0.961770 8.193271 -1.395490 0.581823 8.179142 -1.883802 0.594407 8.193271 -1.901123 0.305882 8.179142 -2.024400 0.312498 8.193271 -2.044762 -0.000000 8.179142 -2.072847 -0.000000 8.193271 -2.094256 -0.305882 8.179142 -2.024400 -0.312498 8.193271 -2.044762 -0.581822 8.179142 -1.883802 -0.594407 8.193271 -1.901123 -0.800810 8.179142 -1.664814 -0.818131 8.193271 -1.677398 -0.941409 8.179142 -1.388874 -0.961770 8.193271 -1.395490 -1.011265 8.193271 -1.082991 -0.961770 8.193271 -1.395490 -0.961770 8.193271 -0.770493 -0.941409 8.179142 -0.777109 -0.800810 8.179142 -0.501169 -0.818131 8.193271 -0.488585 -0.961770 8.193271 -0.770493 -0.581822 8.179142 -0.282182 -0.594407 8.193271 -0.264861 -0.305882 8.179142 -0.141583 -0.312498 8.193271 -0.121221 -0.000000 8.179142 -0.093136 -0.000000 8.193271 -0.071727 0.305882 8.179142 -0.141583 0.312498 8.193271 -0.121221 0.581822 8.179142 -0.282182 0.594406 8.193271 -0.264861 0.800810 8.179142 -0.501169 0.818131 8.193271 -0.488585 0.941408 8.179142 -0.777109 0.961769 8.193271 -0.770493 1.011265 8.193271 -1.082992 0.961769 8.193271 -0.770493 0.961770 8.193271 -1.395490 0.961770 8.193271 -1.395490 0.818131 8.193271 -1.677398 0.818131 8.274011 -1.677398 0.961770 8.274011 -1.395490 0.594407 8.193271 -1.901123 0.594407 8.274011 -1.901123 0.594407 8.193271 -1.901123 0.312498 8.193271 -2.044762 0.312498 8.274011 -2.044762 
						0.594407 8.274011 -1.901123 -0.000000 8.193271 -2.094256 -0.000000 8.274011 -2.094256 -0.312498 8.193271 -2.044762 -0.312498 8.274011 -2.044762 -0.594407 8.193271 -1.901123 -0.594407 8.274011 -1.901123 -0.594407 8.193271 -1.901123 -0.818131 8.193271 -1.677398 -0.818131 8.274011 -1.677398 -0.594407 8.274011 -1.901123 -0.961770 8.193271 -1.395490 -0.961770 8.274011 -1.395490 -1.011265 8.193271 -1.082991 -1.011265 8.274011 -1.082991 -0.961770 8.193271 -0.770493 -0.961770 8.274011 -0.770493 -0.818131 8.193271 -0.488585 -0.818131 8.274011 -0.488585 -0.594407 8.193271 -0.264861 -0.594407 8.274011 -0.264861 -0.594407 8.193271 -0.264861 -0.312498 8.193271 -0.121221 -0.312498 8.274011 -0.121221 -0.594407 8.274011 -0.264861 -0.000000 8.193271 -0.071727 -0.000000 8.274011 -0.071727 0.312498 8.193271 -0.121221 0.312498 8.274011 -0.121221 0.594406 8.193271 -0.264861 0.594406 8.274011 -0.264861 0.594406 8.193271 -0.264861 0.818131 8.193271 -0.488585 0.818131 8.274011 -0.488585 0.594406 8.274011 -0.264861 0.961769 8.193271 -0.770493 0.961769 8.274011 -0.770493 1.011265 8.193271 -1.082992 1.011265 8.274011 -1.082992 0.844689 8.322456 -1.696694 0.992992 8.322456 -1.405634 0.613703 8.322456 -1.927681 0.322643 8.322456 -2.075984 0.613703 8.322456 -1.927681 -0.000000 8.322456 -2.127084 -0.322643 8.322456 -2.075984 -0.613702 8.322456 -1.927681 -0.844689 8.322456 -1.696694 -0.613702 8.322456 -1.927681 -0.992991 8.322456 -1.405634 -1.044093 8.322456 -1.082991 -0.992991 8.322456 -0.760349 -0.844689 8.322456 -0.469289 -0.613702 8.322456 -0.238302 -0.322642 8.322456 -0.090000 -0.613702 8.322456 -0.238302 -0.000000 8.322456 -0.038899 0.322642 8.322456 -0.090000 0.613702 8.322456 -0.238303 0.844689 8.322456 -0.469289 0.613702 8.322456 -0.238303 0.992990 8.322456 -0.760349 1.044093 8.322456 -1.082991 0.992992 8.322456 -1.405634 
						0.844689 8.322456 -1.696694 0.844689 8.413290 -1.696694 0.992991 8.413290 -1.405635 0.613703 8.322456 -1.927681 0.613703 8.413290 -1.927681 0.613703 8.322456 -1.927681 0.322643 8.322456 -2.075984 0.322643 8.413290 -2.075984 0.613703 8.413290 -1.927681 -0.000000 8.322456 -2.127084 -0.000000 8.413290 -2.127084 -0.322643 8.322456 -2.075984 -0.322643 8.413290 -2.075984 -0.613702 8.322456 -1.927681 -0.613702 8.413290 -1.927681 -0.613702 8.322456 -1.927681 -0.844689 8.322456 -1.696694 -0.844689 8.413290 -1.696694 -0.613702 8.413290 -1.927681 -0.992991 8.322456 -1.405634 -0.992991 8.413290 -1.405634 -1.044093 8.322456 -1.082991 -1.044093 8.413290 -1.082991 -0.992991 8.322456 -0.760349 -0.992991 8.413290 -0.760349 -0.844689 8.322456 -0.469289 -0.844689 8.413290 -0.469289 -0.613702 8.322456 -0.238302 -0.613702 8.413290 -0.238303 -0.613702 8.322456 -0.238302 -0.322642 8.322456 -0.090000 -0.322642 8.413290 -0.090000 -0.613702 8.413290 -0.238303 -0.000000 8.322456 -0.038899 -0.000000 8.413290 -0.038899 0.322642 8.322456 -0.090000 0.322642 8.413290 -0.090000 0.613702 8.322456 -0.238303 0.613702 8.413290 -0.238303 0.613702 8.322456 -0.238303 0.844689 8.322456 -0.469289 0.844689 8.413290 -0.469289 0.613702 8.413290 -0.238303 0.992990 8.322456 -0.760349 0.992990 8.413290 -0.760349 1.044093 8.322456 -1.082991 1.044093 8.413290 -1.082992 0.851617 8.423382 -1.701728 1.001136 8.423382 -1.408281 0.618736 8.423382 -1.934609 0.325289 8.423382 -2.084128 0.618736 8.423382 -1.934609 -0.000000 8.423382 -2.135648 -0.325289 8.423382 -2.084128 -0.618736 8.423382 -1.934609 -0.851617 8.423382 -1.701728 -0.618736 8.423382 -1.934609 -1.001136 8.423382 -1.408281 -1.052656 8.423382 -1.082991 -1.001136 8.423382 -0.757702 -0.851617 8.423382 -0.464255 -0.618736 8.423382 -0.231375 -0.325289 8.423382 -0.081856 -0.618736 8.423382 -0.231375 
						-0.000000 8.423382 -0.030335 0.325289 8.423382 -0.081856 0.618736 8.423382 -0.231375 0.851617 8.423382 -0.464256 0.618736 8.423382 -0.231375 1.001135 8.423382 -0.757702 1.052656 8.423382 -1.082992 1.001136 8.423382 -1.408281 0.851617 8.423382 -1.701728 0.851617 8.522288 -1.701728 1.001136 8.522288 -1.408281 0.618736 8.423382 -1.934609 0.618736 8.522288 -1.934609 0.618736 8.423382 -1.934609 0.325289 8.423382 -2.084128 0.325289 8.522288 -2.084128 0.618736 8.522288 -1.934609 -0.000000 8.423382 -2.135648 -0.000000 8.522288 -2.135648 -0.325289 8.423382 -2.084128 -0.325289 8.522288 -2.084128 -0.618736 8.423382 -1.934609 -0.618736 8.522288 -1.934609 -0.618736 8.423382 -1.934609 -0.851617 8.423382 -1.701728 -0.851617 8.522288 -1.701727 -0.618736 8.522288 -1.934609 -1.001136 8.423382 -1.408281 -1.001136 8.522288 -1.408281 -1.052656 8.423382 -1.082991 -1.052656 8.522288 -1.082991 -1.001136 8.423382 -0.757702 -1.001136 8.522288 -0.757702 -0.851617 8.423382 -0.464255 -0.851617 8.522288 -0.464256 -0.618736 8.423382 -0.231375 -0.618736 8.522288 -0.231375 -0.618736 8.423382 -0.231375 -0.325289 8.423382 -0.081856 -0.325289 8.522288 -0.081856 -0.618736 8.522288 -0.231375 -0.000000 8.423382 -0.030335 -0.000000 8.522288 -0.030335 0.325289 8.423382 -0.081856 0.325289 8.522288 -0.081856 0.618736 8.423382 -0.231375 0.618735 8.522288 -0.231375 0.618736 8.423382 -0.231375 0.851617 8.423382 -0.464256 0.851617 8.522288 -0.464256 0.618735 8.522288 -0.231375 1.001135 8.423382 -0.757702 1.001135 8.522288 -0.757702 1.052656 8.423382 -1.082992 1.052656 8.522288 -1.082992 0.830832 8.544493 -1.686626 0.976702 8.544493 -1.400342 0.851617 8.522288 -1.701728 0.618736 8.522288 -1.934609 0.603635 8.544493 -1.913824 0.830832 8.544493 -1.686626 0.325289 8.522288 -2.084128 0.317350 8.544493 -2.059694 -0.000000 8.522288 -2.135648 
						-0.000000 8.544493 -2.109957 -0.325289 8.522288 -2.084128 -0.317350 8.544493 -2.059694 -0.618736 8.522288 -1.934609 -0.603635 8.544493 -1.913824 -0.851617 8.522288 -1.701727 -0.830832 8.544493 -1.686626 -0.976702 8.544493 -1.400342 -0.830832 8.544493 -1.686626 -1.026965 8.544493 -1.082991 -0.976702 8.544493 -0.765641 -0.830832 8.544493 -0.479357 -0.851617 8.522288 -0.464256 -0.618736 8.522288 -0.231375 -0.603635 8.544493 -0.252160 -0.830832 8.544493 -0.479357 -0.325289 8.522288 -0.081856 -0.317350 8.544493 -0.106290 -0.000000 8.522288 -0.030335 -0.000000 8.544493 -0.056027 0.325289 8.522288 -0.081856 0.317350 8.544493 -0.106290 0.618735 8.522288 -0.231375 0.603634 8.544493 -0.252160 0.851617 8.522288 -0.464256 0.830832 8.544493 -0.479357 0.976701 8.544493 -0.765642 0.830832 8.544493 -0.479357 1.026965 8.544493 -1.082992 0.976702 8.544493 -1.400342 0.830832 8.544493 -1.686626 0.767323 8.617159 -1.640484 0.902043 8.617159 -1.376084 0.830832 8.544493 -1.686626 0.603635 8.544493 -1.913824 0.557493 8.617159 -1.850315 0.767323 8.617159 -1.640484 0.317350 8.544493 -2.059694 0.293091 8.617159 -1.985034 -0.000000 8.544493 -2.109957 -0.000000 8.617159 -2.031455 -0.317350 8.544493 -2.059694 -0.293091 8.617159 -1.985034 -0.603635 8.544493 -1.913824 -0.557493 8.617159 -1.850315 -0.830832 8.544493 -1.686626 -0.767323 8.617159 -1.640484 -0.830832 8.544493 -1.686626 -0.976702 8.544493 -1.400342 -0.902042 8.617159 -1.376083 -0.767323 8.617159 -1.640484 -1.026965 8.544493 -1.082991 -0.948463 8.617159 -1.082991 -0.976702 8.544493 -0.765641 -0.902042 8.617159 -0.789900 -0.830832 8.544493 -0.479357 -0.767323 8.617159 -0.525499 -0.830832 8.544493 -0.479357 -0.603635 8.544493 -0.252160 -0.557493 8.617159 -0.315669 -0.767323 8.617159 -0.525499 -0.317350 8.544493 -0.106290 -0.293091 8.617159 -0.180950 -0.000000 8.544493 -0.056027 
						-0.000000 8.617159 -0.134529 0.317350 8.544493 -0.106290 0.293091 8.617159 -0.180950 0.603634 8.544493 -0.252160 0.557492 8.617159 -0.315669 0.830832 8.544493 -0.479357 0.767323 8.617159 -0.525499 0.830832 8.544493 -0.479357 0.976701 8.544493 -0.765642 0.902041 8.617159 -0.789900 0.767323 8.617159 -0.525499 1.026965 8.544493 -1.082992 0.948463 8.617159 -1.082992 0.902043 8.617159 -1.376084 0.767323 8.617159 -1.640484 0.722218 8.617159 -1.607714 0.849019 8.617159 -1.358855 0.557493 8.617159 -1.850315 0.524722 8.617159 -1.805210 0.293091 8.617159 -1.985034 0.275863 8.617159 -1.932010 -0.000000 8.617159 -2.031455 -0.000000 8.617159 -1.975702 -0.293091 8.617159 -1.985034 -0.275863 8.617159 -1.932010 -0.557493 8.617159 -1.850315 -0.524722 8.617159 -1.805210 -0.767323 8.617159 -1.640484 -0.722218 8.617159 -1.607713 -0.767323 8.617159 -1.640484 -0.902042 8.617159 -1.376083 -0.849018 8.617159 -1.358855 -0.722218 8.617159 -1.607713 -0.948463 8.617159 -1.082991 -0.892711 8.617159 -1.082991 -0.902042 8.617159 -0.789900 -0.849018 8.617159 -0.807128 -0.767323 8.617159 -0.525499 -0.722218 8.617159 -0.558269 -0.767323 8.617159 -0.525499 -0.557493 8.617159 -0.315669 -0.524722 8.617159 -0.360774 -0.722218 8.617159 -0.558269 -0.557493 8.617159 -0.315669 -0.293091 8.617159 -0.180950 -0.275863 8.617159 -0.233974 -0.524722 8.617159 -0.360774 -0.293091 8.617159 -0.180950 -0.000000 8.617159 -0.134529 -0.000000 8.617159 -0.190282 -0.275863 8.617159 -0.233974 -0.000000 8.617159 -0.134529 0.293091 8.617159 -0.180950 0.275863 8.617159 -0.233974 -0.000000 8.617159 -0.190282 0.557492 8.617159 -0.315669 0.524722 8.617159 -0.360774 0.767323 8.617159 -0.525499 0.722218 8.617159 -0.558270 0.902041 8.617159 -0.789900 0.849018 8.617159 -0.807129 0.948463 8.617159 -1.082992 0.892711 8.617159 -1.082992 0.849019 8.617159 -1.358855 
						0.722218 8.617159 -1.607714 0.722218 8.635165 -1.607714 0.849019 8.635165 -1.358855 0.524722 8.617159 -1.805210 0.524722 8.635165 -1.805210 0.524722 8.617159 -1.805210 0.275863 8.617159 -1.932010 0.275863 8.635165 -1.932010 0.524722 8.635165 -1.805210 -0.000000 8.617159 -1.975702 -0.000000 8.635165 -1.975702 -0.275863 8.617159 -1.932010 -0.275863 8.635165 -1.932010 -0.524722 8.617159 -1.805210 -0.524722 8.635165 -1.805210 -0.524722 8.617159 -1.805210 -0.722218 8.617159 -1.607713 -0.722218 8.635165 -1.607713 -0.524722 8.635165 -1.805210 -0.849018 8.617159 -1.358855 -0.849018 8.635165 -1.358855 -0.892711 8.617159 -1.082991 -0.892711 8.635165 -1.082991 -0.849018 8.617159 -0.807128 -0.849018 8.635165 -0.807128 -0.722218 8.617159 -0.558269 -0.722218 8.635165 -0.558269 -0.524722 8.617159 -0.360774 -0.524722 8.635165 -0.360774 -0.524722 8.617159 -0.360774 -0.275863 8.617159 -0.233974 -0.275863 8.635165 -0.233974 -0.524722 8.635165 -0.360774 -0.000000 8.617159 -0.190282 -0.000000 8.635165 -0.190282 0.275863 8.617159 -0.233974 0.275863 8.635165 -0.233974 0.524722 8.617159 -0.360774 0.524722 8.635165 -0.360774 0.524722 8.617159 -0.360774 0.722218 8.617159 -0.558270 0.722218 8.635165 -0.558270 0.524722 8.635165 -0.360774 0.849018 8.617159 -0.807129 0.849018 8.635165 -0.807129 0.892711 8.617159 -1.082992 0.892711 8.635165 -1.082992 0.849019 8.635165 -1.358855 0.722218 8.635165 -1.607714 0.747970 8.651373 -1.626424 0.879292 8.651373 -1.368692 0.524722 8.635165 -1.805210 0.543433 8.651373 -1.830963 0.275863 8.635165 -1.932010 0.285700 8.651373 -1.962284 -0.000000 8.635165 -1.975702 -0.000000 8.651373 -2.007534 -0.275863 8.635165 -1.932010 -0.285699 8.651373 -1.962284 -0.524722 8.635165 -1.805210 -0.543433 8.651373 -1.830962 -0.722218 8.635165 -1.607713 -0.747970 8.651373 -1.626424 -0.849018 8.635165 -1.358855 
						-0.879292 8.651373 -1.368691 -0.892711 8.635165 -1.082991 -0.924542 8.651373 -1.082991 -0.849018 8.635165 -0.807128 -0.879292 8.651373 -0.797292 -0.722218 8.635165 -0.558269 -0.747970 8.651373 -0.539559 -0.524722 8.635165 -0.360774 -0.543433 8.651373 -0.335021 -0.275863 8.635165 -0.233974 -0.285699 8.651373 -0.203700 -0.000000 8.635165 -0.190282 -0.000000 8.651373 -0.158450 0.275863 8.635165 -0.233974 0.285699 8.651373 -0.203700 0.524722 8.635165 -0.360774 0.543432 8.651373 -0.335022 0.722218 8.635165 -0.558270 0.747970 8.651373 -0.539560 0.849018 8.635165 -0.807129 0.879291 8.651373 -0.797292 0.892711 8.635165 -1.082992 0.924542 8.651373 -1.082992 0.879292 8.651373 -1.368692 0.747970 8.651373 -1.626424 0.675863 8.800830 -1.574035 0.794525 8.800830 -1.341149 0.543433 8.651373 -1.830963 0.491043 8.800830 -1.758855 0.285700 8.651373 -1.962284 0.258157 8.800830 -1.877517 -0.000000 8.651373 -2.007534 -0.000000 8.800830 -1.918404 -0.285699 8.651373 -1.962284 -0.258157 8.800830 -1.877517 -0.543433 8.651373 -1.830962 -0.491043 8.800830 -1.758855 -0.747970 8.651373 -1.626424 -0.675863 8.800830 -1.574035 -0.879292 8.651373 -1.368691 -0.794524 8.800830 -1.341148 -0.924542 8.651373 -1.082991 -0.835413 8.800830 -1.082991 -0.879292 8.651373 -0.797292 -0.794524 8.800830 -0.824835 -0.747970 8.651373 -0.539559 -0.675863 8.800830 -0.591948 -0.543433 8.651373 -0.335021 -0.491043 8.800830 -0.407129 -0.285699 8.651373 -0.203700 -0.258157 8.800830 -0.288467 -0.000000 8.651373 -0.158450 -0.000000 8.800830 -0.247580 0.285699 8.651373 -0.203700 0.258157 8.800830 -0.288467 0.543432 8.651373 -0.335022 0.491043 8.800830 -0.407129 0.747970 8.651373 -0.539560 0.675863 8.800830 -0.591949 0.879291 8.651373 -0.797292 0.794524 8.800830 -0.824835 0.924542 8.651373 -1.082992 0.835413 8.800830 -1.082992 0.794525 8.800830 -1.341149 
						0.675863 8.800830 -1.574035 0.529588 8.822437 -1.467760 0.622569 8.822437 -1.285277 0.491043 8.800830 -1.758855 0.384769 8.822437 -1.612581 0.258157 8.800830 -1.877517 0.202285 8.822437 -1.705561 -0.000000 8.800830 -1.918404 -0.000000 8.822437 -1.737599 -0.258157 8.800830 -1.877517 -0.202285 8.822437 -1.705561 -0.491043 8.800830 -1.758855 -0.384769 8.822437 -1.612580 -0.675863 8.800830 -1.574035 -0.529588 8.822437 -1.467760 -0.794524 8.800830 -1.341148 -0.622569 8.822437 -1.285276 -0.835413 8.800830 -1.082991 -0.654607 8.822437 -1.082991 -0.794524 8.800830 -0.824835 -0.622569 8.822437 -0.880707 -0.675863 8.800830 -0.591948 -0.529588 8.822437 -0.698223 -0.491043 8.800830 -0.407129 -0.384769 8.822437 -0.553404 -0.258157 8.800830 -0.288467 -0.202285 8.822437 -0.460423 -0.000000 8.800830 -0.247580 -0.000000 8.822437 -0.428385 0.258157 8.800830 -0.288467 0.202285 8.822437 -0.460423 0.491043 8.800830 -0.407129 0.384768 8.822437 -0.553404 0.675863 8.800830 -0.591949 0.529588 8.822437 -0.698224 0.794524 8.800830 -0.824835 0.622568 8.822437 -0.880707 0.835413 8.800830 -1.082992 0.654607 8.822437 -1.082992 0.622569 8.822437 -1.285277 0.529588 8.822437 -1.467760 0.529588 8.899866 -1.467760 0.622569 8.899866 -1.285277 0.610776 8.793859 -1.548947 0.465956 8.793859 -1.693767 0.464038 8.888726 -1.691849 0.608858 8.888726 -1.547029 0.384769 8.822437 -1.612581 0.202285 8.822437 -1.705561 0.202285 8.899866 -1.705561 0.384769 8.899866 -1.612580 0.220246 8.793859 -1.818963 0.017961 8.793859 -1.851001 0.017536 8.888726 -1.848322 0.219821 8.888726 -1.816284 -0.000000 8.822437 -1.737599 -0.202285 8.822437 -1.705561 -0.202285 8.899866 -1.705560 -0.000000 8.899866 -1.737599 -0.254411 8.793859 -1.807863 -0.436894 8.793859 -1.714882 -0.435663 8.888726 -1.712465 -0.253179 8.888726 -1.805445 -0.384769 8.822437 -1.612580 
						-0.529588 8.822437 -1.467760 -0.529588 8.899866 -1.467760 -0.384769 8.899866 -1.612580 -0.631890 8.793859 -1.519886 -0.724871 8.793859 -1.337402 -0.722453 8.888726 -1.336170 -0.629473 8.888726 -1.518654 -0.622569 8.822437 -1.285276 -0.654607 8.822437 -1.082991 -0.654607 8.899866 -1.082991 -0.622568 8.899866 -1.285276 -0.768010 8.793859 -1.065030 -0.735971 8.793859 -0.862746 -0.733292 8.888726 -0.863170 -0.765330 8.888726 -1.065454 -0.622569 8.822437 -0.880707 -0.529588 8.822437 -0.698223 -0.529588 8.899866 -0.698223 -0.622568 8.899866 -0.880707 -0.610776 8.793859 -0.617036 -0.465956 8.793859 -0.472216 -0.464038 8.888726 -0.474135 -0.608857 8.888726 -0.618954 -0.384769 8.822437 -0.553404 -0.202285 8.822437 -0.460423 -0.202285 8.899866 -0.460424 -0.384769 8.899866 -0.553404 -0.220246 8.793859 -0.347021 -0.017961 8.793859 -0.314982 -0.017537 8.888726 -0.317662 -0.219821 8.888726 -0.349700 -0.000000 8.822437 -0.428385 0.202285 8.822437 -0.460423 0.202285 8.899866 -0.460424 -0.000000 8.899866 -0.428385 0.254410 8.793859 -0.358121 0.436894 8.793859 -0.451102 0.435662 8.888726 -0.453519 0.253178 8.888726 -0.360539 0.384768 8.822437 -0.553404 0.529588 8.822437 -0.698224 0.529588 8.899866 -0.698224 0.384768 8.899866 -0.553404 0.631890 8.793859 -0.646098 0.724870 8.793859 -0.828582 0.722453 8.888726 -0.829813 0.629473 8.888726 -0.647330 0.622568 8.822437 -0.880707 0.654607 8.822437 -1.082992 0.654607 8.899866 -1.082992 0.622568 8.899866 -0.880707 0.768010 8.793859 -1.100953 0.735971 8.793859 -1.303238 0.733292 8.888726 -1.302814 0.765330 8.888726 -1.100529 0.486324 9.065529 -1.436327 0.571708 9.065529 -1.268751 0.430686 9.071829 -1.646667 0.563675 9.071829 -1.513677 0.185759 9.065529 -1.654700 0.353335 9.065529 -1.569316 0.017112 9.071829 -1.792165 0.202871 9.071829 -1.762744 -0.185759 9.065529 -1.654700 
						-0.000000 9.065529 -1.684121 -0.402998 9.071829 -1.666783 -0.235422 9.071829 -1.752168 -0.486324 9.065529 -1.436327 -0.353335 9.065529 -1.569315 -0.669176 9.071829 -1.318412 -0.583792 9.071829 -1.485989 -0.601129 9.065529 -1.082991 -0.571708 9.065529 -1.268750 -0.679752 9.071829 -0.880120 -0.709173 9.071829 -1.065879 -0.486324 9.065529 -0.729657 -0.571708 9.065529 -0.897233 -0.430686 9.071829 -0.519317 -0.563675 9.071829 -0.652306 -0.185759 9.065529 -0.511284 -0.353335 9.065529 -0.596668 -0.017112 9.071829 -0.373819 -0.202871 9.071829 -0.403240 0.185759 9.065529 -0.511284 -0.000000 9.065529 -0.481863 0.402997 9.071829 -0.499200 0.235421 9.071829 -0.413816 0.486324 9.065529 -0.729657 0.353335 9.065529 -0.596668 0.669176 9.071829 -0.847571 0.583791 9.071829 -0.679995 0.601129 9.065529 -1.082992 0.571708 9.065529 -0.897233 0.679752 9.071829 -1.285863 0.709173 9.071829 -1.100104 0.571708 9.065529 -1.268751 0.486324 9.065529 -1.436327 0.067203 9.065529 -1.131818 0.079002 9.065529 -1.108661 0.486324 9.065529 -1.436327 0.353335 9.065529 -1.569316 0.048826 9.065529 -1.150195 0.067203 9.065529 -1.131818 0.353335 9.065529 -1.569316 0.185759 9.065529 -1.654700 0.025669 9.065529 -1.161994 0.185759 9.065529 -1.654700 -0.000000 9.065529 -1.684121 -0.000000 9.065529 -1.166059 -0.000000 9.065529 -1.684121 -0.185759 9.065529 -1.654700 -0.025669 9.065529 -1.161994 -0.185759 9.065529 -1.654700 -0.353335 9.065529 -1.569315 -0.048826 9.065529 -1.150195 -0.353335 9.065529 -1.569315 -0.486324 9.065529 -1.436327 -0.067203 9.065529 -1.131818 -0.048826 9.065529 -1.150195 -0.486324 9.065529 -1.436327 -0.571708 9.065529 -1.268750 -0.079002 9.065529 -1.108661 -0.571708 9.065529 -1.268750 -0.601129 9.065529 -1.082991 -0.083068 9.065529 -1.082992 -0.079002 9.065529 -1.108661 -0.601129 9.065529 -1.082991 -0.571708 9.065529 -0.897233 
						-0.079002 9.065529 -1.057322 -0.083068 9.065529 -1.082992 -0.571708 9.065529 -0.897233 -0.486324 9.065529 -0.729657 -0.067203 9.065529 -1.034166 -0.079002 9.065529 -1.057322 -0.486324 9.065529 -0.729657 -0.353335 9.065529 -0.596668 -0.048826 9.065529 -1.015788 -0.353335 9.065529 -0.596668 -0.185759 9.065529 -0.511284 -0.025669 9.065529 -1.003989 -0.185759 9.065529 -0.511284 -0.000000 9.065529 -0.481863 -0.000000 9.065529 -0.999924 -0.000000 9.065529 -0.481863 0.185759 9.065529 -0.511284 0.025669 9.065529 -1.003989 0.185759 9.065529 -0.511284 0.353335 9.065529 -0.596668 0.048826 9.065529 -1.015788 0.025669 9.065529 -1.003989 0.353335 9.065529 -0.596668 0.486324 9.065529 -0.729657 0.067203 9.065529 -1.034166 0.486324 9.065529 -0.729657 0.571708 9.065529 -0.897233 0.079002 9.065529 -1.057323 0.067203 9.065529 -1.034166 0.571708 9.065529 -0.897233 0.601129 9.065529 -1.082992 0.083068 9.065529 -1.082992 0.601129 9.065529 -1.082992 0.571708 9.065529 -1.268751 0.079002 9.065529 -1.108661 0.978315 5.438756 -1.400865 1.028660 5.635561 -1.082991 0.832204 5.438756 -1.687623 0.604632 5.635561 -1.915196 0.317874 5.635561 -2.061306 0.604632 5.635561 -1.915196 0.604632 5.399395 -1.915196 0.317874 5.399395 -2.061306 -0.000000 5.438756 -2.111652 -0.000000 5.399395 -2.111652 -0.317874 5.438756 -2.061306 -0.317874 5.399395 -2.061306 -0.604632 5.635561 -1.915196 -0.604632 5.399395 -1.915196 -0.832204 5.635561 -1.687623 -0.604632 5.635561 -1.915196 -0.978314 5.438756 -1.400865 -1.028661 5.438756 -1.082991 -0.978314 5.635561 -0.765118 -0.832204 5.635561 -0.478360 -0.604632 5.438756 -0.250787 -0.317874 5.438756 -0.104678 -0.604632 5.438756 -0.250787 -0.604632 5.399395 -0.250787 -0.317874 5.399395 -0.104678 -0.000000 5.635561 -0.054331 -0.000000 5.399395 -0.054331 0.317874 5.635561 -0.104678 0.317874 5.399395 -0.104678 
						0.604631 5.438756 -0.250787 0.604631 5.399395 -0.250787 0.832204 5.438756 -0.478360 0.604631 5.438756 -0.250787 0.978314 5.635561 -0.765118 0.978314 5.665751 -0.765118 1.028660 5.665751 -1.082991 0.832204 5.472883 -0.478360 0.604631 5.472883 -0.250787 0.317874 5.665751 -0.104678 0.604631 5.472883 -0.250787 -0.000000 5.665751 -0.054331 -0.317874 5.472883 -0.104678 -0.604632 5.472883 -0.250787 -0.832204 5.665751 -0.478360 -0.604632 5.472883 -0.250787 -0.978314 5.665751 -0.765118 -1.028661 5.472883 -1.082991 -0.978314 5.472883 -1.400865 -0.832204 5.665751 -1.687623 -0.604632 5.665751 -1.915196 -0.317874 5.472883 -2.061306 -0.604632 5.665751 -1.915196 -0.000000 5.472883 -2.111652 0.317874 5.665751 -2.061306 0.604632 5.665751 -1.915196 0.832204 5.472883 -1.687623 0.604632 5.665751 -1.915196 0.978315 5.472883 -1.400865 0.832204 5.472883 -1.687623 0.978315 5.472883 -1.400865 0.955310 5.450454 -1.393390 0.812635 5.450454 -1.673405 0.978315 5.438756 -1.400865 0.832204 5.438756 -1.687623 0.812635 5.438756 -1.673405 0.955310 5.438756 -1.393390 0.604632 5.665751 -1.915196 0.832204 5.472883 -1.687623 0.812635 5.450454 -1.673405 0.590414 5.643322 -1.895627 0.832204 5.438756 -1.687623 0.604632 5.635561 -1.915196 0.590414 5.635561 -1.895627 0.812635 5.438756 -1.673405 0.317874 5.665751 -2.061306 0.604632 5.665751 -1.915196 0.590414 5.643322 -1.895627 0.310399 5.643322 -2.038301 0.604632 5.635561 -1.915196 0.317874 5.635561 -2.061306 0.310399 5.635561 -2.038301 0.590414 5.635561 -1.895627 -0.000000 5.472883 -2.111652 0.317874 5.665751 -2.061306 0.310399 5.643322 -2.038301 -0.000000 5.450454 -2.087463 0.317874 5.635561 -2.061306 -0.000000 5.438756 -2.111652 -0.000000 5.438756 -2.087463 0.310399 5.635561 -2.038301 -0.317874 5.472883 -2.061306 -0.000000 5.472883 -2.111652 -0.000000 5.450454 -2.087463 
						-0.310399 5.450454 -2.038301 -0.000000 5.438756 -2.111652 -0.317874 5.438756 -2.061306 -0.310399 5.438756 -2.038301 -0.000000 5.438756 -2.087463 -0.604632 5.665751 -1.915196 -0.317874 5.472883 -2.061306 -0.310399 5.450454 -2.038301 -0.590414 5.643322 -1.895627 -0.317874 5.438756 -2.061306 -0.604632 5.635561 -1.915196 -0.590414 5.635561 -1.895627 -0.310399 5.438756 -2.038301 -0.832204 5.665751 -1.687623 -0.604632 5.665751 -1.915196 -0.590414 5.643322 -1.895627 -0.812635 5.643322 -1.673405 -0.604632 5.635561 -1.915196 -0.832204 5.635561 -1.687623 -0.812635 5.635561 -1.673405 -0.590414 5.635561 -1.895627 -0.978314 5.472883 -1.400865 -0.832204 5.665751 -1.687623 -0.812635 5.643322 -1.673405 -0.955309 5.450454 -1.393390 -0.832204 5.635561 -1.687623 -0.978314 5.438756 -1.400865 -0.955309 5.438756 -1.393390 -0.812635 5.635561 -1.673405 -1.028661 5.472883 -1.082991 -0.978314 5.472883 -1.400865 -0.955309 5.450454 -1.393390 -1.004472 5.450454 -1.082991 -0.978314 5.438756 -1.400865 -1.028661 5.438756 -1.082991 -1.004472 5.438756 -1.082991 -0.955309 5.438756 -1.393390 -0.978314 5.665751 -0.765118 -1.028661 5.472883 -1.082991 -1.004472 5.450454 -1.082991 -0.955309 5.643322 -0.772593 -1.028661 5.438756 -1.082991 -0.978314 5.635561 -0.765118 -0.955309 5.635561 -0.772593 -1.004472 5.438756 -1.082991 -0.832204 5.665751 -0.478360 -0.978314 5.665751 -0.765118 -0.955309 5.643322 -0.772593 -0.812635 5.643322 -0.492578 -0.978314 5.635561 -0.765118 -0.832204 5.635561 -0.478360 -0.812635 5.635561 -0.492578 -0.955309 5.635561 -0.772593 -0.604632 5.472883 -0.250787 -0.832204 5.665751 -0.478360 -0.812635 5.643322 -0.492578 -0.590414 5.450454 -0.270357 -0.832204 5.635561 -0.478360 -0.604632 5.438756 -0.250787 -0.590414 5.438756 -0.270357 -0.812635 5.635561 -0.492578 -0.317874 5.472883 -0.104678 -0.604632 5.472883 -0.250787 -0.590414 5.450454 -0.270357 
						-0.310399 5.450454 -0.127682 -0.604632 5.438756 -0.250787 -0.317874 5.438756 -0.104678 -0.310399 5.438756 -0.127683 -0.590414 5.438756 -0.270357 -0.000000 5.665751 -0.054331 -0.317874 5.472883 -0.104678 -0.310399 5.450454 -0.127682 -0.000000 5.643322 -0.078520 -0.317874 5.438756 -0.104678 -0.000000 5.635561 -0.054331 -0.000000 5.635561 -0.078520 -0.310399 5.438756 -0.127683 0.317874 5.665751 -0.104678 -0.000000 5.665751 -0.054331 -0.000000 5.643322 -0.078520 0.310399 5.643322 -0.127683 -0.000000 5.635561 -0.054331 0.317874 5.635561 -0.104678 0.310399 5.635561 -0.127683 -0.000000 5.635561 -0.078520 0.604631 5.472883 -0.250787 0.317874 5.665751 -0.104678 0.310399 5.643322 -0.127683 0.590413 5.450454 -0.270357 0.317874 5.635561 -0.104678 0.604631 5.438756 -0.250787 0.590413 5.438756 -0.270357 0.310399 5.635561 -0.127683 0.832204 5.472883 -0.478360 0.604631 5.472883 -0.250787 0.590413 5.450454 -0.270357 0.812635 5.450454 -0.492578 0.604631 5.438756 -0.250787 0.832204 5.438756 -0.478360 0.812635 5.438756 -0.492578 0.590413 5.438756 -0.270357 0.978314 5.665751 -0.765118 0.832204 5.472883 -0.478360 0.812635 5.450454 -0.492578 0.955309 5.643322 -0.772593 0.832204 5.438756 -0.478360 0.978314 5.635561 -0.765118 0.955309 5.635561 -0.772593 0.812635 5.438756 -0.492578 1.028660 5.665751 -1.082991 0.978314 5.665751 -0.765118 0.955309 5.643322 -0.772593 1.004472 5.643322 -1.082991 0.978314 5.635561 -0.765118 1.028660 5.635561 -1.082991 1.004472 5.635561 -1.082991 0.955309 5.635561 -0.772593 0.978315 5.472883 -1.400865 1.028660 5.665751 -1.082991 1.004472 5.643322 -1.082991 0.955310 5.450454 -1.393390 1.028660 5.635561 -1.082991 0.978315 5.438756 -1.400865 0.955310 5.438756 -1.393390 1.004472 5.635561 -1.082991 0.529588 8.822437 -1.467760 0.384769 8.822437 -1.612581 0.465956 8.793859 -1.693767 
						0.610776 8.793859 -1.548947 0.384769 8.822437 -1.612581 0.384769 8.899866 -1.612580 0.464038 8.888726 -1.691849 0.465956 8.793859 -1.693767 0.529588 8.899866 -1.467760 0.529588 8.822437 -1.467760 0.610776 8.793859 -1.548947 0.608858 8.888726 -1.547029 0.353335 9.065529 -1.569316 0.430686 9.071829 -1.646667 0.563675 9.071829 -1.513677 0.430686 9.071829 -1.646667 0.486324 9.065529 -1.436327 0.563675 9.071829 -1.513677 0.202285 8.822437 -1.705561 -0.000000 8.822437 -1.737599 0.017961 8.793859 -1.851001 0.220246 8.793859 -1.818963 -0.000000 8.822437 -1.737599 -0.000000 8.899866 -1.737599 0.017536 8.888726 -1.848322 0.017961 8.793859 -1.851001 0.202285 8.899866 -1.705561 0.202285 8.822437 -1.705561 0.220246 8.793859 -1.818963 0.219821 8.888726 -1.816284 -0.000000 9.065529 -1.684121 0.017112 9.071829 -1.792165 0.202871 9.071829 -1.762744 0.017112 9.071829 -1.792165 0.185759 9.065529 -1.654700 0.202871 9.071829 -1.762744 -0.202285 8.822437 -1.705561 -0.384769 8.822437 -1.612580 -0.436894 8.793859 -1.714882 -0.254411 8.793859 -1.807863 -0.384769 8.822437 -1.612580 -0.384769 8.899866 -1.612580 -0.435663 8.888726 -1.712465 -0.436894 8.793859 -1.714882 -0.202285 8.899866 -1.705560 -0.202285 8.822437 -1.705561 -0.254411 8.793859 -1.807863 -0.253179 8.888726 -1.805445 -0.353335 9.065529 -1.569315 -0.402998 9.071829 -1.666783 -0.235422 9.071829 -1.752168 -0.402998 9.071829 -1.666783 -0.185759 9.065529 -1.654700 -0.235422 9.071829 -1.752168 -0.529588 8.822437 -1.467760 -0.622569 8.822437 -1.285276 -0.724871 8.793859 -1.337402 -0.631890 8.793859 -1.519886 -0.622569 8.822437 -1.285276 -0.622568 8.899866 -1.285276 -0.722453 8.888726 -1.336170 -0.724871 8.793859 -1.337402 -0.529588 8.899866 -1.467760 -0.529588 8.822437 -1.467760 -0.631890 8.793859 -1.519886 -0.629473 8.888726 -1.518654 -0.571708 9.065529 -1.268750 
						-0.669176 9.071829 -1.318412 -0.583792 9.071829 -1.485989 -0.669176 9.071829 -1.318412 -0.486324 9.065529 -1.436327 -0.583792 9.071829 -1.485989 -0.654607 8.822437 -1.082991 -0.622569 8.822437 -0.880707 -0.735971 8.793859 -0.862746 -0.768010 8.793859 -1.065030 -0.622569 8.822437 -0.880707 -0.622568 8.899866 -0.880707 -0.733292 8.888726 -0.863170 -0.735971 8.793859 -0.862746 -0.654607 8.899866 -1.082991 -0.654607 8.822437 -1.082991 -0.768010 8.793859 -1.065030 -0.765330 8.888726 -1.065454 -0.571708 9.065529 -0.897233 -0.679752 9.071829 -0.880120 -0.709173 9.071829 -1.065879 -0.679752 9.071829 -0.880120 -0.601129 9.065529 -1.082991 -0.709173 9.071829 -1.065879 -0.529588 8.822437 -0.698223 -0.384769 8.822437 -0.553404 -0.465956 8.793859 -0.472216 -0.610776 8.793859 -0.617036 -0.384769 8.822437 -0.553404 -0.384769 8.899866 -0.553404 -0.464038 8.888726 -0.474135 -0.465956 8.793859 -0.472216 -0.529588 8.899866 -0.698223 -0.529588 8.822437 -0.698223 -0.610776 8.793859 -0.617036 -0.608857 8.888726 -0.618954 -0.353335 9.065529 -0.596668 -0.430686 9.071829 -0.519317 -0.563675 9.071829 -0.652306 -0.430686 9.071829 -0.519317 -0.486324 9.065529 -0.729657 -0.563675 9.071829 -0.652306 -0.202285 8.822437 -0.460423 -0.000000 8.822437 -0.428385 -0.017961 8.793859 -0.314982 -0.220246 8.793859 -0.347021 -0.000000 8.822437 -0.428385 -0.000000 8.899866 -0.428385 -0.017537 8.888726 -0.317662 -0.017961 8.793859 -0.314982 -0.202285 8.899866 -0.460424 -0.202285 8.822437 -0.460423 -0.220246 8.793859 -0.347021 -0.219821 8.888726 -0.349700 -0.000000 9.065529 -0.481863 -0.017112 9.071829 -0.373819 -0.202871 9.071829 -0.403240 -0.017112 9.071829 -0.373819 -0.185759 9.065529 -0.511284 -0.202871 9.071829 -0.403240 0.202285 8.822437 -0.460423 0.384768 8.822437 -0.553404 0.436894 8.793859 -0.451102 0.254410 8.793859 -0.358121 0.384768 8.822437 -0.553404 
						0.384768 8.899866 -0.553404 0.435662 8.888726 -0.453519 0.436894 8.793859 -0.451102 0.202285 8.899866 -0.460424 0.202285 8.822437 -0.460423 0.254410 8.793859 -0.358121 0.253178 8.888726 -0.360539 0.353335 9.065529 -0.596668 0.402997 9.071829 -0.499200 0.235421 9.071829 -0.413816 0.402997 9.071829 -0.499200 0.185759 9.065529 -0.511284 0.235421 9.071829 -0.413816 0.529588 8.822437 -0.698224 0.622568 8.822437 -0.880707 0.724870 8.793859 -0.828582 0.631890 8.793859 -0.646098 0.622568 8.822437 -0.880707 0.622568 8.899866 -0.880707 0.722453 8.888726 -0.829813 0.724870 8.793859 -0.828582 0.529588 8.899866 -0.698224 0.529588 8.822437 -0.698224 0.631890 8.793859 -0.646098 0.629473 8.888726 -0.647330 0.571708 9.065529 -0.897233 0.669176 9.071829 -0.847571 0.583791 9.071829 -0.679995 0.669176 9.071829 -0.847571 0.486324 9.065529 -0.729657 0.583791 9.071829 -0.679995 0.654607 8.822437 -1.082992 0.622569 8.822437 -1.285277 0.735971 8.793859 -1.303238 0.768010 8.793859 -1.100953 0.622569 8.822437 -1.285277 0.622569 8.899866 -1.285277 0.733292 8.888726 -1.302814 0.735971 8.793859 -1.303238 0.654607 8.899866 -1.082992 0.654607 8.822437 -1.082992 0.768010 8.793859 -1.100953 0.765330 8.888726 -1.100529 0.571708 9.065529 -1.268751 0.679752 9.071829 -1.285863 0.709173 9.071829 -1.100104 0.679752 9.071829 -1.285863 0.601129 9.065529 -1.082992 0.709173 9.071829 -1.100104 0.310153 9.334497 -0.031825 0.447846 9.334497 -0.031825 0.447846 9.511229 -0.031825 0.310153 9.511229 -0.031825 0.310153 9.511229 -0.511142 0.447846 9.511229 -0.511142 0.447846 9.511229 -0.986621 0.310153 9.511229 -0.986621 0.310153 9.511229 -0.986621 0.447846 9.511229 -0.986621 0.447846 9.128366 -0.986621 0.310153 9.128366 -0.986621 0.310153 9.128366 -0.986621 0.447846 9.128366 -0.986621 0.447846 9.128366 -0.511142 
						0.310153 9.128366 -0.511142 0.447846 9.128366 -0.511142 0.447846 9.128366 -0.986621 0.447846 9.511229 -0.986621 0.447846 9.511229 -0.511142 0.310153 9.128366 -0.986621 0.310153 9.128366 -0.511142 0.310153 9.511229 -0.511142 0.310153 9.511229 -0.986621 0.447846 9.334497 -0.257903 0.310153 9.334497 -0.257903 0.447846 9.511229 -0.257903 0.447846 9.334497 -0.257903 0.310153 9.511229 -0.257903 0.447846 9.511229 -0.257903 0.310153 9.334497 -0.257903 0.310153 9.511229 -0.257903 0.310153 9.334497 -0.257903 0.447846 9.334497 -0.257903 0.447846 9.334497 -0.031825 0.310153 9.334497 -0.031825 0.447846 9.511229 -0.031825 0.447846 9.334497 -0.031825 0.310153 9.511229 -0.031825 0.447846 9.511229 -0.031825 0.310153 9.334497 -0.031825 0.310153 9.511229 -0.031825 -0.529710 9.062775 -0.936647 -0.464746 9.062775 -0.809148 -0.451023 9.133430 -0.819119 -0.513577 9.133430 -0.941889 -0.363562 9.062775 -0.707965 -0.353592 9.133430 -0.721688 -0.363562 9.062775 -0.707965 -0.236063 9.062775 -0.643001 -0.230822 9.133430 -0.659134 -0.353592 9.133430 -0.721688 -0.094730 9.062775 -0.620616 -0.094730 9.133430 -0.637579 -0.094730 9.062775 -1.535346 -0.236063 9.062775 -1.512961 -0.230822 9.133430 -1.496828 -0.094730 9.133430 -1.518383 -0.363562 9.062775 -1.447997 -0.353592 9.133430 -1.434273 -0.363562 9.062775 -1.447997 -0.464746 9.062775 -1.346813 -0.451022 9.133430 -1.336843 -0.353592 9.133430 -1.434273 -0.529710 9.062775 -1.219314 -0.513577 9.133430 -1.214072 -0.552095 9.062775 -1.077981 -0.535132 9.133430 -1.077981 -0.428526 9.200562 -0.835464 -0.487131 9.200562 -0.950482 -0.337247 9.200562 -0.744185 -0.222229 9.200562 -0.685580 -0.337247 9.200562 -0.744185 -0.094730 9.200562 -0.665386 -0.222229 9.200562 -1.470382 -0.094730 9.200562 -1.490576 -0.337247 9.200562 -1.411777 -0.428526 9.200562 -1.320498 -0.337247 9.200562 -1.411777 
						-0.487131 9.200562 -1.205480 -0.507325 9.200562 -1.077981 -0.397811 9.262519 -0.857780 -0.451023 9.262519 -0.962214 -0.314931 9.262519 -0.774900 -0.337247 9.200562 -0.744185 -0.222229 9.200562 -0.685580 -0.210496 9.262519 -0.721688 -0.314931 9.262519 -0.774900 -0.094730 9.200562 -0.665386 -0.094730 9.262519 -0.703353 -0.094730 9.200562 -1.490576 -0.222229 9.200562 -1.470382 -0.210496 9.262519 -1.434273 -0.094730 9.262519 -1.452609 -0.337247 9.200562 -1.411777 -0.314931 9.262519 -1.381061 -0.397810 9.262519 -1.298182 -0.314931 9.262519 -1.381061 -0.451022 9.262519 -1.193747 -0.469358 9.262519 -1.077981 -0.359632 9.317772 -0.885518 -0.406141 9.317772 -0.976797 -0.287193 9.317772 -0.813079 -0.195914 9.317772 -0.766570 -0.287193 9.317772 -0.813079 -0.094730 9.317772 -0.750544 -0.195913 9.317772 -1.389392 -0.094730 9.317772 -1.405418 -0.287192 9.317772 -1.342883 -0.359632 9.317772 -1.270444 -0.287192 9.317772 -1.342883 -0.406141 9.317772 -1.179164 -0.422167 9.317772 -1.077981 -0.314931 9.364964 -0.917995 -0.353592 9.364964 -0.993872 -0.359632 9.317772 -0.885518 -0.254715 9.364964 -0.857780 -0.314931 9.364964 -0.917995 -0.178839 9.364964 -0.819119 -0.094730 9.364964 -0.805797 -0.178839 9.364964 -1.336843 -0.094730 9.364964 -1.350164 -0.254715 9.364964 -1.298182 -0.359632 9.317772 -1.270444 -0.314931 9.364964 -1.237966 -0.353592 9.364964 -1.162090 -0.314931 9.364964 -1.237966 -0.366913 9.364964 -1.077981 -0.353592 9.364964 -0.993872 -0.264808 9.402930 -0.954412 -0.294668 9.402930 -1.013017 -0.218299 9.402930 -0.907903 -0.159694 9.402930 -0.878043 -0.094730 9.402930 -0.867753 -0.159694 9.402930 -1.277919 -0.094730 9.402930 -1.288208 -0.218298 9.402930 -1.248059 -0.264807 9.402930 -1.201550 -0.353592 9.364964 -1.162090 -0.294668 9.402930 -1.142945 -0.304957 9.402930 -1.077981 -0.294668 9.402930 -1.142945 -0.294668 9.402930 -1.013017 
						-0.210496 9.430737 -0.993872 -0.230822 9.430737 -1.033762 -0.178839 9.430737 -0.962214 -0.138949 9.430737 -0.941889 -0.094730 9.430737 -0.934886 -0.138949 9.430737 -1.214072 -0.094730 9.430737 -1.221076 -0.178839 9.430737 -1.193747 -0.210496 9.430737 -1.162090 -0.230822 9.430737 -1.122200 -0.304957 9.402930 -1.077981 -0.237825 9.430737 -1.077981 -0.153335 9.447701 -1.035402 -0.163624 9.447701 -1.055596 -0.137309 9.447701 -1.019376 -0.117115 9.447701 -1.009087 -0.094730 9.447701 -1.005541 -0.050511 9.430737 -0.941889 -0.072345 9.447701 -1.009087 -0.050511 9.430737 -1.214072 -0.094730 9.447701 -1.150420 -0.072345 9.447701 -1.146875 -0.117115 9.447701 -1.146875 -0.137309 9.447701 -1.136586 -0.153335 9.447701 -1.120560 -0.163624 9.447701 -1.100366 -0.167169 9.447701 -1.077981 -0.094730 9.453401 -1.077981 -0.052151 9.447701 -1.019376 -0.052151 9.447701 -1.136586 -0.119235 4.653254 -0.436145 0.119235 4.653254 -0.436145 0.119235 4.947216 -0.436145 -0.119235 4.947216 -0.436145 -0.119235 4.947216 -0.436145 0.119235 4.947216 -0.436145 0.119235 4.947216 -0.736883 -0.119235 4.947216 -0.736883 -0.119235 4.947216 -0.736883 0.119235 4.947216 -0.736883 0.119235 4.653254 -0.736883 -0.119235 4.653254 -0.736883 -0.119235 4.538158 -0.736883 0.119235 4.538158 -0.736883 0.119235 4.538158 -0.556367 -0.119235 4.538158 -0.556367 0.119235 4.653254 -0.436145 0.119235 4.653254 -0.736883 0.119235 4.947216 -0.736883 0.119235 4.947216 -0.436145 -0.119235 4.653254 -0.736883 -0.119235 4.653254 -0.436145 -0.119235 4.947216 -0.436145 -0.119235 4.947216 -0.736883 0.119235 4.538158 -0.736883 -0.119235 4.538158 -0.736883 0.119235 4.538158 -0.556367 0.119235 4.538158 -0.736883 0.119235 4.653254 -0.436145 -0.119235 4.653254 -0.436145 -0.119235 4.538158 -0.556367 0.119235 4.538158 -0.556367 -0.119235 4.538158 -0.736883 -0.119235 4.538158 -0.556367 
						-0.515606 4.653254 -1.508139 -0.634841 4.653254 -1.301617 -0.634841 4.947216 -1.301617 -0.515606 4.947216 -1.508139 -0.515606 4.947216 -1.508139 -0.634841 4.947216 -1.301617 -0.374394 4.947216 -1.151248 -0.255159 4.947216 -1.357770 -0.255159 4.947216 -1.357770 -0.374394 4.947216 -1.151248 -0.374394 4.653254 -1.151248 -0.255159 4.653254 -1.357770 -0.255159 4.538158 -1.357770 -0.374394 4.538158 -1.151248 -0.530726 4.538158 -1.241506 -0.411491 4.538158 -1.448028 -0.634841 4.653254 -1.301617 -0.374394 4.653254 -1.151248 -0.374394 4.947216 -1.151248 -0.634841 4.947216 -1.301617 -0.255159 4.653254 -1.357770 -0.515606 4.653254 -1.508139 -0.515606 4.947216 -1.508139 -0.255159 4.947216 -1.357770 -0.374394 4.538158 -1.151248 -0.255159 4.538158 -1.357770 -0.530726 4.538158 -1.241506 -0.374394 4.538158 -1.151248 -0.634841 4.653254 -1.301617 -0.515606 4.653254 -1.508139 -0.411491 4.538158 -1.448028 -0.530726 4.538158 -1.241506 -0.515606 4.653254 -1.508139 -0.255159 4.653254 -1.357770 -0.255159 4.538158 -1.357770 -0.411491 4.538158 -1.448028 0.634493 4.653254 -1.301617 0.515258 4.653254 -1.508139 0.515258 4.947216 -1.508139 0.634493 4.947216 -1.301617 0.634493 4.947216 -1.301617 0.515258 4.947216 -1.508139 0.254811 4.947216 -1.357770 0.374047 4.947216 -1.151248 0.374047 4.947216 -1.151248 0.254811 4.947216 -1.357770 0.254811 4.653254 -1.357770 0.374047 4.653254 -1.151248 0.374047 4.538158 -1.151248 0.254811 4.538158 -1.357770 0.411143 4.538158 -1.448028 0.530378 4.538158 -1.241506 0.515258 4.653254 -1.508139 0.254811 4.653254 -1.357770 0.254811 4.947216 -1.357770 0.515258 4.947216 -1.508139 0.374047 4.653254 -1.151248 0.634493 4.653254 -1.301617 0.634493 4.947216 -1.301617 0.374047 4.947216 -1.151248 0.254811 4.538158 -1.357770 0.374047 4.538158 -1.151248 0.411143 4.538158 -1.448028 0.254811 4.538158 -1.357770 
						0.515258 4.653254 -1.508139 0.634493 4.653254 -1.301617 0.530378 4.538158 -1.241506 0.411143 4.538158 -1.448028 0.374047 4.538158 -1.151248 0.530378 4.538158 -1.241506 -0.096184 6.224545 0.473888 0.096184 6.224545 0.473888 0.096184 8.253242 0.473888 -0.096184 8.253242 0.473888 -0.096184 9.085752 -0.354289 -0.096184 9.288026 0.091070 0.096184 9.288026 0.091070 0.096184 9.085752 -0.354289 0.096184 9.083530 -0.359180 -0.096184 9.083530 -0.359180 -0.096184 8.253242 0.281520 0.096184 8.253242 0.281520 0.096184 6.224545 0.281520 -0.096184 6.224545 0.281520 -0.096184 5.722298 0.260116 0.096184 5.722298 0.260116 0.096184 5.794416 0.306754 -0.096184 5.794416 0.306754 0.136295 8.253242 0.367404 0.136295 7.238894 0.367404 0.136295 6.224545 0.367404 0.136295 6.224545 0.281520 0.136295 8.253242 0.281520 -0.096184 6.224545 0.372777 -0.096184 6.224545 0.473888 -0.096184 8.253242 0.473888 -0.096184 8.253242 0.372777 -0.096184 8.253242 0.367404 -0.096184 6.224545 0.367404 0.096184 6.115882 0.281520 -0.096184 6.115882 0.281520 0.136295 6.115882 0.367404 0.136295 6.115882 0.281520 0.096184 6.115882 0.372777 -0.096184 6.115882 0.372777 -0.096184 6.115882 0.367404 0.096184 6.115882 0.367404 -0.096184 6.115882 0.372777 -0.096184 6.115882 0.367404 0.096184 8.770634 0.473888 -0.096184 8.770634 0.473888 0.096184 8.770634 -0.092055 0.096184 8.770634 0.473888 0.096184 8.253242 0.473888 0.096184 8.253242 0.372777 0.096184 8.253242 0.367404 0.096184 8.770634 -0.097427 -0.096184 8.770634 -0.183311 0.096184 8.770634 -0.183311 -0.096184 8.770634 0.473888 -0.096184 8.770634 -0.092055 -0.096184 8.770634 -0.097427 -0.096184 8.770634 0.473888 0.096184 8.770634 0.473888 0.096184 9.288026 0.091070 -0.096184 9.288026 0.091070 0.096184 9.085752 -0.354289 0.096184 9.288026 0.091070 
						0.096184 9.083530 -0.359180 -0.096184 9.048016 -0.437377 0.096184 9.048016 -0.437377 -0.096184 9.288026 0.091070 -0.096184 9.085752 -0.354289 -0.096184 9.083530 -0.359180 0.136295 8.770634 -0.183311 0.136295 8.770634 -0.097427 0.136295 9.083530 -0.359180 0.136295 9.048016 -0.437377 0.096184 9.048016 -0.437377 -0.096184 9.048016 -0.437377 -0.136295 8.770634 -0.183311 -0.136295 8.770634 -0.097427 -0.136295 9.083530 -0.359180 -0.136295 9.048016 -0.437377 -0.136295 8.253242 0.281520 -0.136295 8.253242 0.367404 -0.136295 6.224545 0.281520 -0.136295 6.224545 0.367404 -0.136295 6.115882 0.367404 -0.136295 6.115882 0.281520 0.096184 6.224545 0.367404 0.096184 6.224545 0.473888 0.096184 6.115882 0.372777 0.096184 6.115882 0.367404 0.096184 7.238894 0.367404 0.096184 8.253242 0.367404 0.096184 7.238894 0.367404 0.136295 7.238894 0.367404 0.136295 8.253242 0.367404 0.096184 6.224545 0.367404 0.136295 6.224545 0.367404 0.136295 8.253242 0.281520 0.136295 6.224545 0.281520 0.096184 6.115882 0.367404 0.136295 6.115882 0.367404 0.136295 5.722298 0.260116 0.136295 5.794416 0.306754 0.136295 6.115882 0.281520 0.136295 8.770634 -0.183311 0.136295 8.253242 0.281520 0.096184 8.770634 -0.097427 0.096184 8.253242 0.367404 0.136295 8.253242 0.367404 0.136295 8.770634 -0.097427 0.096184 9.083530 -0.359180 0.136295 9.083530 -0.359180 0.136295 9.048016 -0.437377 0.136295 9.083530 -0.359180 0.136295 9.048016 -0.437377 -0.096184 8.770634 -0.097427 -0.096184 9.083530 -0.359180 -0.136295 9.083530 -0.359180 -0.136295 8.770634 -0.097427 -0.136295 9.048016 -0.437377 -0.136295 9.083530 -0.359180 -0.136295 8.770634 -0.183311 -0.136295 9.048016 -0.437377 -0.096184 8.253242 0.367404 -0.136295 8.253242 0.367404 -0.136295 8.253242 0.281520 -0.096184 6.224545 0.367404 -0.096184 8.253242 0.367404 
						-0.136295 8.253242 0.367404 -0.136295 6.224545 0.367404 -0.136295 6.224545 0.281520 -0.136295 8.253242 0.281520 -0.096184 6.115882 0.367404 -0.136295 6.115882 0.367404 -0.136295 6.115882 0.281520 -0.136295 5.794416 0.306754 -0.136295 5.722298 0.260116 0.096184 6.066063 0.281520 -0.096184 6.066063 0.281520 -0.096184 6.066063 0.367404 0.096184 6.066063 0.367404 0.136295 6.066063 0.281520 0.136295 6.066063 0.367404 0.136295 6.066063 0.281520 0.136295 6.066063 0.367404 -0.136295 6.066063 0.367404 -0.136295 6.066063 0.281520 -0.136295 6.066063 0.367404 -0.136295 6.066063 0.281520 -0.096184 6.066063 0.281520 0.096184 6.066063 0.281520 0.096184 5.912210 0.165765 -0.096184 5.912210 0.165765 0.096184 6.066063 0.367404 -0.096184 6.066063 0.367404 -0.096184 5.912210 0.251648 0.096184 5.912210 0.251648 0.136295 6.066063 0.281520 0.136295 5.912210 0.165765 0.136295 5.912210 0.251648 0.136295 5.912210 0.165765 0.136295 6.066063 0.367404 0.136295 5.912210 0.251648 -0.136295 6.066063 0.367404 -0.136295 5.912210 0.251648 -0.136295 5.912210 0.165765 -0.136295 5.912210 0.251648 -0.136295 6.066063 0.281520 -0.136295 5.912210 0.165765 -0.096184 5.912210 0.165765 0.096184 5.912210 0.165765 0.096184 5.836017 0.165765 -0.096184 5.836017 0.165765 0.096184 5.912210 0.251648 -0.096184 5.912210 0.251648 -0.096184 5.836017 0.251648 0.096184 5.836017 0.251648 0.136295 5.912210 0.165765 0.136295 5.836017 0.165765 0.136295 5.836017 0.251648 0.136295 5.836017 0.165765 0.136295 5.912210 0.251648 0.136295 5.836017 0.251648 -0.136295 5.912210 0.251648 -0.136295 5.836017 0.251648 -0.136295 5.836017 0.165765 -0.136295 5.836017 0.251648 -0.136295 5.912210 0.165765 -0.136295 5.836017 0.165765 0.096184 5.722298 0.260116 -0.096184 5.722298 0.260116 -0.096184 5.794416 0.306754 
						0.096184 5.794416 0.306754 0.136295 5.722298 0.260116 0.136295 5.794416 0.306754 0.136295 5.722298 0.260116 0.136295 5.794416 0.306754 -0.136295 5.794416 0.306754 -0.136295 5.722298 0.260116 -0.136295 5.794416 0.306754 -0.136295 5.722298 0.260116 -0.310616 9.186084 0.149486 0.310616 9.186084 0.149486 0.310616 9.409395 0.149486 -0.310616 9.409395 0.149486 -0.310616 9.543768 0.012011 0.310616 9.543768 0.012011 0.310616 9.543768 -0.305017 -0.310616 9.543768 -0.305017 -0.310616 9.543768 -0.305017 0.310616 9.543768 -0.305017 0.310616 9.186084 -0.305017 -0.310616 9.186084 -0.305017 -0.310616 9.064114 -0.170643 0.310616 9.064114 -0.170643 0.310616 9.064114 0.012011 -0.310616 9.064114 0.012011 0.310616 9.186084 0.012011 0.310616 9.186084 -0.305017 0.310616 9.543768 -0.305017 0.310616 9.543768 0.012011 -0.310616 9.186084 -0.305017 -0.310616 9.186084 0.012011 -0.310616 9.543768 0.012011 -0.310616 9.543768 -0.305017 0.310616 9.064114 0.149486 -0.310616 9.064114 0.149486 0.310616 9.409395 0.149486 0.310616 9.186084 0.149486 -0.310616 9.409395 0.149486 0.310616 9.409395 0.149486 -0.310616 9.186084 0.149486 -0.310616 9.409395 0.149486 0.310616 9.064114 0.012011 0.310616 9.064114 -0.170643 -0.310616 9.064114 -0.170643 -0.310616 9.064114 0.012011 0.310616 9.064114 0.149486 -0.310616 9.064114 0.149486 0.310616 9.064114 0.149486 -0.310616 9.064114 0.149486 -0.310616 9.186084 -0.305017 0.310616 9.186084 -0.305017 0.310616 9.051355 -0.460232 -0.310616 9.051355 -0.460232 0.310616 8.895063 -0.368005 0.310616 9.051355 -0.460232 0.310616 9.064114 -0.170643 -0.310616 9.064114 -0.170643 -0.310616 8.895063 -0.368005 0.310616 8.895063 -0.368005 -0.310616 9.051355 -0.460232 -0.310616 8.895063 -0.368005 -0.310616 9.051355 -0.460232 0.310616 9.051355 -0.460232 0.310616 9.051355 -0.661793 
						-0.310616 9.051355 -0.661793 0.310616 8.895063 -0.569565 0.310616 9.051355 -0.661793 0.310616 8.895063 -0.368005 -0.310616 8.895063 -0.368005 -0.310616 8.895063 -0.569565 0.310616 8.895063 -0.569565 -0.310616 9.051355 -0.661793 -0.310616 8.895063 -0.569565 -0.447847 9.334497 -0.031825 -0.310154 9.334497 -0.031825 -0.310154 9.511229 -0.031825 -0.447847 9.511229 -0.031825 -0.447847 9.511229 -0.511142 -0.310154 9.511229 -0.511142 -0.310154 9.511229 -0.986621 -0.447847 9.511229 -0.986621 -0.447847 9.511229 -0.986621 -0.310154 9.511229 -0.986621 -0.310154 9.128366 -0.986621 -0.447847 9.128366 -0.986621 -0.447847 9.128366 -0.986621 -0.310154 9.128366 -0.986621 -0.310154 9.128366 -0.511142 -0.447847 9.128366 -0.511142 -0.310154 9.128366 -0.511142 -0.310154 9.128366 -0.986621 -0.310154 9.511229 -0.986621 -0.310154 9.511229 -0.511142 -0.447847 9.128366 -0.986621 -0.447847 9.128366 -0.511142 -0.447847 9.511229 -0.511142 -0.447847 9.511229 -0.986621 -0.310154 9.334497 -0.257903 -0.447847 9.334497 -0.257903 -0.310154 9.511229 -0.257903 -0.310154 9.334497 -0.257903 -0.447847 9.511229 -0.257903 -0.310154 9.511229 -0.257903 -0.447847 9.334497 -0.257903 -0.447847 9.511229 -0.257903 -0.447847 9.334497 -0.257903 -0.310154 9.334497 -0.257903 -0.310154 9.334497 -0.031825 -0.447847 9.334497 -0.031825 -0.310154 9.511229 -0.031825 -0.310154 9.334497 -0.031825 -0.447847 9.511229 -0.031825 -0.310154 9.511229 -0.031825 -0.447847 9.334497 -0.031825 -0.447847 9.511229 -0.031825 -0.315791 9.072578 -0.584176 0.315790 9.072578 -0.584176 0.315790 9.469986 -0.584176 -0.315791 9.469986 -0.584176 -0.149733 9.667545 -0.847100 0.149732 9.667545 -0.847100 0.149732 9.667545 -1.321252 -0.149733 9.667545 -1.321252 -0.315791 9.469986 -1.584176 0.315790 9.469986 -1.584176 0.315790 9.072578 -1.584176 -0.315791 9.072578 -1.584176 -0.315791 9.072578 -1.584176 
						0.315790 9.072578 -1.584176 0.315790 9.072578 -0.584176 -0.315791 9.072578 -0.584176 0.315790 9.072578 -0.584176 0.315790 9.072578 -1.584176 0.315790 9.469986 -1.584176 0.315790 9.469986 -0.584176 -0.315791 9.072578 -1.584176 -0.315791 9.072578 -0.584176 -0.315791 9.469986 -0.584176 -0.315791 9.469986 -1.584176 -0.315791 9.469986 -0.584176 0.315790 9.469986 -0.584176 0.149732 9.667545 -0.847100 -0.149733 9.667545 -0.847100 0.149732 9.667545 -1.321252 0.149732 9.667545 -0.847100 0.315790 9.469986 -1.584176 -0.315791 9.469986 -1.584176 -0.149733 9.667545 -1.321252 0.149732 9.667545 -1.321252 -0.149733 9.667545 -0.847100 -0.149733 9.667545 -1.321252 0.512803 9.062775 -1.219314 0.447839 9.062775 -1.346813 0.434116 9.133430 -1.336843 0.496670 9.133430 -1.214073 0.346655 9.062775 -1.447997 0.336685 9.133430 -1.434274 0.346655 9.062775 -1.447997 0.219157 9.062775 -1.512961 0.213915 9.133430 -1.496828 0.336685 9.133430 -1.434274 0.077823 9.062775 -1.535346 0.077823 9.133430 -1.518383 0.077823 9.062775 -0.620616 0.219156 9.062775 -0.643001 0.213915 9.133430 -0.659134 0.077823 9.133430 -0.637579 0.346655 9.062775 -0.707965 0.336685 9.133430 -0.721688 0.346655 9.062775 -0.707965 0.447839 9.062775 -0.809149 0.434115 9.133430 -0.819119 0.336685 9.133430 -0.721688 0.512803 9.062775 -0.936647 0.496670 9.133430 -0.941889 0.535188 9.062775 -1.077981 0.518225 9.133430 -1.077981 0.411619 9.200562 -1.320498 0.470224 9.200562 -1.205480 0.320340 9.200562 -1.411777 0.205322 9.200562 -1.470382 0.320340 9.200562 -1.411777 0.077823 9.200562 -1.490576 0.205322 9.200562 -0.685580 0.077823 9.200562 -0.665386 0.320340 9.200562 -0.744185 0.411619 9.200562 -0.835464 0.320340 9.200562 -0.744185 0.470224 9.200562 -0.950482 0.490418 9.200562 -1.077981 0.380904 9.262519 -1.298182 0.434116 9.262519 -1.193747 
						0.298024 9.262519 -1.381062 0.320340 9.200562 -1.411777 0.205322 9.200562 -1.470382 0.193589 9.262519 -1.434274 0.298024 9.262519 -1.381062 0.077823 9.200562 -1.490576 0.077823 9.262519 -1.452609 0.077823 9.200562 -0.665386 0.205322 9.200562 -0.685580 0.193589 9.262519 -0.721688 0.077823 9.262519 -0.703353 0.320340 9.200562 -0.744185 0.298024 9.262519 -0.774900 0.380904 9.262519 -0.857780 0.298024 9.262519 -0.774900 0.434115 9.262519 -0.962214 0.452451 9.262519 -1.077981 0.342725 9.317772 -1.270444 0.389234 9.317772 -1.179165 0.270286 9.317772 -1.342883 0.179007 9.317772 -1.389392 0.270286 9.317772 -1.342883 0.077823 9.317772 -1.405418 0.179007 9.317772 -0.766570 0.077823 9.317772 -0.750544 0.270286 9.317772 -0.813079 0.342725 9.317772 -0.885518 0.270286 9.317772 -0.813079 0.389234 9.317772 -0.976797 0.405260 9.317772 -1.077981 0.298024 9.364964 -1.237966 0.336685 9.364964 -1.162090 0.342725 9.317772 -1.270444 0.237808 9.364964 -1.298182 0.298024 9.364964 -1.237966 0.161932 9.364964 -1.336843 0.077823 9.364964 -1.350164 0.161932 9.364964 -0.819119 0.077823 9.364964 -0.805798 0.237808 9.364964 -0.857780 0.342725 9.317772 -0.885518 0.298024 9.364964 -0.917996 0.336685 9.364964 -0.993872 0.298024 9.364964 -0.917996 0.350006 9.364964 -1.077981 0.336685 9.364964 -1.162090 0.247901 9.402930 -1.201550 0.277761 9.402930 -1.142945 0.201392 9.402930 -1.248059 0.142787 9.402930 -1.277919 0.077823 9.402930 -1.288209 0.142787 9.402930 -0.878043 0.077823 9.402930 -0.867753 0.201392 9.402930 -0.907903 0.247901 9.402930 -0.954412 0.336685 9.364964 -0.993872 0.277761 9.402930 -1.013017 0.288050 9.402930 -1.077981 0.277761 9.402930 -1.013017 0.277761 9.402930 -1.142945 0.193590 9.430737 -1.162090 0.213915 9.430737 -1.122200 0.161932 9.430737 -1.193747 0.122042 9.430737 -1.214073 
						0.077823 9.430737 -1.221076 0.122042 9.430737 -0.941889 0.077823 9.430737 -0.934886 0.161932 9.430737 -0.962214 0.193589 9.430737 -0.993872 0.213915 9.430737 -1.033762 0.288050 9.402930 -1.077981 0.220918 9.430737 -1.077981 0.136428 9.447701 -1.120560 0.146717 9.447701 -1.100366 0.120402 9.447701 -1.136586 0.100208 9.447701 -1.146875 0.077823 9.447701 -1.150420 0.033604 9.430737 -1.214073 0.055438 9.447701 -1.146875 0.033604 9.430737 -0.941889 0.077823 9.447701 -1.005541 0.055438 9.447701 -1.009087 0.100208 9.447701 -1.009087 0.120402 9.447701 -1.019376 0.136428 9.447701 -1.035402 0.146717 9.447701 -1.055596 0.150262 9.447701 -1.077981 0.077823 9.453401 -1.077981 0.035244 9.447701 -1.136586 0.035244 9.447701 -1.019376 0.142099 4.653254 -1.744374 -0.096354 4.653254 -1.741442 -0.096354 4.947216 -1.741442 0.142099 4.947216 -1.744374 0.142099 4.947216 -1.744374 -0.096354 4.947216 -1.741442 -0.092656 4.947216 -1.440727 0.145796 4.947216 -1.443659 0.145796 4.947216 -1.443659 -0.092656 4.947216 -1.440727 -0.092656 4.653254 -1.440727 0.145796 4.653254 -1.443659 0.145796 4.538158 -1.443659 -0.092656 4.538158 -1.440727 -0.094876 4.538158 -1.621229 0.143577 4.538158 -1.624161 -0.096354 4.653254 -1.741442 -0.092656 4.653254 -1.440727 -0.092656 4.947216 -1.440727 -0.096354 4.947216 -1.741442 0.145796 4.653254 -1.443659 0.142099 4.653254 -1.744374 0.142099 4.947216 -1.744374 0.145796 4.947216 -1.443659 -0.092656 4.538158 -1.440727 0.145796 4.538158 -1.443659 -0.094876 4.538158 -1.621229 -0.092656 4.538158 -1.440727 -0.096354 4.653254 -1.741442 0.142099 4.653254 -1.744374 0.143577 4.538158 -1.624161 -0.094876 4.538158 -1.621229 0.145796 4.538158 -1.443659 0.143577 4.538158 -1.624161 -0.600771 4.653254 -0.842419 -0.479006 4.653254 -0.637379 -0.479006 4.947216 -0.637379 -0.600771 4.947216 -0.842419 
						-0.600771 4.947216 -0.842419 -0.479006 4.947216 -0.637379 -0.220428 4.947216 -0.790938 -0.342193 4.947216 -0.995978 -0.342193 4.947216 -0.995978 -0.220428 4.947216 -0.790938 -0.220428 4.653254 -0.790938 -0.342193 4.653254 -0.995978 -0.342193 4.538158 -0.995978 -0.220428 4.538158 -0.790938 -0.375638 4.538158 -0.698765 -0.497403 4.538158 -0.903805 -0.479006 4.653254 -0.637379 -0.220428 4.653254 -0.790938 -0.220428 4.947216 -0.790938 -0.479006 4.947216 -0.637379 -0.342193 4.653254 -0.995978 -0.600771 4.653254 -0.842419 -0.600771 4.947216 -0.842419 -0.342193 4.947216 -0.995978 -0.220428 4.538158 -0.790938 -0.342193 4.538158 -0.995978 -0.375638 4.538158 -0.698765 -0.220428 4.538158 -0.790938 -0.479006 4.653254 -0.637379 -0.600771 4.653254 -0.842419 -0.497403 4.538158 -0.903805 -0.375638 4.538158 -0.698765 -0.342193 4.538158 -0.995978 -0.497403 4.538158 -0.903805 0.528072 4.653254 -0.663553 0.644759 4.653254 -0.871525 0.644759 4.947216 -0.871525 0.528072 4.947216 -0.663553 0.528072 4.947216 -0.663553 0.644759 4.947216 -0.871525 0.382483 4.947216 -1.018681 0.265796 4.947216 -0.810709 0.265796 4.947216 -0.810709 0.382483 4.947216 -1.018681 0.382483 4.653254 -1.018681 0.265796 4.653254 -0.810709 0.265796 4.538158 -0.810709 0.382484 4.538158 -1.018681 0.539913 4.538158 -0.930351 0.423225 4.538158 -0.722380 0.644759 4.653254 -0.871525 0.382483 4.653254 -1.018681 0.382483 4.947216 -1.018681 0.644759 4.947216 -0.871525 0.265796 4.653254 -0.810709 0.528072 4.653254 -0.663553 0.528072 4.947216 -0.663553 0.265796 4.947216 -0.810709 0.382484 4.538158 -1.018681 0.265796 4.538158 -0.810709 0.539913 4.538158 -0.930351 0.382484 4.538158 -1.018681 0.423225 4.538158 -0.722380 0.539913 4.538158 -0.930351 0.265796 4.538158 -0.810709 0.423225 4.538158 -0.722380 0.489225 9.405441 -0.923087 0.489225 9.400764 -0.932265 
						-0.489225 9.400764 -0.932265 -0.489225 9.405441 -0.923087 0.489225 9.393481 -0.939549 -0.489225 9.393481 -0.939549 0.489225 9.393481 -0.939549 0.489225 9.384303 -0.944225 -0.489225 9.384303 -0.944225 -0.489225 9.393481 -0.939549 0.489225 9.374130 -0.945836 -0.489225 9.374130 -0.945836 0.489225 9.363956 -0.944225 -0.489225 9.363956 -0.944225 0.489225 9.354778 -0.939548 -0.489225 9.354778 -0.939548 0.489225 9.354778 -0.939548 0.489225 9.347494 -0.932265 -0.489225 9.347494 -0.932265 -0.489225 9.354778 -0.939548 0.489225 9.342819 -0.923087 -0.489225 9.342819 -0.923087 0.489225 9.341208 -0.912914 -0.489225 9.341208 -0.912914 0.489225 9.342819 -0.902740 -0.489225 9.342819 -0.902740 0.489225 9.347494 -0.893563 -0.489225 9.347494 -0.893563 0.489225 9.354778 -0.886279 -0.489225 9.354778 -0.886279 0.489225 9.354778 -0.886279 0.489225 9.363956 -0.881603 -0.489225 9.363956 -0.881603 -0.489225 9.354778 -0.886279 0.489225 9.374130 -0.879992 -0.489225 9.374130 -0.879992 0.489225 9.384303 -0.881603 -0.489225 9.384303 -0.881603 0.489225 9.393481 -0.886279 -0.489225 9.393481 -0.886279 0.489225 9.393481 -0.886279 0.489225 9.400764 -0.893563 -0.489225 9.400764 -0.893563 -0.489225 9.393481 -0.886279 0.489225 9.405441 -0.902740 -0.489225 9.405441 -0.902740 0.489225 9.407053 -0.912914 -0.489225 9.407053 -0.912914 0.489225 9.400764 -0.932265 0.489225 9.405441 -0.923087 0.489225 9.374130 -0.912914 0.489225 9.393481 -0.939549 0.489225 9.384303 -0.944225 0.489225 9.374130 -0.945836 0.489225 9.363956 -0.944225 0.489225 9.354778 -0.939548 0.489225 9.347494 -0.932265 0.489225 9.342819 -0.923087 0.489225 9.341208 -0.912914 0.489225 9.342819 -0.902740 0.489225 9.347494 -0.893563 0.489225 9.354778 -0.886279 0.489225 9.363956 -0.881603 0.489225 9.374130 -0.879992 0.489225 9.384303 -0.881603 0.489225 9.393481 -0.886279 
						0.489225 9.400764 -0.893563 0.489225 9.405441 -0.902740 0.489225 9.407053 -0.912914 -0.489225 9.405441 -0.923087 -0.489225 9.400764 -0.932265 -0.489225 9.374130 -0.912914 -0.489225 9.393481 -0.939549 -0.489225 9.384303 -0.944225 -0.489225 9.374130 -0.945836 -0.489225 9.363956 -0.944225 -0.489225 9.354778 -0.939548 -0.489225 9.347494 -0.932265 -0.489225 9.342819 -0.923087 -0.489225 9.341208 -0.912914 -0.489225 9.342819 -0.902740 -0.489225 9.347494 -0.893563 -0.489225 9.354778 -0.886279 -0.489225 9.363956 -0.881603 -0.489225 9.374130 -0.879992 -0.489225 9.384303 -0.881603 -0.489225 9.393481 -0.886279 -0.489225 9.400764 -0.893563 -0.489225 9.405441 -0.902740 -0.489225 9.407053 -0.912914 0.489225 9.459826 -0.144521 0.489225 9.455151 -0.153699 -0.489225 9.455151 -0.153699 -0.489225 9.459826 -0.144521 0.489225 9.447866 -0.160982 -0.489225 9.447866 -0.160982 0.489225 9.447866 -0.160982 0.489225 9.438689 -0.165659 -0.489225 9.438689 -0.165659 -0.489225 9.447866 -0.160982 0.489225 9.428515 -0.167270 -0.489225 9.428515 -0.167270 0.489225 9.418343 -0.165659 -0.489225 9.418343 -0.165659 0.489225 9.409164 -0.160982 -0.489225 9.409164 -0.160982 0.489225 9.409164 -0.160982 0.489225 9.401880 -0.153699 -0.489225 9.401880 -0.153699 -0.489225 9.409164 -0.160982 0.489225 9.397205 -0.144521 -0.489225 9.397205 -0.144521 0.489225 9.395593 -0.134348 -0.489225 9.395593 -0.134348 0.489225 9.397205 -0.124174 -0.489225 9.397205 -0.124174 0.489225 9.401880 -0.114996 -0.489225 9.401880 -0.114996 0.489225 9.409164 -0.107713 -0.489225 9.409164 -0.107713 0.489225 9.409164 -0.107713 0.489225 9.418343 -0.103037 -0.489225 9.418343 -0.103037 -0.489225 9.409164 -0.107713 0.489225 9.428515 -0.101425 -0.489225 9.428515 -0.101425 0.489225 9.438689 -0.103037 -0.489225 9.438689 -0.103037 0.489225 9.447866 -0.107713 -0.489225 9.447866 -0.107713 
						0.489225 9.447866 -0.107713 0.489225 9.455151 -0.114996 -0.489225 9.455151 -0.114996 -0.489225 9.447866 -0.107713 0.489225 9.459826 -0.124174 -0.489225 9.459826 -0.124174 0.489225 9.461439 -0.134348 -0.489225 9.461439 -0.134348 0.489225 9.455151 -0.153699 0.489225 9.459826 -0.144521 0.489225 9.428515 -0.134348 0.489225 9.447866 -0.160982 0.489225 9.438689 -0.165659 0.489225 9.428515 -0.167270 0.489225 9.418343 -0.165659 0.489225 9.409164 -0.160982 0.489225 9.401880 -0.153699 0.489225 9.397205 -0.144521 0.489225 9.395593 -0.134348 0.489225 9.397205 -0.124174 0.489225 9.401880 -0.114996 0.489225 9.409164 -0.107713 0.489225 9.418343 -0.103037 0.489225 9.428515 -0.101425 0.489225 9.438689 -0.103037 0.489225 9.447866 -0.107713 0.489225 9.455151 -0.114996 0.489225 9.459826 -0.124174 0.489225 9.461439 -0.134348 -0.489225 9.459826 -0.144521 -0.489225 9.455151 -0.153699 -0.489225 9.428515 -0.134348 -0.489225 9.447866 -0.160982 -0.489225 9.438689 -0.165659 -0.489225 9.428515 -0.167270 -0.489225 9.418343 -0.165659 -0.489225 9.409164 -0.160982 -0.489225 9.401880 -0.153699 -0.489225 9.397205 -0.144521 -0.489225 9.395593 -0.134348 -0.489225 9.397205 -0.124174 -0.489225 9.401880 -0.114996 -0.489225 9.409164 -0.107713 -0.489225 9.418343 -0.103037 -0.489225 9.428515 -0.101425 -0.489225 9.438689 -0.103037 -0.489225 9.447866 -0.107713 -0.489225 9.455151 -0.114996 -0.489225 9.459826 -0.124174 -0.489225 9.461439 -0.134348 
					</float_array>
					<technique_common>
						<accessor count="3122" offset="0" source="#meshId0-positions-array" stride="3">
							<param name="X" type="float" />
							<param name="Y" type="float" />
							<param name="Z" type="float" />
						</accessor>
					</technique_common>
				</source>
				<source id="meshId0-normals" name="meshId0-normals">
					<float_array id="meshId0-normals-array" count="9366"> 
						0.950585 -0.031500 -0.308863 0.808616 -0.031500 -0.587494 0.809017 0.000000 -0.587785 0.951057 0.000000 -0.309016 0.587493 -0.031500 -0.808616 0.587785 0.000000 -0.809017 0.587493 -0.031500 -0.808616 0.308863 -0.031500 -0.950585 0.309016 0.000000 -0.951057 0.587785 0.000000 -0.809017 -0.000000 -0.031500 -0.999504 -0.000000 0.000000 -1.000000 -0.308863 -0.031500 -0.950585 -0.309017 0.000000 -0.951057 -0.587494 -0.031500 -0.808616 -0.587785 0.000000 -0.809017 -0.587494 -0.031500 -0.808616 -0.808616 -0.031500 -0.587493 -0.809017 0.000000 -0.587785 -0.587785 0.000000 -0.809017 -0.950585 -0.031500 -0.308863 -0.951057 0.000000 -0.309017 -0.999504 -0.031500 0.000000 -1.000000 0.000000 0.000000 -0.950585 -0.031500 0.308863 -0.951057 0.000000 0.309017 -0.808615 -0.031500 0.587494 -0.809017 0.000000 0.587785 -0.587493 -0.031500 0.808616 -0.587785 0.000000 0.809017 -0.587493 -0.031500 0.808616 -0.308863 -0.031500 0.950585 -0.309017 0.000000 0.951057 -0.587785 0.000000 0.809017 -0.000000 -0.031500 0.999504 0.000000 0.000000 1.000000 0.308864 -0.031500 0.950585 0.309017 0.000000 0.951057 0.587494 -0.031500 0.808616 0.587785 0.000000 0.809017 0.587494 -0.031500 0.808616 0.808615 -0.031500 0.587494 0.809017 0.000000 0.587785 0.587785 0.000000 0.809017 0.950585 -0.031500 0.308863 0.951057 0.000000 0.309016 0.999504 -0.031500 0.000001 1.000000 0.000000 0.000001 0.000000 -1.000000 0.000000 0.000000 -1.000000 0.000000 0.000000 -1.000000 0.000000 0.000000 -1.000000 0.000001 0.000000 -1.000000 0.000001 0.000000 -1.000000 -0.000000 0.000000 -1.000000 0.000000 0.000000 -1.000000 0.000000 0.000000 -1.000000 0.000000 0.000000 -1.000000 0.000000 0.000000 -1.000000 0.000000 0.000000 -1.000000 0.000000 0.000000 -1.000000 0.000000 0.000000 -1.000000 -0.000001 0.000000 -1.000000 -0.000000 0.000000 -1.000000 -0.000000 
						0.000000 -1.000000 -0.000001 0.000000 -1.000000 0.000002 0.000000 -1.000000 0.000002 0.000000 -1.000000 0.000000 0.000000 -1.000000 0.000000 0.758064 -0.603880 -0.246309 0.644847 -0.603879 -0.468510 0.468509 -0.603879 -0.644849 0.468509 -0.603879 -0.644849 0.246310 -0.603880 -0.758064 0.000000 -0.603880 -0.797075 -0.246310 -0.603878 -0.758065 -0.468509 -0.603877 -0.644850 -0.468509 -0.603877 -0.644850 -0.644848 -0.603879 -0.468510 -0.758064 -0.603879 -0.246310 -0.797076 -0.603879 0.000000 -0.758064 -0.603879 0.246310 -0.644848 -0.603879 0.468510 -0.468510 -0.603878 0.644849 -0.468510 -0.603878 0.644849 -0.246310 -0.603879 0.758065 -0.000000 -0.603879 0.797076 0.246310 -0.603879 0.758064 0.468510 -0.603878 0.644849 0.468510 -0.603878 0.644849 0.644848 -0.603878 0.468511 0.758065 -0.603879 0.246310 0.797076 -0.603879 0.000001 0.809012 0.000000 -0.587792 0.951054 0.000000 -0.309023 0.666763 0.713088 -0.216641 0.567184 0.713086 -0.412082 0.587783 0.000000 -0.809018 0.412084 0.713085 -0.567183 0.309016 0.000000 -0.951057 0.587783 0.000000 -0.809018 0.412084 0.713085 -0.567183 0.216645 0.713085 -0.666765 0.000000 0.000000 -1.000000 -0.000000 0.713083 -0.701080 -0.309016 0.000000 -0.951057 -0.216646 0.713087 -0.666762 -0.587783 0.000000 -0.809018 -0.412084 0.713084 -0.567184 -0.809012 0.000000 -0.587792 -0.587783 0.000000 -0.809018 -0.412084 0.713084 -0.567184 -0.567186 0.713077 -0.412092 -0.951054 0.000000 -0.309024 -0.666771 0.713076 -0.216652 -1.000000 0.000000 0.000000 -0.701086 0.713077 -0.000001 -0.951054 0.000000 0.309024 -0.666771 0.713077 0.216649 -0.809012 0.000000 0.587793 -0.567186 0.713080 0.412088 -0.587783 0.000000 0.809018 -0.412086 0.713082 0.567185 -0.309017 0.000000 0.951057 -0.587783 0.000000 0.809018 -0.412086 0.713082 0.567185 -0.216647 0.713077 0.666772 0.000000 0.000000 1.000000 
						0.000000 0.713075 0.701088 0.309016 0.000000 0.951057 0.216647 0.713082 0.666767 0.587783 0.000000 0.809018 0.412086 0.713082 0.567186 0.809012 0.000000 0.587792 0.587783 0.000000 0.809018 0.412086 0.713082 0.567186 0.567185 0.713080 0.412089 0.951056 0.000000 0.309018 0.666769 0.713081 0.216646 1.000000 0.000000 -0.000006 0.701079 0.713084 -0.000001 0.567184 0.713086 -0.412082 0.666763 0.713088 -0.216641 0.434929 0.889308 -0.141309 0.369974 0.889307 -0.268797 0.412084 0.713085 -0.567183 0.268803 0.889307 -0.369970 0.216645 0.713085 -0.666765 0.141317 0.889307 -0.434929 -0.000000 0.713083 -0.701080 -0.000000 0.889305 -0.457314 -0.216646 0.713087 -0.666762 -0.141318 0.889309 -0.434924 -0.412084 0.713084 -0.567184 -0.268803 0.889306 -0.369972 -0.567186 0.713077 -0.412092 -0.369977 0.889302 -0.268809 -0.666771 0.713076 -0.216652 -0.434937 0.889302 -0.141323 -0.701086 0.713077 -0.000001 -0.457321 0.889302 -0.000001 -0.666771 0.713077 0.216649 -0.434937 0.889302 0.141320 -0.567186 0.713080 0.412088 -0.369976 0.889304 0.268804 -0.412086 0.713082 0.567185 -0.268804 0.889306 0.369973 -0.216647 0.713077 0.666772 -0.141320 0.889303 0.434936 0.000000 0.713075 0.701088 0.000000 0.889301 0.457323 0.216647 0.713082 0.666767 0.141320 0.889306 0.434929 0.412086 0.713082 0.567186 0.268804 0.889306 0.369973 0.567185 0.713080 0.412089 0.369976 0.889304 0.268806 0.666769 0.713081 0.216646 0.434934 0.889304 0.141318 0.701079 0.713084 -0.000001 0.457314 0.889305 0.000001 0.809020 0.000000 -0.587781 0.951055 0.000000 -0.309021 0.696477 -0.680962 -0.226297 0.592463 -0.680960 -0.430444 0.587790 0.000000 -0.809013 0.430449 -0.680960 -0.592459 0.309009 0.000000 -0.951059 0.587790 0.000000 -0.809013 0.430449 -0.680960 -0.592459 0.226298 -0.680957 -0.696481 0.000000 0.000000 -1.000000 
						0.000000 -0.680956 -0.732325 -0.309009 0.000000 -0.951059 -0.226298 -0.680956 -0.696483 -0.587791 0.000000 -0.809013 -0.430448 -0.680961 -0.592458 -0.809026 0.000000 -0.587773 -0.587791 0.000000 -0.809013 -0.430448 -0.680961 -0.592458 -0.592463 -0.680961 -0.430442 -0.951059 0.000000 -0.309010 -0.696481 -0.680958 -0.226298 -1.000000 0.000000 0.000000 -0.732324 -0.680956 0.000001 -0.951059 0.000000 0.309010 -0.696480 -0.680959 0.226299 -0.809026 0.000000 0.587773 -0.592461 -0.680963 0.430441 -0.587790 0.000000 0.809014 -0.430447 -0.680962 0.592458 -0.309017 0.000000 0.951057 -0.587790 0.000000 0.809014 -0.430447 -0.680962 0.592458 -0.226300 -0.680959 0.696479 0.000000 0.000000 1.000000 0.000000 -0.680960 0.732321 0.309017 0.000000 0.951057 0.226296 -0.680960 0.696480 0.587790 0.000000 0.809014 0.430443 -0.680962 0.592460 0.809026 0.000000 0.587773 0.587790 0.000000 0.809014 0.430443 -0.680962 0.592460 0.592457 -0.680965 0.430443 0.951059 0.000000 0.309010 0.696475 -0.680965 0.226295 1.000000 0.000000 0.000000 0.732317 -0.680964 0.000002 0.592463 -0.680960 -0.430444 0.696477 -0.680962 -0.226297 0.523864 -0.834623 -0.170210 0.445629 -0.834620 -0.323764 0.430449 -0.680960 -0.592459 0.323768 -0.834620 -0.445628 0.226298 -0.680957 -0.696481 0.170213 -0.834621 -0.523866 0.000000 -0.680956 -0.732325 0.000000 -0.834622 -0.550823 -0.226298 -0.680956 -0.696483 -0.170213 -0.834620 -0.523868 -0.430448 -0.680961 -0.592458 -0.323767 -0.834620 -0.445628 -0.592463 -0.680961 -0.430442 -0.445628 -0.834620 -0.323766 -0.696481 -0.680958 -0.226298 -0.523869 -0.834619 -0.170215 -0.523869 -0.834619 -0.170215 -0.550829 -0.834618 0.000001 -0.523868 -0.834619 0.170216 -0.592461 -0.680963 0.430441 -0.696480 -0.680959 0.226299 -0.523868 -0.834619 0.170216 -0.445626 -0.834622 0.323765 -0.430447 -0.680962 0.592458 -0.323767 -0.834621 0.445627 
						-0.226300 -0.680959 0.696479 -0.170214 -0.834620 0.523867 0.000000 -0.680960 0.732321 0.000000 -0.834620 0.550827 0.226296 -0.680960 0.696480 0.170212 -0.834619 0.523870 0.430443 -0.680962 0.592460 0.323762 -0.834620 0.445632 0.592457 -0.680965 0.430443 0.445622 -0.834623 0.323768 0.696475 -0.680965 0.226295 0.523861 -0.834624 0.170212 0.523861 -0.834624 0.170212 0.550821 -0.834624 0.000002 0.523864 -0.834623 -0.170210 0.809019 0.000000 -0.587783 0.951057 0.000000 -0.309017 0.926824 0.224301 -0.301142 0.788404 0.224299 -0.572808 0.587785 0.000000 -0.809017 0.572809 0.224302 -0.788403 0.309016 0.000000 -0.951057 0.587785 0.000000 -0.809017 0.572809 0.224302 -0.788403 0.301143 0.224305 -0.926823 0.000000 0.000000 -1.000000 0.000000 0.224306 -0.974519 -0.309016 0.000000 -0.951057 -0.301143 0.224305 -0.926823 -0.587786 0.000000 -0.809017 -0.572807 0.224303 -0.788403 -0.809019 0.000000 -0.587782 -0.587786 0.000000 -0.809017 -0.572807 0.224303 -0.788403 -0.788402 0.224303 -0.572809 -0.951057 0.000000 -0.309017 -0.926823 0.224303 -0.301144 -1.000000 0.000000 0.000000 -0.974519 0.224303 -0.000000 -0.951056 -0.000001 0.309017 -0.926822 0.224305 0.301144 -0.809013 -0.000001 0.587791 -0.788402 0.224305 0.572808 -0.587779 0.000000 0.809021 -0.572808 0.224305 0.788402 -0.309017 0.000000 0.951056 -0.587779 0.000000 0.809021 -0.572808 0.224305 0.788402 -0.301143 0.224304 0.926823 0.000001 0.000000 1.000000 0.000001 0.224304 0.974519 0.309021 0.000000 0.951055 0.301143 0.224305 0.926823 0.587791 0.000000 0.809013 0.572808 0.224305 0.788403 0.809016 0.000000 0.587787 0.587791 0.000000 0.809013 0.572808 0.224305 0.788403 0.788402 0.224305 0.572808 0.951055 0.000000 0.309023 0.926823 0.224305 0.301143 1.000000 0.000000 0.000000 0.974519 0.224304 0.000002 0.942461 0.041307 -0.331754 
						0.822359 0.041307 -0.567467 0.614691 0.059528 -0.786518 0.614691 0.059528 -0.786518 0.275000 0.059529 -0.959599 -0.024280 0.041308 -0.998851 -0.285569 0.041308 -0.957467 -0.558074 0.059529 -0.827653 -0.558074 0.059529 -0.827653 -0.827653 0.059529 -0.558074 -0.957467 0.041308 -0.285570 -0.998851 0.041308 -0.024281 -0.959599 0.059529 0.275001 -0.786519 0.059530 0.614690 -0.567467 0.041308 0.822360 -0.567467 0.041308 0.822360 -0.331753 0.041307 0.942461 -0.034990 0.059528 0.997613 0.341557 0.059529 0.937974 0.606753 0.041308 0.793817 0.606753 0.041308 0.793817 0.793816 0.041308 0.606753 0.937974 0.059530 0.341557 0.997613 0.059529 -0.034989 0.803579 0.000000 -0.595198 0.953855 0.000000 -0.300268 0.935176 0.000000 -0.354184 0.836219 0.000000 -0.548396 0.574595 0.000000 -0.818438 0.620485 0.000000 -0.784218 0.324384 0.000000 -0.945925 0.574595 0.000000 -0.818438 0.620485 0.000000 -0.784218 0.269726 0.000000 -0.962937 0.009189 0.000000 -0.999958 -0.047859 0.000000 -0.998854 -0.317741 0.000000 -0.948177 -0.263146 0.000000 -0.964756 -0.600809 0.000000 -0.799392 -0.554084 0.000000 -0.832461 -0.799380 0.000000 -0.600826 -0.600809 0.000000 -0.799392 -0.554084 0.000000 -0.832461 -0.832451 0.000000 -0.554099 -0.948177 0.000000 -0.317744 -0.964756 0.000000 -0.263146 -0.999958 0.000000 0.009189 -0.998854 0.000000 -0.047860 -0.945925 0.000002 0.324385 -0.962937 0.000001 0.269728 -0.818437 0.000004 0.574596 -0.784214 0.000004 0.620490 -0.595193 0.000002 0.803583 -0.548392 0.000001 0.836222 -0.300266 -0.000002 0.953855 -0.595193 0.000002 0.803583 -0.548392 0.000001 0.836222 -0.354182 -0.000002 0.935177 0.016206 -0.000001 0.999869 -0.041034 -0.000002 0.999158 0.293562 0.000000 0.955940 0.347779 0.000000 0.937576 0.580324 0.000000 0.814386 0.625831 0.000000 0.779959 0.814385 0.000000 0.580325 
						0.580324 0.000000 0.814386 0.625831 0.000000 0.779959 0.779961 0.000000 0.625828 0.955939 0.000000 0.293566 0.937575 0.000000 0.347784 0.999869 0.000000 0.016205 0.999158 0.000000 -0.041035 0.706034 -0.465920 -0.533324 0.846465 -0.465920 -0.257712 0.790833 -0.555479 -0.256956 0.672723 -0.555479 -0.488761 0.529415 -0.392193 -0.752266 0.488762 -0.555479 -0.672722 0.297414 -0.392193 -0.870477 0.529415 -0.392193 -0.752266 0.488762 -0.555479 -0.672722 0.256956 -0.555479 -0.790832 0.016473 -0.465920 -0.884674 0.000000 -0.555479 -0.831531 -0.289045 -0.465920 -0.836284 -0.256956 -0.555479 -0.790833 -0.551851 -0.392193 -0.735965 -0.488762 -0.555479 -0.672722 -0.735967 -0.392193 -0.551849 -0.551851 -0.392193 -0.735965 -0.488762 -0.555479 -0.672722 -0.672723 -0.555479 -0.488761 -0.836284 -0.465920 -0.289046 -0.790833 -0.555479 -0.256958 -0.884674 -0.465920 0.016473 -0.831531 -0.555479 -0.000000 -0.870476 -0.392193 0.297415 -0.790832 -0.555479 0.256958 -0.752267 -0.392193 0.529414 -0.672722 -0.555479 0.488761 -0.533325 -0.465920 0.706034 -0.488761 -0.555479 0.672723 -0.257712 -0.465920 0.846465 -0.533325 -0.465920 0.706034 -0.488761 -0.555479 0.672723 -0.256956 -0.555479 0.790833 0.013866 -0.392193 0.919779 0.000000 -0.555479 0.831531 0.271039 -0.392193 0.879046 0.256957 -0.555479 0.790833 0.506671 -0.465920 0.725399 0.488761 -0.555479 0.672723 0.725399 -0.465920 0.506671 0.506671 -0.465920 0.725399 0.488761 -0.555479 0.672723 0.672723 -0.555479 0.488761 0.879046 -0.392193 0.271039 0.790833 -0.555479 0.256957 0.919778 -0.392193 0.013867 0.831531 -0.555479 0.000001 0.417965 -0.856207 -0.303669 0.491348 -0.856207 -0.159647 0.491348 -0.856207 -0.159647 0.417965 -0.856207 -0.303669 0.303669 -0.856207 -0.417965 0.303669 -0.856207 -0.417965 0.159648 -0.856206 -0.491349 0.159648 -0.856206 -0.491349 0.000000 -0.856207 -0.516633 
						0.000000 -0.856207 -0.516633 -0.159648 -0.856206 -0.491348 -0.159648 -0.856206 -0.491348 -0.303669 -0.856206 -0.417967 -0.303670 -0.856206 -0.417967 -0.417966 -0.856207 -0.303670 -0.417966 -0.856206 -0.303669 -0.491348 -0.856207 -0.159648 -0.491348 -0.856207 -0.159648 -0.516633 -0.856207 -0.000000 -0.491348 -0.856207 -0.159648 -0.491348 -0.856207 -0.159648 -0.516633 -0.856207 -0.000000 -0.491348 -0.856207 0.159649 -0.491348 -0.856207 0.159649 -0.417965 -0.856206 0.303670 -0.491348 -0.856207 0.159649 -0.491348 -0.856207 0.159649 -0.417965 -0.856206 0.303670 -0.303669 -0.856206 0.417967 -0.303669 -0.856206 0.417967 -0.159648 -0.856205 0.491350 -0.159648 -0.856205 0.491350 0.000000 -0.856206 0.516635 0.000000 -0.856206 0.516635 0.159648 -0.856206 0.491349 0.159648 -0.856206 0.491349 0.303669 -0.856206 0.417967 0.303669 -0.856206 0.417967 0.417965 -0.856207 0.303668 0.417965 -0.856207 0.303668 0.491347 -0.856207 0.159647 0.491347 -0.856207 0.159647 0.516634 -0.856206 0.000001 0.491347 -0.856207 0.159647 0.491347 -0.856207 0.159647 0.516634 -0.856206 0.000001 0.491348 -0.856207 -0.159647 0.491348 -0.856207 -0.159647 0.000000 -1.000000 0.000000 0.000000 -1.000000 0.000000 0.000000 -1.000000 0.000000 0.000000 -1.000000 0.000000 0.000000 -1.000000 -0.000002 0.000000 -1.000000 -0.000002 0.000000 -1.000000 0.000001 0.000000 -1.000000 0.000001 0.000000 -1.000000 0.000001 0.000000 -1.000000 0.000001 0.000000 -1.000000 0.000000 0.000000 -1.000000 0.000000 0.000000 -1.000000 0.000000 0.000000 -1.000000 0.000000 0.000000 -1.000000 0.000002 0.000000 -1.000000 0.000002 0.000000 -1.000000 0.000002 0.000000 -1.000000 0.000002 0.000000 -1.000000 0.000000 0.000000 -1.000000 0.000000 0.000000 -1.000000 0.000000 0.000000 -1.000000 0.000000 0.000000 -1.000000 0.000000 0.000000 -1.000000 0.000000 0.000000 -1.000000 0.000000 
						0.000000 -1.000000 0.000000 0.000000 -1.000000 -0.000002 0.000000 -1.000000 -0.000002 0.000000 -1.000000 0.000000 0.000000 -1.000000 0.000000 0.000000 -1.000000 0.000001 0.000000 -1.000000 0.000001 0.000000 -1.000000 0.000000 0.000000 -1.000000 0.000000 0.000000 -1.000000 0.000002 0.000000 -1.000000 0.000002 0.000000 -1.000000 0.000000 0.000000 -1.000000 0.000000 0.000000 -1.000000 0.000002 0.000000 -1.000000 0.000002 0.809018 -0.000000 -0.587784 0.951057 -0.000000 -0.309016 0.937874 -0.165922 -0.304732 0.797804 -0.165922 -0.579637 0.587785 -0.000000 -0.809017 0.579637 -0.165922 -0.797804 0.309016 -0.000001 -0.951057 0.587785 -0.000000 -0.809017 0.579637 -0.165922 -0.797804 0.304733 -0.165922 -0.937874 0.000001 0.000000 -1.000000 0.000002 -0.165921 -0.986139 -0.309015 0.000002 -0.951057 -0.304731 -0.165920 -0.937875 -0.587786 0.000002 -0.809016 -0.579639 -0.165920 -0.797803 -0.809018 0.000001 -0.587784 -0.587786 0.000002 -0.809016 -0.579639 -0.165920 -0.797803 -0.797804 -0.165921 -0.579637 -0.951056 0.000000 -0.309017 -0.937874 -0.165921 -0.304733 -1.000000 0.000000 0.000000 -0.986139 -0.165921 0.000000 -0.951056 0.000000 0.309017 -0.937874 -0.165921 0.304734 -0.809017 0.000000 0.587785 -0.797804 -0.165921 0.579637 -0.587786 0.000000 0.809017 -0.579638 -0.165921 0.797803 -0.309015 0.000000 0.951057 -0.587786 0.000000 0.809017 -0.579638 -0.165921 0.797803 -0.304732 -0.165921 0.937875 0.000002 -0.000000 1.000000 0.000002 -0.165921 0.986139 0.309017 -0.000001 0.951057 0.304733 -0.165922 0.937874 0.587784 -0.000001 0.809018 0.579637 -0.165922 0.797804 0.809017 -0.000000 0.587785 0.587784 -0.000001 0.809018 0.579637 -0.165922 0.797804 0.797804 -0.165922 0.579637 0.951057 0.000000 0.309016 0.937874 -0.165921 0.304732 1.000000 -0.000000 0.000000 0.986139 -0.165921 0.000000 0.669096 -0.710667 -0.217400 
						0.569166 -0.710668 -0.413523 0.413522 -0.710667 -0.569167 0.304733 -0.165922 -0.937874 0.579637 -0.165922 -0.797804 0.413522 -0.710667 -0.569167 0.217402 -0.710667 -0.669096 0.000002 -0.165921 -0.986139 0.000003 -0.710666 -0.703529 -0.304731 -0.165920 -0.937875 -0.217399 -0.710666 -0.669098 -0.579639 -0.165920 -0.797803 -0.413524 -0.710667 -0.569167 -0.413524 -0.710667 -0.569167 -0.569168 -0.710668 -0.413521 -0.669096 -0.710667 -0.217399 -0.703529 -0.710667 0.000001 -0.669095 -0.710667 0.217402 -0.569167 -0.710667 0.413523 -0.413523 -0.710667 0.569166 -0.304732 -0.165921 0.937875 -0.579638 -0.165921 0.797803 -0.413523 -0.710667 0.569166 -0.217401 -0.710668 0.669095 0.000002 -0.165921 0.986139 0.000003 -0.710667 0.703528 0.304733 -0.165922 0.937874 0.217402 -0.710665 0.669097 0.579637 -0.165922 0.797804 0.413522 -0.710667 0.569168 0.413522 -0.710667 0.569168 0.569166 -0.710668 0.413522 0.669096 -0.710667 0.217399 0.703529 -0.710667 0.000000 0.809016 0.000000 -0.587786 0.951057 0.000000 -0.309016 0.587784 0.000000 -0.809018 0.309016 0.000000 -0.951057 0.587784 0.000000 -0.809018 0.000000 0.000000 -1.000000 -0.309017 0.000000 -0.951057 -0.587784 0.000000 -0.809018 -0.809016 0.000000 -0.587786 -0.587784 0.000000 -0.809018 -0.951057 0.000000 -0.309016 -1.000000 0.000000 0.000000 -0.951057 0.000000 0.309016 -0.809018 0.000000 0.587784 -0.587786 0.000000 0.809017 -0.309014 0.000000 0.951057 -0.587786 0.000000 0.809017 -0.000000 0.000000 1.000000 0.309017 0.000000 0.951057 0.587786 0.000000 0.809017 0.809018 0.000000 0.587784 0.587786 0.000000 0.809017 0.951056 0.000000 0.309017 1.000000 0.000000 0.000001 0.546526 0.737321 -0.397073 0.642479 0.737321 -0.208753 0.397074 0.737321 -0.546524 0.208754 0.737322 -0.642478 0.397074 0.737321 -0.546524 0.000000 0.737322 -0.675541 -0.208754 0.737322 -0.642478 
						-0.397074 0.737321 -0.546525 -0.546526 0.737321 -0.397073 -0.397074 0.737321 -0.546525 -0.642480 0.737320 -0.208753 -0.675543 0.737321 -0.000000 -0.642480 0.737321 0.208753 -0.546526 0.737320 0.397074 -0.397074 0.737320 0.546526 -0.208754 0.737319 0.642481 -0.397074 0.737320 0.546526 0.000000 0.737318 0.675545 0.208754 0.737321 0.642479 0.397074 0.737322 0.546524 0.546526 0.737321 0.397073 0.397074 0.737322 0.546524 0.642479 0.737321 0.208754 0.675542 0.737322 0.000001 0.452826 0.828680 -0.328996 0.532328 0.828680 -0.172964 0.546526 0.737321 -0.397073 0.397074 0.737321 -0.546524 0.328997 0.828680 -0.452824 0.452826 0.828680 -0.328996 0.208754 0.737322 -0.642478 0.172963 0.828681 -0.532327 0.000000 0.737322 -0.675541 0.000000 0.828681 -0.559721 -0.208754 0.737322 -0.642478 -0.172963 0.828681 -0.532327 -0.397074 0.737321 -0.546525 -0.328997 0.828680 -0.452825 -0.546526 0.737321 -0.397073 -0.452826 0.828680 -0.328996 -0.532329 0.828679 -0.172964 -0.452826 0.828680 -0.328996 -0.559723 0.828680 0.000000 -0.532329 0.828680 0.172964 -0.452826 0.828679 0.328999 -0.546526 0.737320 0.397074 -0.397074 0.737320 0.546526 -0.328997 0.828678 0.452828 -0.452826 0.828679 0.328999 -0.208754 0.737319 0.642481 -0.172964 0.828679 0.532329 0.000000 0.737318 0.675545 0.000000 0.828679 0.559724 0.208754 0.737321 0.642479 0.172964 0.828679 0.532329 0.397074 0.737322 0.546524 0.328997 0.828680 0.452824 0.546526 0.737321 0.397073 0.452825 0.828680 0.328996 0.532328 0.828680 0.172963 0.452825 0.828680 0.328996 0.559722 0.828680 0.000001 0.951058 0.000000 -0.309013 0.809017 0.000000 -0.587785 0.646878 -0.600551 -0.469986 0.760450 -0.600554 -0.247085 0.587779 0.000000 -0.809021 0.469980 -0.600551 -0.646883 0.587779 0.000000 -0.809021 0.309008 0.000000 -0.951059 0.247081 -0.600549 -0.760456 
						0.469980 -0.600551 -0.646883 0.000000 0.000000 -1.000000 -0.000000 -0.600549 -0.799588 -0.309008 0.000000 -0.951059 -0.247082 -0.600552 -0.760452 -0.587779 0.000000 -0.809021 -0.469982 -0.600554 -0.646878 -0.587779 0.000000 -0.809021 -0.809017 0.000000 -0.587785 -0.646878 -0.600554 -0.469982 -0.469982 -0.600554 -0.646878 -0.951059 0.000000 -0.309010 -0.760449 -0.600555 -0.247083 -1.000000 0.000000 -0.000000 -0.799582 -0.600557 0.000001 -0.951059 0.000000 0.309010 -0.760449 -0.600555 0.247085 -0.809017 0.000000 0.587785 -0.646878 -0.600550 0.469987 -0.587779 0.000000 0.809021 -0.469981 -0.600549 0.646884 -0.587779 0.000000 0.809021 -0.309015 0.000000 0.951057 -0.247083 -0.600553 0.760451 -0.469981 -0.600549 0.646884 -0.000000 0.000000 1.000000 0.000000 -0.600559 0.799581 0.309022 0.000000 0.951055 0.247084 -0.600557 0.760448 0.587789 0.000000 0.809014 0.469981 -0.600556 0.646877 0.587789 0.000000 0.809014 0.809017 0.000000 0.587785 0.646875 -0.600558 0.469981 0.469981 -0.600556 0.646877 0.951058 0.000000 0.309013 0.760447 -0.600558 0.247083 1.000000 0.000000 0.000000 0.799582 -0.600557 0.000000 0.760450 -0.600554 -0.247085 0.646878 -0.600551 -0.469986 0.364741 -0.892601 -0.265004 0.428779 -0.892602 -0.139321 0.469980 -0.600551 -0.646883 0.264999 -0.892601 -0.364745 0.247081 -0.600549 -0.760456 0.139317 -0.892602 -0.428781 -0.000000 -0.600549 -0.799588 -0.000000 -0.892606 -0.450838 -0.247082 -0.600552 -0.760452 -0.139318 -0.892605 -0.428773 -0.469982 -0.600554 -0.646878 -0.265000 -0.892604 -0.364737 -0.646878 -0.600554 -0.469982 -0.364741 -0.892603 -0.264997 -0.760449 -0.600555 -0.247083 -0.428777 -0.892603 -0.139321 -0.799582 -0.600557 0.000001 -0.450841 -0.892604 0.000001 -0.760449 -0.600555 0.247085 -0.428777 -0.892602 0.139324 -0.646878 -0.600550 0.469987 -0.364741 -0.892600 0.265006 -0.469981 -0.600549 0.646884 
						-0.265000 -0.892601 0.364746 -0.247083 -0.600553 0.760451 -0.139318 -0.892601 0.428781 0.000000 -0.600559 0.799581 0.000000 -0.892605 0.450840 0.247084 -0.600557 0.760448 0.139317 -0.892598 0.428788 0.469981 -0.600556 0.646877 0.264996 -0.892600 0.364750 0.646875 -0.600558 0.469981 0.364739 -0.892605 0.264995 0.760447 -0.600558 0.247083 0.428775 -0.892604 0.139319 0.799582 -0.600557 0.000000 0.450841 -0.892604 -0.000000 0.951057 0.000000 -0.309015 0.809017 -0.000000 -0.587785 0.809017 -0.000000 -0.587785 0.951057 0.000000 -0.309015 0.587786 -0.000001 -0.809017 0.587786 -0.000001 -0.809017 0.587786 -0.000001 -0.809017 0.309017 -0.000000 -0.951057 0.309017 -0.000000 -0.951057 0.587786 -0.000001 -0.809017 0.000000 0.000000 -1.000000 0.000000 0.000000 -1.000000 -0.309016 0.000000 -0.951057 -0.309016 0.000000 -0.951057 -0.587783 0.000000 -0.809019 -0.587783 0.000000 -0.809019 -0.587783 0.000000 -0.809019 -0.809017 -0.000000 -0.587785 -0.809017 -0.000000 -0.587785 -0.587783 0.000000 -0.809019 -0.951057 -0.000000 -0.309016 -0.951057 -0.000000 -0.309016 -1.000000 -0.000000 0.000000 -1.000000 -0.000000 0.000000 -0.951057 -0.000000 0.309016 -0.951057 -0.000000 0.309016 -0.809017 -0.000000 0.587785 -0.809017 -0.000000 0.587785 -0.587786 0.000000 0.809017 -0.587786 0.000000 0.809017 -0.587786 0.000000 0.809017 -0.309018 0.000000 0.951056 -0.309018 0.000000 0.951056 -0.587786 0.000000 0.809017 -0.000000 0.000000 1.000000 -0.000000 0.000000 1.000000 0.309018 0.000000 0.951056 0.309018 0.000000 0.951056 0.587786 0.000000 0.809016 0.587786 0.000000 0.809016 0.587786 0.000000 0.809016 0.809017 0.000000 0.587785 0.809017 0.000000 0.587785 0.587786 0.000000 0.809016 0.951057 0.000000 0.309017 0.951057 0.000000 0.309017 1.000000 0.000000 0.000001 1.000000 0.000000 0.000001 0.486031 0.838120 -0.247648 
						0.486031 0.838120 -0.247648 0.807695 0.057150 -0.586824 0.949502 0.057150 -0.308512 0.385717 0.838119 -0.385718 0.385717 0.838119 -0.385718 0.586825 0.057151 -0.807695 0.807695 0.057150 -0.586824 0.247641 0.838104 -0.486060 0.247641 0.838104 -0.486061 0.308511 0.057150 -0.949503 0.586825 0.057151 -0.807695 0.085332 0.838121 -0.538769 0.085332 0.838121 -0.538769 -0.000000 0.057150 -0.998366 0.308511 0.057150 -0.949503 -0.085332 0.838122 -0.538766 -0.085332 0.838122 -0.538766 -0.308512 0.057150 -0.949502 -0.247651 0.838135 -0.486003 -0.247651 0.838135 -0.486003 -0.586826 0.057150 -0.807694 -0.308512 0.057150 -0.949502 -0.385717 0.838123 -0.385710 -0.385717 0.838123 -0.385710 -0.807695 0.057150 -0.586825 -0.586826 0.057150 -0.807694 -0.486032 0.838123 -0.247635 -0.486032 0.838123 -0.247635 -0.949502 0.057150 -0.308512 -0.807695 0.057150 -0.586825 -0.538770 0.838120 -0.085334 -0.538770 0.838120 -0.085334 -0.998366 0.057150 0.000000 -0.949502 0.057150 -0.308512 -0.538769 0.838120 0.085339 -0.538769 0.838120 0.085339 -0.949502 0.057150 0.308512 -0.486031 0.838119 0.247648 -0.486031 0.838119 0.247648 -0.807694 0.057150 0.586825 -0.949502 0.057150 0.308512 -0.385718 0.838127 0.385700 -0.385718 0.838127 0.385700 -0.586824 0.057150 0.807695 -0.807694 0.057150 0.586825 -0.247642 0.838108 0.486053 -0.247642 0.838108 0.486053 -0.308512 0.057150 0.949502 -0.586824 0.057150 0.807695 -0.085333 0.838124 0.538764 -0.085333 0.838124 0.538764 0.000000 0.057150 0.998366 -0.308512 0.057150 0.949502 0.085333 0.838126 0.538760 0.085333 0.838126 0.538760 0.308512 0.057150 0.949502 0.247645 0.838116 0.486038 0.247645 0.838116 0.486038 0.586825 0.057150 0.807694 0.308512 0.057150 0.949502 0.385719 0.838124 0.385706 0.385719 0.838124 0.385706 0.807695 0.057151 0.586824 0.586825 0.057150 0.807694 
						0.486033 0.838122 0.247635 0.486033 0.838122 0.247635 0.949502 0.057150 0.308512 0.807695 0.057151 0.586824 0.538771 0.838119 0.085334 0.538771 0.838119 0.085334 0.998366 0.057150 0.000001 0.949502 0.057150 0.308512 0.538774 0.838117 -0.085333 0.538774 0.838117 -0.085333 0.949502 0.057150 -0.308512 0.807695 0.057150 -0.586824 0.809017 -0.000000 -0.587785 0.951057 -0.000000 -0.309017 0.586825 0.057151 -0.807695 0.587786 0.000000 -0.809017 0.586825 0.057151 -0.807695 0.308511 0.057150 -0.949503 0.309016 0.000000 -0.951057 0.587786 0.000000 -0.809017 -0.000000 0.057150 -0.998366 0.000000 0.000000 -1.000000 -0.308512 0.057150 -0.949502 -0.309016 0.000000 -0.951057 -0.586826 0.057150 -0.807694 -0.587785 0.000000 -0.809017 -0.586826 0.057150 -0.807694 -0.807695 0.057150 -0.586825 -0.809017 0.000000 -0.587786 -0.587785 0.000000 -0.809017 -0.951057 0.000000 -0.309017 -1.000000 0.000000 -0.000000 -0.951056 0.000000 0.309017 -0.807694 0.057150 0.586825 -0.809016 0.000000 0.587786 -0.586824 0.057150 0.807695 -0.587785 0.000000 0.809017 -0.586824 0.057150 0.807695 -0.308512 0.057150 0.949502 -0.309017 0.000000 0.951056 -0.587785 0.000000 0.809017 0.000000 0.057150 0.998366 0.000000 0.000000 1.000000 0.308512 0.057150 0.949502 0.309017 0.000000 0.951056 0.586825 0.057150 0.807694 0.587785 0.000000 0.809017 0.586825 0.057150 0.807694 0.807695 0.057151 0.586824 0.809017 -0.000000 0.587785 0.587785 0.000000 0.809017 0.951057 0.000000 0.309017 1.000000 0.000000 0.000001 0.686890 -0.528332 -0.499047 0.807486 -0.528330 -0.262363 0.499054 -0.528334 -0.686883 0.262366 -0.528333 -0.807483 0.499054 -0.528334 -0.686883 -0.000000 -0.528332 -0.849038 -0.262367 -0.528333 -0.807483 -0.499052 -0.528332 -0.686886 -0.686887 -0.528331 -0.499052 -0.499052 -0.528332 -0.686886 -0.807486 -0.528328 -0.262365 
						-0.849041 -0.528328 0.000001 -0.807486 -0.528329 0.262364 -0.686888 -0.528331 0.499050 -0.499053 -0.528332 0.686885 -0.262369 -0.528330 0.807484 -0.499053 -0.528332 0.686885 -0.000000 -0.528327 0.849041 0.262368 -0.528326 0.807486 0.499055 -0.528328 0.686887 0.686889 -0.528329 0.499050 0.499055 -0.528328 0.686887 0.807486 -0.528327 0.262368 0.849041 -0.528327 0.000002 0.807486 -0.528330 -0.262363 0.686890 -0.528332 -0.499047 0.445629 -0.834621 -0.323764 0.523869 -0.834619 -0.170211 0.499054 -0.528334 -0.686883 0.323768 -0.834623 -0.445622 0.262366 -0.528333 -0.807483 0.170214 -0.834622 -0.523864 -0.000000 -0.528332 -0.849038 -0.000000 -0.834619 -0.550828 -0.262367 -0.528333 -0.807483 -0.170214 -0.834622 -0.523864 -0.499052 -0.528332 -0.686886 -0.323767 -0.834623 -0.445623 -0.686887 -0.528331 -0.499052 -0.445628 -0.834620 -0.323768 -0.807486 -0.528328 -0.262365 -0.523870 -0.834618 -0.170215 -0.550829 -0.834618 0.000002 -0.523870 -0.834618 -0.170215 -0.523869 -0.834619 0.170212 -0.807486 -0.528329 0.262364 -0.686888 -0.528331 0.499050 -0.445628 -0.834621 0.323763 -0.523869 -0.834619 0.170212 -0.499053 -0.528332 0.686885 -0.323768 -0.834624 0.445620 -0.262369 -0.528330 0.807484 -0.170217 -0.834621 0.523865 -0.000000 -0.528327 0.849041 -0.000000 -0.834615 0.550833 0.262368 -0.528326 0.807486 0.170216 -0.834617 0.523871 0.499055 -0.528328 0.686887 0.323769 -0.834618 0.445630 0.686889 -0.528329 0.499050 0.445630 -0.834618 0.323770 0.807486 -0.528327 0.262368 0.523869 -0.834618 0.170218 0.550829 -0.834618 0.000004 0.523869 -0.834618 0.170218 0.523869 -0.834619 -0.170211 0.951056 0.000000 -0.309018 0.809017 0.000000 -0.587785 0.781944 -0.256533 -0.568115 0.919230 -0.256534 -0.298676 0.587785 0.000000 -0.809017 0.568114 -0.256531 -0.781945 0.587785 0.000000 -0.809017 0.309015 0.000000 -0.951057 0.298674 -0.256531 -0.919231 
						0.568114 -0.256531 -0.781945 0.000000 0.000000 -1.000000 -0.000000 -0.256531 -0.966536 -0.309016 -0.000000 -0.951057 -0.298674 -0.256531 -0.919231 -0.587784 -0.000001 -0.809018 -0.568116 -0.256531 -0.781944 -0.587784 -0.000001 -0.809018 -0.809016 -0.000000 -0.587787 -0.781944 -0.256531 -0.568115 -0.568116 -0.256531 -0.781944 -0.951056 0.000000 -0.309018 -0.919230 -0.256531 -0.298676 -1.000000 0.000000 0.000000 -0.966536 -0.256531 -0.000000 -0.951056 0.000000 0.309018 -0.919230 -0.256530 0.298677 -0.809016 0.000000 0.587787 -0.781944 -0.256530 0.568117 -0.587784 0.000000 0.809018 -0.568116 -0.256531 0.781944 -0.587784 0.000000 0.809018 -0.309016 0.000000 0.951057 -0.298676 -0.256532 0.919230 -0.568116 -0.256531 0.781944 0.000000 0.000000 1.000000 -0.000000 -0.256531 0.966536 0.309018 0.000000 0.951056 0.298676 -0.256530 0.919231 0.587786 0.000001 0.809016 0.568117 -0.256529 0.781944 0.587786 0.000001 0.809016 0.809017 0.000000 0.587786 0.781945 -0.256530 0.568115 0.568117 -0.256529 0.781944 0.951057 0.000000 0.309017 0.919231 -0.256531 0.298675 1.000000 0.000000 0.000001 0.966536 -0.256532 0.000001 0.669731 -0.560973 -0.486589 0.787316 -0.560975 -0.255812 0.486587 -0.560969 -0.669737 0.255813 -0.560970 -0.787319 0.486587 -0.560969 -0.669737 -0.000000 -0.560972 -0.827835 -0.255813 -0.560971 -0.787319 -0.486590 -0.560971 -0.669732 -0.669735 -0.560971 -0.486586 -0.486590 -0.560971 -0.669732 -0.787319 -0.560971 -0.255815 -0.827835 -0.560971 -0.000001 -0.787319 -0.560970 0.255816 -0.669734 -0.560970 0.486589 -0.486591 -0.560973 0.669731 -0.255816 -0.560973 0.787316 -0.486591 -0.560973 0.669731 -0.000000 -0.560971 0.827836 0.255815 -0.560969 0.787320 0.486592 -0.560970 0.669733 0.669735 -0.560970 0.486587 0.486592 -0.560970 0.669733 0.787319 -0.560971 0.255814 0.827834 -0.560973 0.000001 0.951057 0.000004 -0.309017 
						0.809017 0.000003 -0.587785 0.805755 -0.089712 -0.585415 0.947221 -0.089713 -0.307772 0.587786 0.000002 -0.809016 0.585417 -0.089713 -0.805754 0.587786 0.000002 -0.809016 0.309016 0.000002 -0.951057 0.307770 -0.089715 -0.947222 0.585417 -0.089713 -0.805754 -0.000000 0.000001 -1.000000 0.000000 -0.089715 -0.995968 -0.309016 0.000001 -0.951057 -0.307770 -0.089714 -0.947222 -0.587785 0.000002 -0.809017 -0.585415 -0.089713 -0.805754 -0.587785 0.000002 -0.809017 -0.809017 0.000001 -0.587785 -0.805754 -0.089713 -0.585416 -0.585415 -0.089713 -0.805754 -0.951057 0.000000 -0.309015 -0.947221 -0.089715 -0.307772 -1.000000 -0.000000 0.000000 -0.995967 -0.089716 -0.000001 -0.951057 -0.000000 0.309016 -0.947221 -0.089715 0.307771 -0.809017 0.000001 0.587786 -0.805754 -0.089714 0.585416 -0.587782 0.000003 0.809019 -0.585413 -0.089713 0.805756 -0.587782 0.000003 0.809019 -0.309017 0.000002 0.951057 -0.307770 -0.089715 0.947222 -0.585413 -0.089713 0.805756 0.000000 0.000001 1.000000 0.000000 -0.089716 0.995967 0.309018 0.000001 0.951056 0.307770 -0.089715 0.947222 0.587785 0.000000 0.809017 0.585415 -0.089716 0.805755 0.587785 0.000000 0.809017 0.809017 0.000000 0.587786 0.805754 -0.089716 0.585416 0.585415 -0.089716 0.805755 0.951056 0.000000 0.309019 0.947221 -0.089716 0.307773 1.000000 0.000002 0.000002 0.995968 -0.089715 0.000001 0.616853 -0.647017 -0.448175 0.725149 -0.647026 -0.235616 0.448175 -0.647020 -0.616850 0.235618 -0.647030 -0.725146 0.448175 -0.647020 -0.616850 0.000001 -0.647020 -0.762473 -0.235617 -0.647019 -0.725156 -0.448171 -0.647021 -0.616852 -0.616847 -0.647014 -0.448190 -0.448171 -0.647021 -0.616852 -0.725151 -0.647018 -0.235635 -0.762470 -0.647023 -0.000004 -0.725155 -0.647018 0.235623 -0.616851 -0.647016 0.448180 -0.448169 -0.647025 0.616849 -0.235614 -0.647029 0.725148 -0.448169 -0.647025 0.616849 
						-0.000001 -0.647009 0.762482 0.235610 -0.647013 0.725163 0.448169 -0.647029 0.616845 0.616850 -0.647025 0.448169 0.448169 -0.647029 0.616845 0.725153 -0.647022 0.235617 0.762469 -0.647025 0.000001 0.951056 -0.000000 -0.309018 0.809017 0.000000 -0.587786 0.793784 0.193145 -0.576717 0.933148 0.193144 -0.303199 0.587786 0.000001 -0.809016 0.576718 0.193145 -0.793783 0.587786 0.000001 -0.809016 0.309015 0.000002 -0.951057 0.303197 0.193143 -0.933149 0.576718 0.193145 -0.793783 -0.000000 0.000001 -1.000000 -0.000000 0.193143 -0.981171 -0.309016 0.000001 -0.951057 -0.303198 0.193144 -0.933149 -0.587787 0.000002 -0.809016 -0.576719 0.193146 -0.793782 -0.587787 0.000002 -0.809016 -0.809018 0.000001 -0.587784 -0.793784 0.193145 -0.576717 -0.576719 0.193146 -0.793782 -0.951057 0.000000 -0.309017 -0.933148 0.193144 -0.303199 -1.000000 -0.000000 0.000000 -0.981170 0.193144 -0.000000 -0.951057 -0.000000 0.309016 -0.933148 0.193143 0.303199 -0.809017 0.000000 0.587785 -0.793783 0.193144 0.576718 -0.587786 0.000001 0.809017 -0.576718 0.193145 0.793783 -0.587786 0.000001 0.809017 -0.309016 0.000002 0.951057 -0.303198 0.193147 0.933148 -0.576718 0.193145 0.793783 0.000000 0.000002 1.000000 0.000000 0.193148 0.981170 0.309017 0.000002 0.951056 0.303198 0.193147 0.933148 0.587785 0.000003 0.809017 0.576717 0.193146 0.793783 0.587785 0.000003 0.809017 0.809017 0.000002 0.587785 0.793784 0.193145 0.576717 0.576717 0.193146 0.793783 0.951057 -0.000000 0.309016 0.933149 0.193143 0.303198 1.000000 -0.000001 0.000002 0.981171 0.193143 0.000001 0.528999 0.756602 -0.384335 0.621874 0.756601 -0.202059 0.793784 0.193145 -0.576717 0.576718 0.193145 -0.793783 0.384340 0.756600 -0.528998 0.528999 0.756602 -0.384335 0.303197 0.193143 -0.933149 0.202059 0.756599 -0.621876 -0.000000 0.193143 -0.981171 
						0.000000 0.756605 -0.653872 -0.303198 0.193144 -0.933149 -0.202061 0.756603 -0.621871 -0.576719 0.193146 -0.793782 -0.384341 0.756601 -0.528996 -0.793784 0.193145 -0.576717 -0.528998 0.756600 -0.384342 -0.621874 0.756600 -0.202063 -0.528998 0.756600 -0.384342 -0.653877 0.756601 -0.000001 -0.621874 0.756600 0.202062 -0.528997 0.756598 0.384344 -0.793783 0.193144 0.576718 -0.576718 0.193145 0.793783 -0.384340 0.756603 0.528994 -0.528997 0.756598 0.384344 -0.303198 0.193147 0.933148 -0.202060 0.756610 0.621863 0.000000 0.193148 0.981170 0.000000 0.756607 0.653870 0.303198 0.193147 0.933148 0.202058 0.756601 0.621874 0.576717 0.193146 0.793783 0.384339 0.756601 0.528997 0.793784 0.193145 0.576717 0.528999 0.756601 0.384337 0.621876 0.756599 0.202060 0.528999 0.756601 0.384337 0.653879 0.756599 0.000001 0.646057 0.733856 -0.209916 0.549569 0.733856 -0.399285 0.549569 0.733856 -0.399285 0.646057 0.733856 -0.209915 0.549569 0.733856 -0.399285 0.399286 0.733857 -0.549568 0.399286 0.733857 -0.549568 0.549569 0.733856 -0.399285 0.209916 0.733858 -0.646056 0.209916 0.733857 -0.646056 0.000000 0.733855 -0.679306 0.000000 0.733855 -0.679306 -0.209917 0.733857 -0.646057 -0.209916 0.733857 -0.646057 -0.399287 0.733857 -0.549567 -0.399287 0.733857 -0.549567 -0.549569 0.733857 -0.399285 -0.549569 0.733857 -0.399285 -0.549569 0.733857 -0.399285 -0.646056 0.733857 -0.209916 -0.646056 0.733857 -0.209916 -0.549569 0.733857 -0.399285 -0.679304 0.733857 0.000000 -0.679304 0.733857 0.000000 -0.646056 0.733857 0.209916 -0.646056 0.733857 0.209916 -0.549568 0.733856 0.399286 -0.549568 0.733856 0.399286 -0.549568 0.733856 0.399286 -0.399285 0.733855 0.549571 -0.399285 0.733855 0.549571 -0.549568 0.733856 0.399286 -0.209916 0.733854 0.646060 -0.209916 0.733854 0.646060 0.000000 0.733855 0.679306 
						0.000000 0.733855 0.679306 0.209917 0.733857 0.646056 0.209917 0.733857 0.646056 0.399285 0.733857 0.549568 0.399286 0.733857 0.549568 0.549569 0.733857 0.399284 0.549569 0.733857 0.399284 0.549569 0.733857 0.399284 0.646056 0.733857 0.209917 0.646056 0.733857 0.209917 0.549569 0.733857 0.399284 0.679304 0.733857 0.000001 0.679304 0.733857 0.000001 0.000000 1.000000 -0.000004 0.000000 1.000000 -0.000004 0.000000 1.000000 -0.000004 0.000000 1.000000 -0.000004 0.000000 1.000000 0.000006 0.000000 1.000000 0.000006 0.000000 1.000000 0.000008 0.000000 1.000000 0.000008 0.000000 1.000000 0.000008 0.000000 1.000000 0.000008 0.000000 1.000000 0.000000 0.000000 1.000000 0.000000 0.000000 1.000000 0.000002 0.000000 1.000000 0.000002 0.000000 1.000000 0.000006 0.000000 1.000000 0.000006 0.000000 1.000000 -0.000006 0.000000 1.000000 -0.000006 0.000000 1.000000 -0.000006 0.000000 1.000000 -0.000006 0.000000 1.000000 0.000000 0.000000 1.000000 0.000000 0.000000 1.000000 0.000000 0.000000 1.000000 0.000000 0.000000 1.000000 0.000006 0.000000 1.000000 0.000006 0.000000 1.000000 -0.000006 0.000000 1.000000 -0.000006 0.000000 1.000000 -0.000006 0.000000 1.000000 -0.000006 0.000000 1.000000 0.000006 0.000000 1.000000 0.000006 0.000000 1.000000 0.000006 0.000000 1.000000 0.000006 0.000000 1.000000 -0.000011 0.000000 1.000000 -0.000011 0.000000 1.000000 -0.000011 0.000000 1.000000 -0.000011 0.000000 1.000000 0.000001 0.000000 1.000000 0.000001 0.000000 1.000000 0.000001 0.000000 1.000000 0.000001 0.000000 1.000000 -0.000004 0.000000 1.000000 -0.000004 0.000000 1.000000 0.000000 0.000000 1.000000 0.000000 0.000000 1.000000 0.000002 0.000000 1.000000 0.000002 0.000000 1.000000 0.000000 0.000000 1.000000 0.000000 0.951056 0.000000 -0.309018 
						0.809022 0.000000 -0.587778 0.577556 -0.700249 -0.419619 0.678959 -0.700248 -0.220606 0.587789 0.000000 -0.809014 0.419617 -0.700249 -0.577558 0.587789 0.000000 -0.809014 0.309011 0.000000 -0.951059 0.220604 -0.700247 -0.678961 0.419617 -0.700249 -0.577558 0.000000 0.000000 -1.000000 0.000000 -0.700248 -0.713900 -0.309012 0.000000 -0.951058 -0.220606 -0.700251 -0.678956 -0.587784 0.000000 -0.809018 -0.419618 -0.700250 -0.577556 -0.587784 0.000000 -0.809018 -0.809016 0.000000 -0.587786 -0.577557 -0.700249 -0.419618 -0.419618 -0.700250 -0.577556 -0.951056 0.000000 -0.309018 -0.678959 -0.700249 -0.220603 -1.000000 0.000000 0.000000 -0.713900 -0.700248 0.000000 -0.951056 0.000001 0.309019 -0.678959 -0.700249 0.220604 -0.809016 0.000001 0.587787 -0.577555 -0.700251 0.419617 -0.587783 0.000000 0.809019 -0.419616 -0.700250 0.577558 -0.587783 0.000000 0.809019 -0.309011 0.000000 0.951059 -0.220604 -0.700248 0.678960 -0.419616 -0.700250 0.577558 0.000000 0.000000 1.000000 0.000000 -0.700253 0.713894 0.309018 0.000001 0.951056 0.220607 -0.700257 0.678950 0.587783 0.000003 0.809018 0.419619 -0.700252 0.577552 0.587783 0.000003 0.809018 0.809016 0.000001 0.587787 0.577556 -0.700251 0.419618 0.419619 -0.700252 0.577552 0.951056 0.000000 0.309018 0.678958 -0.700249 0.220608 1.000000 0.000000 0.000000 0.713900 -0.700248 0.000001 0.678959 -0.700248 -0.220606 0.577556 -0.700249 -0.419619 0.367064 -0.891145 -0.266692 0.431512 -0.891145 -0.140205 0.419617 -0.700249 -0.577558 0.266686 -0.891143 -0.367074 0.220604 -0.700247 -0.678961 0.140205 -0.891145 -0.431512 0.000000 -0.700248 -0.713900 0.000000 -0.891149 -0.453710 -0.220606 -0.700251 -0.678956 -0.140206 -0.891150 -0.431502 -0.419618 -0.700250 -0.577556 -0.266688 -0.891146 -0.367064 -0.577557 -0.700249 -0.419618 -0.367065 -0.891146 -0.266685 -0.678959 -0.700249 -0.220603 
						-0.431512 -0.891146 -0.140200 -0.713900 -0.700248 0.000000 -0.453718 -0.891145 -0.000000 -0.678959 -0.700249 0.220604 -0.431511 -0.891146 0.140202 -0.577555 -0.700251 0.419617 -0.367064 -0.891147 0.266685 -0.419616 -0.700250 0.577558 -0.266686 -0.891146 0.367067 -0.220604 -0.700248 0.678960 -0.140205 -0.891147 0.431510 0.000000 -0.700253 0.713894 0.000000 -0.891150 0.453709 0.220607 -0.700257 0.678950 0.140206 -0.891151 0.431500 0.419619 -0.700252 0.577552 0.266688 -0.891149 0.367057 0.577556 -0.700251 0.419618 0.367064 -0.891147 0.266685 0.678958 -0.700249 0.220608 0.431511 -0.891146 0.140208 0.713900 -0.700248 0.000001 0.453719 -0.891145 0.000001 0.816834 0.512193 -0.265407 0.694840 0.512193 -0.504832 0.694840 0.512193 -0.504833 0.816834 0.512193 -0.265407 0.504832 0.512194 -0.694840 0.504832 0.512194 -0.694840 0.265405 0.512194 -0.816834 0.265405 0.512194 -0.816834 0.000000 0.512194 -0.858870 0.000000 0.512194 -0.858870 -0.265405 0.512194 -0.816834 -0.265405 0.512194 -0.816834 -0.504832 0.512194 -0.694840 -0.504833 0.512194 -0.694839 -0.694841 0.512193 -0.504831 -0.694841 0.512193 -0.504831 -0.816834 0.512194 -0.265406 -0.816834 0.512194 -0.265406 -0.858870 0.512193 0.000000 -0.858870 0.512193 0.000000 -0.816834 0.512194 0.265406 -0.816834 0.512194 0.265406 -0.694840 0.512194 0.504832 -0.694840 0.512194 0.504832 -0.504831 0.512195 0.694840 -0.504831 0.512195 0.694840 -0.265405 0.512195 0.816833 -0.265405 0.512195 0.816833 -0.000000 0.512194 0.858870 -0.000000 0.512194 0.858870 0.265405 0.512193 0.816835 0.265405 0.512193 0.816835 0.504831 0.512193 0.694841 0.504831 0.512193 0.694841 0.694840 0.512193 0.504832 0.694840 0.512193 0.504832 0.816834 0.512193 0.265406 0.816834 0.512192 0.265406 0.858871 0.512192 0.000001 0.858871 0.512192 0.000001 0.112854 0.992935 -0.036670 
						0.096000 0.992935 -0.069750 0.096000 0.992935 -0.069750 0.112854 0.992935 -0.036670 0.069748 0.992935 -0.096000 0.069748 0.992935 -0.096000 0.036668 0.992935 -0.112855 0.036668 0.992935 -0.112855 0.000000 0.992935 -0.118663 0.000000 0.992935 -0.118663 -0.036669 0.992935 -0.112855 -0.036668 0.992935 -0.112855 -0.069748 0.992935 -0.096000 -0.069748 0.992935 -0.096000 -0.096000 0.992935 -0.069748 -0.096000 0.992935 -0.069748 -0.112854 0.992935 -0.036669 -0.112854 0.992935 -0.036669 -0.118662 0.992935 0.000000 -0.118662 0.992935 -0.000000 -0.112854 0.992935 0.036672 -0.112854 0.992935 0.036672 -0.096000 0.992934 0.069752 -0.096000 0.992934 0.069752 -0.069748 0.992935 0.096000 -0.069748 0.992935 0.096000 -0.036669 0.992935 0.112855 -0.036669 0.992935 0.112855 -0.000000 0.992935 0.118662 -0.000000 0.992935 0.118662 0.036669 0.992935 0.112853 0.036669 0.992935 0.112853 0.069748 0.992935 0.095998 0.069748 0.992935 0.095998 0.096000 0.992935 0.069748 0.096000 0.992935 0.069748 0.112854 0.992935 0.036669 0.112854 0.992935 0.036669 0.118662 0.992935 -0.000000 0.118662 0.992935 0.000000 0.891006 0.000002 -0.453992 0.891006 0.000002 -0.453992 0.871601 0.207559 -0.444106 0.871601 0.207560 -0.444106 0.706819 0.028585 -0.706817 0.706819 0.028585 -0.706817 0.692680 0.200987 -0.692675 0.692680 0.200987 -0.692675 0.453993 0.000003 -0.891005 0.453993 0.000003 -0.891005 0.444104 0.207559 -0.871602 0.444104 0.207559 -0.871602 0.156367 0.028585 -0.987285 0.156367 0.028585 -0.987285 0.153239 0.200986 -0.967534 0.153239 0.200986 -0.967534 -0.156432 0.000004 -0.987689 -0.156432 0.000004 -0.987689 -0.153025 0.207559 -0.966179 -0.153025 0.207559 -0.966179 -0.453807 0.028588 -0.890641 -0.453807 0.028588 -0.890641 -0.444728 0.200988 -0.872823 -0.444728 0.200988 -0.872823 -0.707109 0.000002 -0.707104 
						-0.707109 0.000002 -0.707104 -0.691709 0.207559 -0.691707 -0.691709 0.207558 -0.691707 -0.890642 0.028586 -0.453807 -0.890642 0.028586 -0.453807 -0.872824 0.200987 -0.444727 -0.872824 0.200987 -0.444727 -0.987689 0.000000 -0.156433 -0.987689 0.000000 -0.156433 -0.966179 0.207558 -0.153027 -0.966179 0.207558 -0.153027 -0.987285 0.028585 0.156369 -0.987285 0.028585 0.156369 -0.967534 0.200986 0.153242 -0.967534 0.200986 0.153242 -0.891007 0.000002 0.453990 -0.891007 0.000002 0.453990 -0.871603 0.207559 0.444103 -0.871603 0.207559 0.444103 -0.706819 0.028586 0.706817 -0.706819 0.028586 0.706817 -0.692677 0.200987 0.692678 -0.692677 0.200987 0.692678 -0.453991 0.000003 0.891006 -0.453991 0.000003 0.891006 -0.444104 0.207559 0.871603 -0.444104 0.207559 0.871603 -0.156369 0.028588 0.987285 -0.156369 0.028588 0.987285 -0.153241 0.200988 0.967534 -0.153241 0.200988 0.967533 0.156433 0.000004 0.987689 0.156433 0.000004 0.987689 0.153026 0.207559 0.966179 0.153026 0.207559 0.966179 0.453804 0.028587 0.890643 0.453804 0.028587 0.890643 0.444726 0.200986 0.872825 0.444726 0.200986 0.872825 0.707109 0.000002 0.707105 0.707109 0.000002 0.707105 0.691709 0.207559 0.691707 0.691709 0.207559 0.691707 0.890642 0.028587 0.453805 0.890642 0.028587 0.453805 0.872825 0.200987 0.444726 0.872825 0.200987 0.444726 0.987688 0.000003 0.156436 0.987688 0.000003 0.156436 0.966179 0.207559 0.153029 0.966179 0.207558 0.153029 0.987285 0.028583 -0.156369 0.987285 0.028583 -0.156369 0.967534 0.200986 -0.153241 0.967534 0.200986 -0.153241 0.848901 0.303771 -0.432540 0.848901 0.303771 -0.432540 0.676674 0.290232 -0.676667 0.676673 0.290232 -0.676667 0.432537 0.303769 -0.848903 0.432537 0.303769 -0.848903 0.149698 0.290230 -0.945176 0.149698 0.290230 -0.945176 -0.149039 0.303770 -0.941016 
						-0.149039 0.303770 -0.941016 -0.434451 0.290232 -0.852653 -0.434451 0.290232 -0.852653 -0.673693 0.303770 -0.673693 -0.673693 0.303770 -0.673693 -0.852655 0.290231 -0.434449 -0.852655 0.290231 -0.434449 -0.941016 0.303770 -0.149042 -0.941016 0.303770 -0.149042 -0.945175 0.290231 0.149701 -0.945175 0.290231 0.149701 -0.848902 0.303770 0.432537 -0.848902 0.303770 0.432537 -0.676669 0.290231 0.676672 -0.676669 0.290231 0.676672 -0.432537 0.303769 0.848903 -0.432537 0.303769 0.848903 -0.149700 0.290232 0.945175 -0.149700 0.290232 0.945175 0.149041 0.303769 0.941016 0.149041 0.303769 0.941016 0.434449 0.290231 0.852655 0.434449 0.290231 0.852655 0.673693 0.303770 0.673692 0.673693 0.303770 0.673692 0.852655 0.290231 0.434448 0.852655 0.290231 0.434448 0.941015 0.303769 0.149044 0.941015 0.303769 0.149044 0.945175 0.290231 -0.149701 0.945175 0.290231 -0.149701 0.000000 1.000000 -0.000009 0.000000 1.000000 -0.000009 0.000000 1.000000 -0.000009 0.000000 1.000000 -0.000009 -0.011991 0.999856 0.011992 -0.011991 0.999856 0.011992 0.000000 1.000000 0.000004 0.000000 1.000000 0.000004 0.000000 1.000000 0.000004 0.000000 1.000000 0.000004 0.000000 1.000000 0.000004 -0.002653 0.999856 0.016750 -0.002653 0.999856 0.016750 0.000000 1.000000 0.000002 0.000000 1.000000 -0.000001 0.000000 1.000000 -0.000001 0.000000 1.000000 -0.000001 0.007698 0.999856 0.015108 0.007698 0.999856 0.015108 0.000000 1.000000 0.000000 0.000000 1.000000 0.000000 0.000000 1.000000 0.000000 0.000000 1.000000 0.000000 0.000000 1.000000 0.000000 0.015109 0.999856 0.007702 0.015109 0.999856 0.007702 0.000000 1.000000 0.000004 0.000000 1.000000 0.000000 0.000000 1.000000 0.000000 0.000000 1.000000 0.000000 0.000000 1.000000 0.000000 0.016749 0.999856 -0.002652 0.016749 0.999856 -0.002652 
						0.000000 1.000000 0.000000 0.000000 1.000000 0.000000 0.000000 1.000000 0.000000 0.000000 1.000000 0.000000 0.000000 1.000000 0.000000 0.000000 1.000000 0.000000 0.011991 0.999856 -0.011990 0.011991 0.999856 -0.011990 0.000000 1.000000 0.000000 0.000000 1.000000 -0.000004 0.000000 1.000000 -0.000004 0.000000 1.000000 -0.000004 0.002653 0.999856 -0.016748 0.002653 0.999856 -0.016748 0.000000 1.000000 0.000000 0.000000 1.000000 -0.000001 0.000000 1.000000 -0.000001 0.000000 1.000000 -0.000001 -0.007698 0.999856 -0.015110 -0.007698 0.999856 -0.015110 0.000000 1.000000 0.000000 0.000000 1.000000 0.000000 0.000000 1.000000 0.000000 0.000000 1.000000 0.000000 0.000000 1.000000 0.000000 -0.015109 0.999856 -0.007699 -0.015109 0.999856 -0.007699 0.000000 1.000000 0.000000 0.000000 1.000000 0.000000 0.000000 1.000000 0.000000 0.000000 1.000000 0.000000 0.000000 1.000000 0.000000 -0.016749 0.999856 0.002660 -0.016749 0.999856 0.002660 0.000000 1.000000 0.000009 0.977720 0.000000 -0.209914 0.997472 0.000000 0.071060 0.744514 0.000000 -0.667607 0.528812 0.000000 -0.848739 0.375816 0.000000 -0.926694 0.528812 0.000000 -0.848739 0.529415 -0.392193 -0.752266 0.297414 -0.392193 -0.870477 0.102490 0.000000 -0.994734 0.016473 -0.465920 -0.884674 -0.404866 0.000000 -0.914376 -0.289045 -0.465920 -0.836284 -0.643788 -0.000000 -0.765204 -0.551851 -0.392193 -0.735965 -0.765206 -0.000000 -0.643786 -0.643788 -0.000000 -0.765204 -0.914377 0.000000 -0.404864 -0.994734 0.000000 0.102491 -0.926694 0.000000 0.375816 -0.848740 0.000000 0.528811 -0.667607 0.000000 0.744514 -0.209916 0.000000 0.977719 -0.667607 0.000000 0.744514 -0.533325 -0.465920 0.706034 -0.257712 -0.465920 0.846465 0.071059 0.000000 0.997472 0.013866 -0.392193 0.919779 0.240655 0.000000 0.970611 0.271039 -0.392193 0.879046 
						0.501772 0.000000 0.865000 0.506671 -0.465920 0.725399 0.865000 -0.000001 0.501771 0.501772 0.000000 0.865000 0.970611 -0.000000 0.240655 0.929319 0.000000 0.369279 0.997948 0.000000 -0.064030 0.773126 -0.000000 0.634252 0.634252 0.000000 0.773127 0.369280 0.000000 0.929318 0.634252 0.000000 0.773127 -0.064031 -0.000001 0.997948 -0.364300 -0.000001 0.931282 -0.539292 -0.000000 0.842119 -0.769720 0.000000 0.638382 -0.539292 -0.000000 0.842119 -0.968892 -0.000000 0.247485 -0.998276 0.000000 -0.058688 -0.967553 0.000000 -0.252668 -0.844994 0.000000 -0.534776 -0.534776 0.000000 -0.844994 -0.252668 0.000000 -0.967553 -0.534776 0.000000 -0.844994 -0.058688 0.000000 -0.998276 0.247484 0.000000 -0.968892 0.638382 -0.000000 -0.769719 0.842119 -0.000000 -0.539292 0.638382 -0.000000 -0.769719 0.931281 -0.000000 -0.364301 0.609848 -0.729062 -0.310731 0.609848 -0.729062 -0.310731 0.609848 -0.729062 -0.310731 0.609848 -0.729062 -0.310731 0.000000 1.000000 0.000004 0.000000 1.000000 0.000004 0.000000 1.000000 0.000004 0.000000 1.000000 0.000004 0.156731 -0.666804 -0.728565 0.156731 -0.666804 -0.728565 0.156731 -0.666804 -0.728566 0.156731 -0.666804 -0.728565 0.372072 0.850362 0.372084 0.372072 0.850362 0.372084 0.372072 0.850362 0.372084 0.372072 0.850362 0.372084 0.310733 -0.729063 -0.609846 0.310733 -0.729063 -0.609846 0.310733 -0.729063 -0.609846 0.310733 -0.729063 -0.609846 0.000000 1.000000 -0.000001 0.000000 1.000000 -0.000001 0.000000 1.000000 -0.000001 0.000000 1.000000 -0.000001 0.497306 -0.666810 -0.555024 0.497306 -0.666810 -0.555024 0.497306 -0.666810 -0.555024 0.497306 -0.666810 -0.555024 -0.519713 0.850367 -0.082309 -0.519713 0.850367 -0.082309 -0.519713 0.850367 -0.082309 -0.519713 0.850367 -0.082309 -0.107069 -0.729059 -0.676025 -0.107069 -0.729059 -0.676025 -0.107069 -0.729059 -0.676025 
						-0.107069 -0.729059 -0.676025 0.000000 1.000000 -0.000000 0.000000 1.000000 -0.000000 0.000000 1.000000 -0.000000 0.000000 1.000000 -0.000000 -0.644478 -0.666802 -0.374197 -0.644478 -0.666802 -0.374197 -0.644478 -0.666802 -0.374197 -0.644478 -0.666802 -0.374197 0.468843 0.850367 -0.238878 0.468843 0.850367 -0.238878 0.468843 0.850367 -0.238878 0.468843 0.850367 -0.238878 -0.483981 -0.729068 -0.483966 -0.483981 -0.729068 -0.483966 -0.483981 -0.729068 -0.483966 -0.483981 -0.729068 -0.483966 0.000000 1.000000 0.000004 0.000000 1.000000 0.000004 0.000000 1.000000 0.000004 0.000000 1.000000 0.000004 -0.374199 -0.666803 -0.644476 -0.374199 -0.666803 -0.644476 -0.374199 -0.666803 -0.644476 -0.374199 -0.666803 -0.644476 -0.238887 0.850365 0.468842 -0.238887 0.850365 0.468842 -0.238887 0.850365 0.468842 -0.238887 0.850365 0.468842 -0.676021 -0.729062 -0.107072 -0.676021 -0.729062 -0.107072 -0.676021 -0.729062 -0.107072 -0.676021 -0.729062 -0.107072 0.000000 1.000000 -0.000002 0.000000 1.000000 -0.000002 0.000000 1.000000 -0.000002 0.000000 1.000000 -0.000002 -0.555036 -0.666802 0.497303 -0.555036 -0.666802 0.497303 -0.555036 -0.666802 0.497303 -0.555036 -0.666802 0.497303 -0.082315 0.850366 -0.519713 -0.082315 0.850366 -0.519713 -0.082315 0.850366 -0.519713 -0.082315 0.850366 -0.519713 -0.609846 -0.729062 0.310734 -0.609846 -0.729062 0.310734 -0.609846 -0.729062 0.310734 -0.609846 -0.729062 0.310734 0.000000 1.000000 0.000000 0.000000 1.000000 0.000000 0.000000 1.000000 0.000000 0.000000 1.000000 0.000000 -0.728569 -0.666802 0.156725 -0.728569 -0.666802 0.156725 -0.728569 -0.666802 0.156725 -0.728569 -0.666802 0.156725 0.372074 0.850363 0.372081 0.372074 0.850363 0.372081 0.372074 0.850363 0.372081 0.372074 0.850363 0.372081 -0.310731 -0.729061 0.609850 -0.310731 -0.729061 0.609850 -0.310731 -0.729061 0.609850 
						-0.310731 -0.729061 0.609850 0.000000 1.000000 0.000002 0.000000 1.000000 0.000002 0.000000 1.000000 0.000002 0.000000 1.000000 0.000002 0.301447 -0.666803 0.681545 0.301447 -0.666803 0.681545 0.301447 -0.666803 0.681545 0.301447 -0.666803 0.681545 -0.519714 0.850366 -0.082310 -0.519714 0.850366 -0.082310 -0.519714 0.850366 -0.082310 -0.519714 0.850366 -0.082310 0.107072 -0.729065 0.676018 0.107072 -0.729065 0.676018 0.107072 -0.729065 0.676018 0.107072 -0.729065 0.676018 0.000000 1.000000 -0.000006 0.000000 1.000000 -0.000006 0.000000 1.000000 -0.000006 0.000000 1.000000 -0.000006 -0.076086 -0.666803 0.741340 -0.076086 -0.666803 0.741340 -0.076086 -0.666803 0.741340 -0.076086 -0.666803 0.741340 0.468841 0.850366 -0.238886 0.468841 0.850365 -0.238886 0.468841 0.850366 -0.238886 0.468841 0.850365 -0.238886 0.483976 -0.729060 0.483983 0.483976 -0.729060 0.483983 0.483976 -0.729060 0.483983 0.483976 -0.729060 0.483983 0.000000 1.000000 -0.000013 0.000000 1.000000 -0.000013 0.000000 1.000000 -0.000013 0.000000 1.000000 -0.000013 0.741341 -0.666802 -0.076080 0.741341 -0.666802 -0.076080 0.741341 -0.666802 -0.076080 0.741341 -0.666802 -0.076080 -0.238887 0.850366 0.468839 -0.238887 0.850366 0.468839 -0.238887 0.850366 0.468839 -0.238887 0.850366 0.468839 0.676020 -0.729063 0.107072 0.676020 -0.729063 0.107072 0.676020 -0.729063 0.107072 0.676020 -0.729063 0.107072 0.000000 1.000000 0.000000 0.000000 1.000000 0.000000 0.000000 1.000000 0.000000 0.000000 1.000000 0.000000 0.681545 -0.666803 0.301446 0.681545 -0.666803 0.301446 0.681545 -0.666803 0.301446 0.681545 -0.666803 0.301446 -0.082313 0.850369 -0.519709 -0.082313 0.850368 -0.519709 -0.082313 0.850369 -0.519709 -0.082313 0.850369 -0.519709 -0.170789 -0.970393 0.170789 -0.170789 -0.970393 0.170789 -0.170789 -0.970393 0.170789 
						-0.170789 -0.970393 0.170789 -0.707103 0.000000 -0.707111 -0.706129 0.035028 -0.707216 -0.706399 0.027863 -0.707265 -0.707103 0.000000 -0.707111 0.707210 0.035028 0.706135 0.707103 0.000000 0.707110 0.707103 0.000000 0.707110 0.707259 0.027863 0.706406 -0.705536 0.048246 -0.707030 -0.705536 0.048246 -0.707030 -0.040656 0.998346 0.040649 -0.040656 0.998346 0.040649 0.707024 0.048245 0.705542 0.707024 0.048245 0.705542 -0.037783 -0.970393 0.238559 -0.037783 -0.970393 0.238559 -0.037783 -0.970393 0.238559 -0.037783 -0.970393 0.238559 -0.987689 0.000000 -0.156430 -0.986963 0.035027 -0.157091 -0.987210 0.027862 -0.156971 -0.987689 0.000000 -0.156430 0.987202 0.035028 0.155579 0.987689 0.000001 0.156432 0.987689 0.000001 0.156432 0.987400 0.027864 0.155769 -0.986373 0.048244 -0.157290 -0.986373 0.048244 -0.157290 -0.008994 0.998346 0.056788 -0.008994 0.998346 0.056788 0.986703 0.048246 0.155208 0.986703 0.048246 0.155208 0.109653 -0.970393 0.215206 0.109653 -0.970393 0.215206 0.109653 -0.970393 0.215206 0.109653 -0.970393 0.215206 -0.891004 -0.000002 0.453995 -0.890805 0.035026 0.453033 -0.890935 0.027862 0.453275 -0.891004 -0.000002 0.453995 0.890110 0.035028 -0.454397 0.891004 0.000001 -0.453995 0.891004 0.000001 -0.453995 0.890382 0.027863 -0.454360 -0.890446 0.048245 0.452525 -0.890446 0.048245 0.452525 0.026103 0.998346 0.051226 0.026103 0.998346 0.051226 0.889489 0.048245 -0.454404 0.889489 0.048245 -0.454404 0.215206 -0.970393 0.109656 0.215206 -0.970393 0.109656 0.215206 -0.970393 0.109656 0.215206 -0.970393 0.109656 -0.453991 -0.000002 0.891006 -0.454393 0.035024 0.890113 -0.454356 0.027860 0.890384 -0.453991 -0.000002 0.891006 0.453029 0.035028 -0.890807 0.453988 0.000001 -0.891008 0.453988 0.000001 -0.891008 0.453271 0.027864 -0.890937 -0.454399 0.048242 0.889491 
						-0.454399 0.048242 0.889491 0.051230 0.998346 0.026103 0.051230 0.998346 0.026103 0.452522 0.048246 -0.890447 0.452522 0.048246 -0.890447 0.238558 -0.970393 -0.037786 0.238558 -0.970393 -0.037786 0.238558 -0.970393 -0.037786 0.238558 -0.970393 -0.037786 0.156433 -0.000001 0.987689 0.155582 0.035029 0.987202 0.155772 0.027864 0.987400 0.156433 -0.000001 0.987689 -0.157095 0.035028 -0.986962 -0.156435 0.000003 -0.987688 -0.156435 0.000003 -0.987688 -0.156975 0.027864 -0.987209 0.155211 0.048248 0.986702 0.155211 0.048248 0.986702 0.056788 0.998346 -0.008992 0.056788 0.998346 -0.008992 -0.157294 0.048245 -0.986373 -0.157294 0.048245 -0.986373 0.170788 -0.970393 -0.170787 0.170788 -0.970393 -0.170787 0.170788 -0.970393 -0.170787 0.170788 -0.970393 -0.170787 0.707111 0.000002 0.707102 0.706133 0.035028 0.707212 0.706404 0.027864 0.707260 0.707111 0.000002 0.707102 -0.707215 0.035027 -0.706131 -0.707108 -0.000002 -0.707105 -0.707108 -0.000002 -0.707105 -0.707264 0.027862 -0.706401 0.705538 0.048245 0.707028 0.705538 0.048245 0.707028 0.040656 0.998346 -0.040655 0.040656 0.998346 -0.040655 -0.707029 0.048245 -0.705537 -0.707029 0.048245 -0.705537 0.037784 -0.970393 -0.238557 0.037784 -0.970393 -0.238557 0.037784 -0.970393 -0.238557 0.037784 -0.970393 -0.238557 0.987688 0.000001 0.156435 0.986962 0.035027 0.157093 0.987210 0.027863 0.156974 0.987688 0.000001 0.156435 -0.987202 0.035027 -0.155581 -0.987688 -0.000000 -0.156433 -0.987688 -0.000000 -0.156433 -0.987400 0.027863 -0.155771 0.986373 0.048245 0.157292 0.986373 0.048245 0.157292 0.008994 0.998346 -0.056786 0.008994 0.998346 -0.056786 -0.986703 0.048245 -0.155209 -0.986703 0.048245 -0.155209 -0.109653 -0.970393 -0.215205 -0.109653 -0.970393 -0.215205 -0.109653 -0.970393 -0.215205 -0.109653 -0.970393 -0.215205 0.891007 -0.000001 -0.453990 
						0.890807 0.035027 -0.453030 0.890937 0.027862 -0.453272 0.891007 -0.000001 -0.453990 -0.890111 0.035029 0.454396 -0.891005 0.000002 0.453993 -0.891005 0.000002 0.453993 -0.890383 0.027864 0.454359 0.890447 0.048245 -0.452522 0.890447 0.048245 -0.452523 -0.026103 0.998346 -0.051232 -0.026103 0.998346 -0.051232 -0.889489 0.048246 0.454403 -0.889489 0.048246 0.454403 -0.215206 -0.970393 -0.109651 -0.215206 -0.970393 -0.109651 -0.215206 -0.970393 -0.109651 -0.215206 -0.970393 -0.109651 0.453988 0.000003 -0.891008 0.454392 0.035025 -0.890113 0.454355 0.027862 -0.890385 0.453988 0.000003 -0.891008 -0.453030 0.035026 0.890807 -0.453991 0.000001 0.891006 -0.453991 0.000001 0.891006 -0.453272 0.027862 0.890937 0.454399 0.048242 -0.889491 0.454399 0.048242 -0.889491 -0.051230 0.998346 -0.026103 -0.051230 0.998346 -0.026103 -0.452523 0.048243 0.890447 -0.452523 0.048243 0.890447 -0.238558 -0.970393 0.037786 -0.238558 -0.970393 0.037786 -0.238558 -0.970393 0.037786 -0.238558 -0.970393 0.037786 -0.156432 0.000000 -0.987689 -0.155580 0.035031 -0.987202 -0.155770 0.027865 -0.987400 -0.156432 0.000000 -0.987689 0.157091 0.035027 0.986963 0.156432 -0.000000 0.987689 0.156432 -0.000000 0.987689 0.156972 0.027862 0.987210 -0.155209 0.048250 -0.986703 -0.155209 0.048250 -0.986703 -0.056788 0.998346 0.008998 -0.056788 0.998346 0.008998 0.157290 0.048244 0.986373 0.157290 0.048244 0.986373 0.000000 0.000000 1.000000 0.000000 0.000000 1.000000 0.000000 0.000000 1.000000 0.000000 0.000000 1.000000 0.000000 1.000000 0.000000 0.000000 1.000000 0.000000 0.000000 1.000000 0.000000 0.000000 1.000000 0.000000 0.000000 0.000000 -1.000000 0.000000 0.000000 -1.000000 0.000000 0.000000 -1.000000 0.000000 0.000000 -1.000000 0.000000 -1.000000 0.000000 0.000000 -1.000000 0.000000 0.000000 -0.962244 0.272188 
						0.000000 -0.962244 0.272188 1.000000 0.000000 0.000000 1.000000 0.000000 0.000000 1.000000 0.000000 0.000000 1.000000 0.000000 0.000000 -1.000000 0.000000 0.000000 -1.000000 0.000000 0.000000 -1.000000 0.000000 0.000000 -1.000000 0.000000 0.000000 0.000000 -0.775552 0.631284 0.000000 -0.775552 0.631284 1.000000 0.000000 0.000000 1.000000 0.000000 0.000000 0.000000 1.000000 0.000000 0.000000 1.000000 0.000000 -1.000000 0.000000 0.000000 -1.000000 0.000000 0.000000 0.000000 -1.000000 0.000000 0.000000 -1.000000 0.000000 0.000000 -1.000000 0.000000 0.000000 -1.000000 0.000000 1.000000 0.000000 0.000000 1.000000 0.000000 0.000000 0.000000 1.000000 0.000000 0.000000 1.000000 0.000000 -1.000000 0.000000 0.000000 -1.000000 0.000000 0.000000 -0.924779 0.233446 0.300477 -0.786662 0.233445 0.571547 -0.770524 0.304789 0.559818 -0.905806 0.304789 0.294312 -0.571543 0.233445 0.786665 -0.559818 0.304789 0.770525 -0.571543 0.233445 0.786665 -0.300479 0.233445 0.924779 -0.294313 0.304789 0.905805 -0.559818 0.304789 0.770525 -0.152213 0.230725 0.961040 -0.149160 0.301380 0.941765 -0.152214 0.230727 -0.961039 -0.300480 0.233447 -0.924778 -0.294314 0.304790 -0.905805 -0.149161 0.301380 -0.941765 -0.571545 0.233445 -0.786664 -0.559818 0.304789 -0.770524 -0.571545 0.233445 -0.786664 -0.786664 0.233445 -0.571545 -0.770523 0.304789 -0.559819 -0.559818 0.304789 -0.770524 -0.924779 0.233446 -0.300478 -0.905805 0.304789 -0.294314 -0.972370 0.233446 -0.000001 -0.952420 0.304789 -0.000001 -0.723292 0.447993 0.525500 -0.850280 0.447993 0.276271 -0.525502 0.447993 0.723291 -0.276272 0.447993 0.850280 -0.525502 0.447993 0.723291 -0.140203 0.443569 0.885206 -0.276272 0.447993 -0.850280 -0.140204 0.443568 -0.885207 -0.525501 0.447992 -0.723292 -0.723291 0.447993 -0.525503 -0.525501 0.447992 -0.723292 
						-0.850280 0.447993 -0.276273 -0.894037 0.447993 -0.000002 -0.658810 0.580398 0.478651 -0.774478 0.580398 0.251640 -0.478653 0.580398 0.658809 -0.525502 0.447993 0.723291 -0.276272 0.447993 0.850280 -0.251643 0.580398 0.774476 -0.478653 0.580398 0.658809 -0.140203 0.443569 0.885206 -0.127918 0.575631 0.807642 -0.140204 0.443568 -0.885207 -0.276272 0.447993 -0.850280 -0.251643 0.580397 -0.774477 -0.127918 0.575629 -0.807644 -0.525501 0.447992 -0.723292 -0.478653 0.580397 -0.658810 -0.658810 0.580397 -0.478653 -0.478653 0.580397 -0.658810 -0.774477 0.580397 -0.251642 -0.814333 0.580397 -0.000001 -0.578713 0.698789 0.420458 -0.680318 0.698789 0.221045 -0.420459 0.698789 0.578712 -0.221048 0.698788 0.680319 -0.420459 0.698789 0.578712 -0.112576 0.694345 0.710783 -0.221049 0.698788 -0.680318 -0.112576 0.694345 -0.710783 -0.420459 0.698789 -0.578713 -0.578713 0.698788 -0.420460 -0.420459 0.698789 -0.578713 -0.680318 0.698789 -0.221048 -0.715328 0.698789 -0.000002 -0.485137 0.800254 0.352472 -0.570313 0.800254 0.185304 -0.578713 0.698789 0.420458 -0.352472 0.800253 0.485139 -0.485137 0.800254 0.352472 -0.185306 0.800253 0.570313 -0.094552 0.796669 0.596975 -0.185306 0.800253 -0.570313 -0.094552 0.796668 -0.596977 -0.352473 0.800253 -0.485137 -0.578713 0.698788 -0.420460 -0.485137 0.800253 -0.352472 -0.570313 0.800254 -0.185304 -0.485137 0.800253 -0.352472 -0.599662 0.800253 -0.000000 -0.570313 0.800254 0.185304 -0.380848 0.882266 0.276697 -0.447713 0.882265 0.145467 -0.276702 0.882265 0.380847 -0.145471 0.882265 0.447713 -0.074354 0.879824 0.469448 -0.145471 0.882266 -0.447711 -0.074354 0.879824 -0.469449 -0.276702 0.882266 -0.380846 -0.380848 0.882265 -0.276701 -0.570313 0.800254 -0.185304 -0.447713 0.882265 -0.145469 -0.470754 0.882265 0.000001 -0.447713 0.882265 -0.145469 -0.447713 0.882265 0.145467 
						-0.269871 0.942722 0.196075 -0.317253 0.942722 0.103078 -0.196073 0.942721 0.269875 -0.103082 0.942721 0.317255 -0.030259 0.950721 0.308567 -0.103082 0.942721 -0.317257 -0.030260 0.950721 -0.308568 -0.196073 0.942721 -0.269875 -0.269871 0.942722 -0.196074 -0.317253 0.942721 -0.103088 -0.470754 0.882265 0.000001 -0.333579 0.942722 -0.000009 -0.162096 0.979721 0.117780 -0.190555 0.979721 0.061924 -0.117769 0.979721 0.162101 -0.061915 0.979722 0.190555 -0.000000 0.979722 0.200363 0.036949 0.971706 0.233287 0.032532 0.983594 0.177439 0.036949 0.971704 -0.233293 -0.000000 0.979720 -0.200370 0.032532 0.983594 -0.177440 -0.061916 0.979721 -0.190562 -0.117769 0.979720 -0.162107 -0.162096 0.979721 -0.117774 -0.190556 0.979722 -0.061916 -0.200362 0.979722 -0.000002 -0.029422 0.999567 0.000001 0.036061 0.996840 0.070773 0.036061 0.996842 -0.070755 0.000000 -0.281973 0.959422 0.000000 -0.281973 0.959422 0.000000 0.000000 1.000000 0.000000 0.000000 1.000000 0.000000 1.000000 0.000000 0.000000 1.000000 0.000000 0.000000 1.000000 0.000000 0.000000 1.000000 0.000000 0.000000 0.000000 -1.000000 0.000000 0.000000 -1.000000 0.000000 0.000000 -1.000000 0.000000 0.000000 -1.000000 0.000000 -1.000000 0.000000 0.000000 -1.000000 0.000000 0.000000 -1.000000 0.000000 0.000000 -1.000000 0.000000 1.000000 -0.000000 0.000000 1.000000 0.000000 0.000000 1.000000 -0.000000 0.000000 1.000000 -0.000000 0.000000 -1.000000 0.000000 -0.000000 -1.000000 -0.000000 -0.000000 -1.000000 -0.000000 -0.000000 -1.000000 -0.000000 -0.000000 0.000000 0.000000 -1.000000 0.000000 0.000000 -1.000000 1.000000 0.000000 0.000000 1.000000 0.000000 0.000000 0.000000 -0.281973 0.959422 0.000000 -0.281973 0.959422 0.000000 -0.722337 0.691541 0.000000 -0.722337 0.691541 -1.000000 0.000000 0.000000 -1.000000 0.000000 0.000000 
						-0.830884 -0.281974 -0.479711 -0.830884 -0.281974 -0.479711 -0.866025 0.000000 -0.500000 -0.866025 0.000000 -0.500000 0.000000 1.000000 0.000000 0.000000 1.000000 0.000000 0.000000 1.000000 0.000000 0.000000 1.000000 0.000000 0.866025 0.000000 0.500000 0.866025 0.000000 0.500000 0.866026 0.000000 0.500000 0.866026 0.000000 0.500000 0.000000 -1.000000 0.000000 0.000000 -1.000000 0.000000 0.000000 -1.000000 0.000000 0.000000 -1.000000 0.000000 -0.500000 -0.000000 0.866025 -0.500000 -0.000000 0.866025 -0.500000 0.000000 0.866025 -0.500000 0.000000 0.866025 0.500000 -0.000000 -0.866025 0.500000 -0.000000 -0.866025 0.500000 0.000000 -0.866025 0.500000 0.000000 -0.866025 0.866026 0.000000 0.499999 0.866026 0.000000 0.499999 -0.500000 -0.000001 0.866025 -0.500000 -0.000001 0.866025 -0.830884 -0.281974 -0.479711 -0.830884 -0.281974 -0.479711 -0.598892 -0.722338 -0.345770 -0.598892 -0.722338 -0.345770 0.500000 -0.000000 -0.866025 0.500000 -0.000000 -0.866025 0.500000 -0.000000 -0.866025 0.500000 -0.000000 -0.866025 0.830884 -0.281974 -0.479711 0.830884 -0.281974 -0.479711 0.866025 0.000000 -0.500000 0.866025 0.000000 -0.500000 0.000000 1.000000 0.000000 0.000000 1.000000 0.000000 0.000000 1.000000 0.000000 0.000000 1.000000 0.000000 -0.866025 0.000000 0.500000 -0.866025 0.000000 0.500000 -0.866026 0.000000 0.500000 -0.866026 0.000000 0.500000 0.000000 -1.000000 0.000001 0.000000 -1.000000 0.000001 0.000000 -1.000000 0.000001 0.000000 -1.000000 0.000001 -0.500000 -0.000000 -0.866025 -0.500000 -0.000000 -0.866025 -0.500000 0.000000 -0.866025 -0.500000 0.000000 -0.866025 0.500000 -0.000000 0.866025 0.500000 -0.000000 0.866025 0.500000 0.000000 0.866025 0.500000 0.000000 0.866025 -0.866026 0.000000 0.499999 -0.866026 0.000000 0.499999 -0.500000 -0.000000 -0.866025 -0.500000 -0.000000 -0.866025 
						0.830884 -0.281974 -0.479711 0.830884 -0.281974 -0.479711 0.598892 -0.722337 -0.345771 0.598892 -0.722338 -0.345771 0.500000 -0.000001 0.866025 0.500000 -0.000001 0.866025 0.000000 -0.049758 0.998761 0.000000 -0.049758 0.998761 0.000000 0.000000 1.000000 0.000000 0.000000 1.000000 0.000000 0.910492 -0.413527 0.000000 0.910492 -0.413527 0.000000 0.910492 -0.413527 0.000000 0.910492 -0.413527 0.000000 0.910491 -0.413529 0.000000 0.910491 -0.413529 0.000000 -0.179598 -0.983740 0.000000 -0.179598 -0.983740 0.000000 0.000000 -1.000000 0.000000 0.000000 -1.000000 0.000000 -0.543030 0.839713 0.000000 -0.543030 0.839713 0.000000 -0.543030 0.839713 0.000000 -0.543030 0.839713 1.000000 0.000000 0.000000 1.000000 0.000000 0.000000 1.000000 0.000000 0.000000 1.000000 0.000000 0.000000 1.000000 0.000000 0.000000 -1.000000 -0.000000 0.000000 -1.000000 -0.000000 0.000000 -1.000000 -0.000000 0.000000 -1.000000 -0.000000 0.000000 -1.000000 -0.000000 0.000000 -1.000000 -0.000000 0.000000 0.000000 0.000000 -1.000000 0.000000 0.000000 -1.000000 1.000000 0.000000 0.000000 1.000000 0.000000 0.000000 0.000000 -0.699908 0.714233 0.000000 -0.699908 0.714233 0.000000 -0.699908 0.714233 0.000000 -0.699908 0.714233 -1.000000 -0.000000 0.000000 -1.000000 -0.000000 0.000000 0.000000 0.000000 1.000000 0.000000 0.000000 1.000000 1.000000 0.000000 0.000000 1.000000 0.000000 0.000000 1.000000 0.000000 0.000000 1.000000 0.000000 0.000000 1.000000 0.000000 0.000000 1.000000 0.000000 0.000000 0.000000 -0.670820 -0.741621 0.000000 -0.670820 -0.741621 -1.000000 -0.000000 0.000000 -1.000000 0.000000 0.000000 -1.000000 0.000000 0.000000 0.000000 0.594791 0.803880 0.000000 0.594791 0.803880 0.000000 0.594791 0.803880 0.000000 0.594791 0.803880 1.000000 0.000000 0.000000 1.000000 0.000000 0.000000 
						1.000000 0.000000 0.000000 0.000000 -0.675436 -0.737419 0.000000 -0.675436 -0.737419 -1.000000 0.000000 0.000000 -1.000000 0.000000 0.000000 -1.000000 0.000000 0.000000 1.000000 0.000000 0.000000 1.000000 0.000000 0.000000 1.000000 0.000000 0.000000 1.000000 0.000000 0.000000 0.000000 0.910489 -0.413534 0.000000 0.910489 -0.413534 -1.000000 0.000000 0.000000 -1.000000 0.000000 0.000000 -1.000000 0.000000 0.000000 -1.000000 0.000000 0.000000 -1.000000 0.000000 0.000000 -1.000000 0.000000 0.000000 -1.000000 0.000000 0.000000 -1.000000 0.000000 0.000000 -1.000000 0.000000 0.000000 -1.000000 0.000000 0.000000 1.000000 -0.000000 0.000000 1.000000 -0.000000 0.000000 1.000000 -0.000000 0.000000 1.000000 -0.000000 0.000000 1.000000 0.000000 0.000000 0.000000 0.000000 1.000000 0.000000 0.000000 1.000000 0.000000 0.000000 1.000000 0.000000 0.000000 1.000000 0.000000 0.000000 1.000000 0.000000 0.000000 1.000000 0.000000 0.000000 -1.000000 0.000000 0.000000 -1.000000 0.000000 0.000000 1.000000 0.000000 0.000000 1.000000 0.000000 -0.543029 0.839714 0.000000 -0.543029 0.839714 0.000000 0.000000 -1.000000 0.000000 -0.670820 -0.741620 0.000000 -0.668313 -0.743880 0.000000 0.658547 0.752540 0.000000 0.668313 0.743880 0.000000 0.668313 0.743880 0.000000 0.658547 0.752540 0.000000 0.641638 0.767007 0.000000 0.641638 0.767007 0.000000 -0.675436 -0.737419 0.000000 0.910488 -0.413535 0.000000 0.910488 -0.413535 0.000000 0.658547 0.752540 0.000000 0.641638 0.767007 0.000000 0.641638 0.767007 0.000000 0.658547 0.752540 0.000000 0.910488 -0.413535 0.000000 0.910488 -0.413535 0.000000 -0.670820 -0.741620 0.000000 -0.675436 -0.737419 0.000000 0.668313 0.743880 0.000000 0.668313 0.743880 0.000000 -0.668313 -0.743880 0.000000 0.000000 1.000000 0.000000 0.000000 1.000000 
						0.000000 0.000000 1.000000 0.000000 0.000000 1.000000 0.000000 0.000000 -1.000000 0.000000 0.000000 -1.000000 0.000000 0.000000 1.000000 0.000000 0.000000 1.000000 0.000000 0.000000 -1.000000 0.000000 -0.543029 0.839714 0.000000 -0.543029 0.839714 0.000000 0.000000 -1.000000 0.000000 0.000000 -1.000000 0.000000 0.000000 1.000000 0.000000 0.000000 1.000000 0.000000 0.000000 -1.000000 1.000000 0.000000 0.000000 1.000000 0.000000 0.000000 0.000000 0.000000 1.000000 0.000000 0.000000 1.000000 -1.000000 0.000000 0.000000 -1.000000 0.000000 0.000000 0.000000 0.000000 -1.000000 0.000000 0.601218 -0.799085 0.000000 0.601218 -0.799085 0.000000 0.601218 -0.799085 0.000000 0.601218 -0.799085 0.000000 -0.601218 0.799085 0.000000 -0.601218 0.799085 0.000000 -0.601218 0.799085 0.000000 -0.601218 0.799085 0.000000 0.601218 -0.799085 0.000000 0.601218 -0.799085 1.000000 0.000000 0.000000 1.000000 0.000000 0.000000 0.000000 -0.601218 0.799085 0.000000 -0.601218 0.799085 0.000000 -0.601218 0.799085 0.000000 -0.601218 0.799085 -1.000000 0.000000 0.000000 -1.000000 0.000000 0.000000 0.000000 0.601218 -0.799085 0.000000 0.601218 -0.799085 0.000000 0.000000 -1.000000 0.000000 0.000000 -1.000000 0.000000 -0.444931 -0.895565 0.000000 -0.444931 -0.895565 0.000000 0.000000 1.000000 0.000000 0.000000 1.000000 0.000000 0.423734 0.905787 0.000000 0.423734 0.905787 0.000000 0.000000 -1.000000 0.000000 -0.444932 -0.895565 1.000000 -0.000000 0.000000 1.000000 -0.000000 0.000000 0.000000 0.000000 1.000000 0.000000 0.423735 0.905786 0.000000 0.000000 1.000000 0.000000 0.423735 0.905786 -1.000000 -0.000000 0.000000 -1.000000 -0.000000 0.000000 0.000000 0.000000 -1.000000 0.000000 -0.444932 -0.895565 0.000000 -0.638530 -0.769597 0.000000 -0.638530 -0.769597 0.000000 0.798106 0.602517 
						0.000000 0.798106 0.602517 0.000000 -0.638530 -0.769597 1.000000 -0.000000 0.000000 1.000000 -0.000000 0.000000 0.000000 0.798107 0.602516 0.000000 0.798107 0.602516 -1.000000 -0.000000 0.000000 -1.000000 -0.000000 0.000000 0.000000 -0.638530 -0.769597 0.000000 0.000000 1.000000 0.000000 0.000000 1.000000 0.000000 0.000000 1.000000 0.000000 0.000000 1.000000 0.000000 0.958967 0.283516 0.000000 0.958967 0.283516 0.000000 1.000000 0.000000 0.000000 1.000000 0.000000 0.000000 0.000000 -1.000000 0.000000 0.000000 -1.000000 0.000000 0.000000 -1.000000 0.000000 0.000000 -1.000000 0.000000 -1.000000 0.000000 0.000000 -1.000000 0.000000 0.000000 -1.000000 0.000000 0.000000 -1.000000 0.000000 1.000000 0.000000 0.000000 1.000000 0.000000 0.000000 1.000000 0.000000 0.000000 1.000000 0.000000 0.000000 -1.000000 0.000000 0.000000 -1.000000 0.000000 0.000000 -1.000000 0.000000 0.000000 -1.000000 0.000000 0.000000 0.000000 -1.000000 0.000000 0.000000 -1.000000 0.000000 1.000000 0.000000 0.000000 1.000000 0.000000 0.000000 0.000000 0.715129 0.698993 0.000000 0.715129 0.698993 -1.000000 0.000000 0.000000 -1.000000 0.000000 0.000000 1.000000 0.000000 0.000000 1.000000 0.000000 0.000000 -1.000000 0.000000 0.000000 -1.000000 0.000000 0.000000 1.000000 0.000000 0.000000 0.000000 0.000000 1.000000 0.000000 0.000000 1.000000 -1.000000 0.000000 0.000000 0.000000 0.755189 -0.655507 0.000000 0.755189 -0.655507 0.000000 0.755189 -0.655507 0.000000 0.755189 -0.655507 1.000000 0.000000 0.000000 1.000000 0.000000 0.000000 0.000000 -0.759478 0.650533 0.000000 -0.759478 0.650533 0.000000 -0.759478 0.650533 0.000000 -0.759478 0.650533 -1.000000 0.000000 0.000000 -1.000000 0.000000 0.000000 0.000000 1.000000 0.000000 0.000000 1.000000 0.000000 0.000000 1.000000 0.000000 
						0.000000 1.000000 0.000000 1.000000 0.000000 0.000000 1.000000 0.000000 0.000000 0.000000 -1.000000 0.000000 0.000000 -1.000000 0.000000 0.000000 -1.000000 0.000000 0.000000 -1.000000 0.000000 -1.000000 0.000000 0.000000 -1.000000 0.000000 0.000000 0.000000 0.000000 1.000000 0.000000 0.000000 1.000000 0.000000 0.000000 1.000000 0.000000 0.000000 1.000000 0.000000 1.000000 0.000000 0.000000 1.000000 0.000000 0.000000 1.000000 0.000000 0.000000 1.000000 0.000000 0.000000 0.000000 -1.000000 0.000000 0.000000 -1.000000 0.000000 0.000000 -1.000000 0.000000 0.000000 -1.000000 0.000000 -1.000000 0.000000 0.000000 -1.000000 0.000000 0.000000 -0.962244 0.272188 0.000000 -0.962244 0.272188 1.000000 0.000000 0.000000 1.000000 0.000000 0.000000 1.000000 0.000000 0.000000 1.000000 0.000000 0.000000 -1.000000 0.000000 0.000000 -1.000000 0.000000 0.000000 -1.000000 0.000000 0.000000 -1.000000 0.000000 0.000000 0.000000 -0.775552 0.631284 0.000000 -0.775552 0.631284 1.000000 0.000000 0.000000 1.000000 0.000000 0.000000 0.000000 1.000000 0.000000 0.000000 1.000000 0.000000 -1.000000 0.000000 0.000000 -1.000000 0.000000 0.000000 0.000000 -1.000000 0.000000 0.000000 -1.000000 0.000000 0.000000 -1.000000 0.000000 0.000000 -1.000000 0.000000 1.000000 0.000000 0.000000 1.000000 0.000000 0.000000 0.000000 1.000000 0.000000 0.000000 1.000000 0.000000 -1.000000 0.000000 0.000000 -1.000000 0.000000 0.000000 0.000000 0.000000 1.000000 0.000000 0.000000 1.000000 0.000000 0.262815 0.964846 0.000000 0.262815 0.964846 0.000000 1.000000 0.000000 0.000000 1.000000 0.000000 0.000000 1.000000 0.000000 0.000000 1.000000 0.000000 0.000000 0.262815 -0.964846 0.000000 0.262815 -0.964846 0.000000 0.000000 -1.000000 0.000000 0.000000 -1.000000 0.000000 -1.000000 0.000000 
						0.000000 -1.000000 0.000000 0.000000 -1.000000 0.000000 0.000000 -1.000000 0.000000 1.000000 0.000000 0.000000 1.000000 0.000000 0.000000 0.991801 0.127789 0.000000 0.991801 0.127789 0.000000 -1.000000 0.000000 0.000000 -1.000000 0.000000 0.000000 -0.991801 0.127789 0.000000 -0.991801 0.127789 0.000000 0.000000 0.262815 0.964846 0.000000 0.262815 0.964846 0.000000 0.799466 0.600712 0.000000 0.799466 0.600712 0.765499 0.643437 0.000000 0.765499 0.643437 0.000000 0.000000 0.262815 -0.964846 0.000000 0.262815 -0.964846 0.000000 0.799465 -0.600712 0.000000 0.799465 -0.600712 -0.765499 0.643437 0.000000 -0.765499 0.643437 0.000000 0.924778 0.233445 -0.300481 0.786661 0.233444 -0.571549 0.770523 0.304789 -0.559820 0.905805 0.304789 -0.294315 0.571545 0.233445 -0.786664 0.559818 0.304789 -0.770524 0.571545 0.233445 -0.786664 0.300480 0.233446 -0.924778 0.294314 0.304789 -0.905805 0.559818 0.304789 -0.770524 0.152213 0.230726 -0.961040 0.149160 0.301380 -0.941765 0.152215 0.230727 0.961039 0.300480 0.233446 0.924778 0.294315 0.304790 0.905804 0.149162 0.301382 0.941764 0.571545 0.233446 0.786663 0.559818 0.304789 0.770524 0.571545 0.233446 0.786663 0.786665 0.233446 0.571544 0.770524 0.304789 0.559819 0.559818 0.304789 0.770524 0.924779 0.233445 0.300477 0.905805 0.304789 0.294314 0.972370 0.233446 0.000001 0.952420 0.304789 0.000001 0.723292 0.447993 -0.525501 0.850280 0.447993 -0.276271 0.525502 0.447994 -0.723290 0.276274 0.447994 -0.850279 0.525502 0.447994 -0.723290 0.140203 0.443568 -0.885206 0.276273 0.447992 0.850280 0.140202 0.443565 0.885208 0.525501 0.447993 0.723292 0.723291 0.447993 0.525502 0.525501 0.447993 0.723292 0.850280 0.447993 0.276273 0.894037 0.447993 0.000001 0.658810 0.580398 -0.478652 0.774477 0.580398 -0.251643 
						0.478654 0.580400 -0.658807 0.525502 0.447994 -0.723290 0.276274 0.447994 -0.850279 0.251645 0.580401 -0.774474 0.478654 0.580400 -0.658807 0.140203 0.443568 -0.885206 0.127919 0.575632 -0.807641 0.140202 0.443565 0.885208 0.276273 0.447992 0.850280 0.251643 0.580397 0.774478 0.127917 0.575626 0.807646 0.525501 0.447993 0.723292 0.478654 0.580399 0.658808 0.658810 0.580398 0.478651 0.478654 0.580399 0.658808 0.774477 0.580398 0.251641 0.814333 0.580398 0.000000 0.578713 0.698789 -0.420458 0.680317 0.698789 -0.221050 0.420460 0.698789 -0.578711 0.221048 0.698789 -0.680317 0.420460 0.698789 -0.578711 0.112577 0.694348 -0.710780 0.221049 0.698790 0.680316 0.112577 0.694349 0.710778 0.420460 0.698789 0.578712 0.578713 0.698789 0.420459 0.420460 0.698789 0.578712 0.680317 0.698789 0.221049 0.715328 0.698789 -0.000001 0.485137 0.800254 -0.352471 0.570313 0.800253 -0.185305 0.578713 0.698789 -0.420458 0.352472 0.800253 -0.485138 0.485137 0.800254 -0.352471 0.185306 0.800253 -0.570313 0.094552 0.796669 -0.596975 0.185306 0.800254 0.570312 0.094552 0.796670 0.596974 0.352473 0.800253 0.485137 0.578713 0.698789 0.420459 0.485137 0.800253 0.352472 0.570313 0.800253 0.185307 0.485137 0.800253 0.352472 0.599662 0.800253 0.000000 0.570313 0.800253 -0.185305 0.380847 0.882265 -0.276703 0.447713 0.882265 -0.145470 0.276702 0.882264 -0.380848 0.145471 0.882265 -0.447712 0.074354 0.879824 -0.469448 0.145471 0.882266 0.447712 0.074354 0.879825 0.469446 0.276702 0.882264 0.380850 0.380848 0.882264 0.276703 0.570313 0.800253 0.185307 0.447713 0.882265 0.145468 0.470754 0.882265 0.000000 0.447713 0.882265 0.145468 0.447713 0.882265 -0.145470 0.269871 0.942722 -0.196072 0.317253 0.942722 -0.103082 0.196073 0.942723 -0.269868 0.103082 0.942722 -0.317254 
						0.030259 0.950721 -0.308569 0.103082 0.942721 0.317256 0.030259 0.950720 0.308570 0.196073 0.942721 0.269873 0.269871 0.942721 0.196078 0.317253 0.942722 0.103087 0.470754 0.882265 0.000000 0.333579 0.942722 0.000000 0.162096 0.979723 -0.117761 0.190556 0.979722 -0.061916 0.117770 0.979723 -0.162092 0.061915 0.979722 -0.190556 0.000000 0.979722 -0.200362 -0.036949 0.971706 -0.233287 -0.032532 0.983594 -0.177439 -0.036949 0.971704 0.233293 0.000000 0.979721 0.200368 -0.032532 0.983594 0.177440 0.061915 0.979722 0.190557 0.117770 0.979721 0.162099 0.162096 0.979721 0.117779 0.190555 0.979721 0.061926 0.200362 0.979722 0.000000 0.029422 0.999567 0.000005 -0.036061 0.996839 -0.070791 -0.036061 0.996842 0.070755 -0.011795 -0.281973 -0.959350 -0.011795 -0.281973 -0.959350 -0.012294 0.000000 -0.999924 -0.012294 0.000000 -0.999924 0.000000 1.000000 -0.000000 0.000000 1.000000 -0.000000 0.000000 1.000000 -0.000000 0.000000 1.000000 -0.000000 0.012294 0.000000 0.999924 0.012294 0.000000 0.999924 0.012294 0.000000 0.999924 0.012294 0.000000 0.999924 0.000000 -1.000000 0.000000 0.000000 -1.000000 0.000000 0.000000 -1.000000 0.000000 0.000000 -1.000000 0.000000 -0.999924 0.000000 0.012294 -0.999924 0.000000 0.012294 -0.999924 0.000000 0.012294 -0.999924 0.000000 0.012294 0.999924 -0.000000 -0.012294 0.999924 -0.000000 -0.012294 0.999924 0.000000 -0.012294 0.999924 0.000000 -0.012294 0.012294 0.000000 0.999924 0.012294 0.000000 0.999924 -0.999924 0.000000 0.012294 -0.999924 0.000000 0.012294 -0.011795 -0.281973 -0.959350 -0.011795 -0.281973 -0.959350 -0.008501 -0.722337 -0.691489 -0.008501 -0.722337 -0.691489 0.999924 -0.000001 -0.012294 0.999924 -0.000001 -0.012294 -0.824924 -0.281973 0.489890 -0.824924 -0.281973 0.489890 -0.859813 0.000000 0.510609 -0.859813 0.000000 0.510609 
						0.000000 1.000000 0.000000 0.000000 1.000000 0.000000 0.000000 1.000000 0.000000 0.000000 1.000000 0.000000 0.859813 0.000000 -0.510609 0.859813 0.000000 -0.510609 0.859813 0.000000 -0.510609 0.859813 0.000000 -0.510609 0.000000 -1.000000 0.000000 0.000000 -1.000000 0.000000 0.000000 -1.000000 0.000000 0.000000 -1.000000 0.000000 0.510608 -0.000000 0.859813 0.510608 -0.000000 0.859813 0.510608 0.000000 0.859813 0.510608 0.000000 0.859813 -0.510608 0.000000 -0.859813 -0.510608 0.000000 -0.859813 -0.510608 0.000000 -0.859814 -0.510608 0.000000 -0.859814 0.859813 0.000000 -0.510610 0.859813 0.000000 -0.510610 0.510609 -0.000001 0.859813 0.510609 -0.000001 0.859813 -0.824924 -0.281973 0.489890 -0.824924 -0.281973 0.489890 -0.594596 -0.722337 0.353107 -0.594596 -0.722337 0.353107 -0.510609 0.000000 -0.859813 -0.510609 0.000000 -0.859813 0.836719 -0.281974 0.469460 0.836719 -0.281974 0.469460 0.872107 -0.000000 0.489315 0.872107 -0.000000 0.489315 0.000000 1.000000 0.000002 0.000000 1.000000 0.000002 0.000000 1.000000 0.000002 0.000000 1.000000 0.000002 -0.872107 0.000000 -0.489315 -0.872107 0.000000 -0.489315 -0.872107 0.000000 -0.489316 -0.872107 0.000000 -0.489316 0.000000 -1.000000 -0.000001 0.000000 -1.000000 -0.000001 0.000000 -1.000000 -0.000001 0.000000 -1.000000 -0.000001 0.489315 -0.000000 -0.872107 0.489315 0.000000 -0.872107 0.489315 -0.000000 -0.872107 0.489315 -0.000000 -0.872107 -0.489316 -0.000000 0.872107 -0.489316 -0.000000 0.872107 -0.489316 -0.000000 0.872107 -0.489316 -0.000000 0.872107 -0.872106 0.000000 -0.489318 -0.872106 0.000000 -0.489318 0.489316 0.000000 -0.872107 0.489315 0.000000 -0.872107 0.603097 -0.722338 0.338382 0.603097 -0.722338 0.338382 -0.489316 0.000000 0.872107 -0.489316 0.000000 0.872107 0.000000 0.951070 -0.308976 0.000000 0.809005 -0.587802 
						0.000000 0.809005 -0.587802 0.000000 0.951070 -0.308976 0.000000 0.587758 -0.809036 0.000000 0.587758 -0.809036 0.000000 0.587758 -0.809036 0.000000 0.309016 -0.951057 0.000000 0.309016 -0.951057 0.000000 0.587758 -0.809036 0.000000 0.000000 -1.000000 0.000000 0.000000 -1.000000 0.000000 -0.309032 -0.951051 0.000000 -0.309032 -0.951051 0.000000 -0.587781 -0.809020 0.000000 -0.587781 -0.809020 0.000000 -0.587781 -0.809020 0.000000 -0.809004 -0.587803 0.000000 -0.809004 -0.587803 0.000000 -0.587781 -0.809020 0.000000 -0.951056 -0.309019 0.000000 -0.951056 -0.309019 0.000000 -1.000000 0.000000 0.000000 -1.000000 0.000000 0.000000 -0.951056 0.309019 0.000000 -0.951056 0.309019 0.000000 -0.809004 0.587803 0.000000 -0.809004 0.587803 0.000000 -0.587781 0.809020 0.000000 -0.587781 0.809020 0.000000 -0.587781 0.809020 0.000000 -0.309032 0.951051 0.000000 -0.309032 0.951051 0.000000 -0.587781 0.809020 0.000000 0.000000 1.000000 0.000000 0.000000 1.000000 0.000000 0.309018 0.951056 0.000000 0.309018 0.951056 0.000000 0.587758 0.809036 0.000000 0.587758 0.809036 0.000000 0.587758 0.809036 0.000000 0.809004 0.587803 0.000000 0.809004 0.587803 0.000000 0.587758 0.809036 0.000000 0.951070 0.308976 0.000000 0.951070 0.308976 0.000000 1.000000 0.000000 0.000000 1.000000 0.000000 1.000000 0.000000 0.000000 1.000000 0.000000 0.000000 1.000000 0.000000 0.000000 1.000000 0.000003 0.000000 1.000000 -0.000003 0.000000 1.000000 -0.000003 0.000000 1.000000 0.000003 0.000000 1.000000 0.000000 0.000000 1.000000 -0.000001 0.000000 1.000000 -0.000001 0.000000 1.000000 0.000000 0.000000 1.000000 0.000000 0.000000 1.000000 0.000000 0.000000 1.000000 0.000000 0.000000 1.000000 0.000006 0.000000 1.000000 0.000003 0.000000 1.000000 -0.000003 0.000000 1.000000 0.000000 0.000000 
						1.000000 0.000001 0.000000 1.000000 0.000001 0.000000 1.000000 0.000000 0.000000 -1.000000 0.000001 0.000000 -1.000000 0.000001 0.000000 -1.000000 0.000000 0.000000 -1.000000 0.000003 0.000000 -1.000000 -0.000000 0.000000 -1.000000 0.000003 0.000000 -1.000000 0.000006 0.000000 -1.000000 0.000000 0.000000 -1.000000 0.000000 0.000000 -1.000000 0.000000 0.000000 -1.000000 0.000000 0.000000 -1.000000 -0.000001 0.000000 -1.000000 -0.000001 0.000000 -1.000000 0.000000 0.000000 -1.000000 0.000003 0.000000 -1.000000 -0.000003 0.000000 -1.000000 -0.000006 0.000000 -1.000000 0.000000 0.000000 -1.000000 0.000000 0.000000 -1.000000 0.000000 0.000000 -1.000000 0.000000 0.000000 0.000000 0.951056 -0.309019 0.000000 0.809004 -0.587802 0.000000 0.809004 -0.587802 0.000000 0.951056 -0.309019 0.000000 0.587782 -0.809020 0.000000 0.587782 -0.809020 0.000000 0.587782 -0.809020 0.000000 0.309017 -0.951056 0.000000 0.309017 -0.951056 0.000000 0.587782 -0.809020 0.000000 -0.000001 -1.000000 0.000000 -0.000001 -1.000000 0.000000 -0.309031 -0.951052 0.000000 -0.309031 -0.951052 0.000000 -0.587781 -0.809020 0.000000 -0.587781 -0.809020 0.000000 -0.587781 -0.809020 0.000000 -0.809004 -0.587802 0.000000 -0.809004 -0.587802 0.000000 -0.587781 -0.809020 0.000000 -0.951056 -0.309019 0.000000 -0.951056 -0.309019 0.000000 -1.000000 0.000000 0.000000 -1.000000 0.000000 0.000000 -0.951056 0.309019 0.000000 -0.951056 0.309019 0.000000 -0.809004 0.587803 0.000000 -0.809004 0.587803 0.000000 -0.587781 0.809020 0.000000 -0.587781 0.809020 0.000000 -0.587781 0.809020 0.000000 -0.309031 0.951052 0.000000 -0.309031 0.951052 0.000000 -0.587781 0.809020 0.000000 0.000000 1.000000 0.000000 0.000000 1.000000 0.000000 0.309017 0.951056 0.000000 0.309017 0.951056 0.000000 0.587781 0.809020 0.000000 0.587781 0.809020 
						0.000000 0.587781 0.809020 0.000000 0.809004 0.587803 0.000000 0.809004 0.587803 0.000000 0.587781 0.809020 0.000000 0.951056 0.309019 0.000000 0.951056 0.309019 0.000000 1.000000 0.000000 0.000000 1.000000 0.000000 1.000000 0.000000 0.000000 1.000000 0.000000 0.000000 1.000000 -0.000000 0.000000 1.000000 -0.000003 0.000000 1.000000 -0.000003 0.000000 1.000000 0.000000 0.000000 1.000000 0.000003 0.000000 1.000000 0.000003 0.000000 1.000000 -0.000001 0.000000 1.000000 -0.000001 0.000000 1.000000 0.000000 0.000000 1.000000 0.000000 0.000000 1.000000 0.000000 0.000000 1.000000 0.000003 0.000000 1.000000 0.000003 0.000000 1.000000 0.000000 0.000000 1.000000 -0.000003 0.000000 1.000000 -0.000003 0.000000 1.000000 0.000001 0.000000 1.000000 0.000001 0.000000 1.000000 0.000000 0.000000 -1.000000 0.000001 0.000000 -1.000000 0.000001 0.000000 -1.000000 0.000000 0.000000 -1.000000 -0.000003 0.000000 -1.000000 -0.000003 0.000000 -1.000000 0.000000 0.000000 -1.000000 0.000003 0.000000 -1.000000 0.000003 0.000000 -1.000000 0.000000 0.000000 -1.000000 0.000000 0.000000 -1.000000 0.000000 0.000000 -1.000000 -0.000001 0.000000 -1.000000 -0.000001 0.000000 -1.000000 0.000003 0.000000 -1.000000 0.000003 0.000000 -1.000000 0.000000 0.000000 -1.000000 -0.000003 0.000000 -1.000000 -0.000003 0.000000 -1.000000 0.000000 0.000000 -1.000000 0.000000 0.000000 -1.000000 0.000000 0.000000 
					</float_array>
					<technique_common>
						<accessor count="3122" offset="0" source="#meshId0-normals-array" stride="3">
							<param name="X" type="float" />
							<param name="Y" type="float" />
							<param name="Z" type="float" />
						</accessor>
					</technique_common>
				</source>
				<source id="meshId0-tangents" name="meshId0-tangents">
					<float_array id="meshId0-tangents-array" count="9366"> 
						-0.309016 0.000000 -0.951057 -0.587785 -0.000000 -0.809017 -0.587785 0.000000 -0.809017 -0.309016 -0.000000 -0.951057 -0.808915 0.004987 -0.587905 -0.809017 -0.000000 -0.587785 0.809099 0.004987 0.587651 0.951057 -0.000000 0.309016 0.951057 -0.000000 0.309016 0.809017 -0.000000 0.587785 1.000000 -0.000000 -0.000000 1.000000 -0.000000 -0.000000 0.951057 0.000000 -0.309017 0.951057 0.000000 -0.309017 0.809099 -0.004987 -0.587651 0.809017 0.000000 -0.587785 -0.808915 -0.004987 0.587905 -0.587785 -0.000000 0.809017 -0.587785 0.000000 0.809017 -0.809017 0.000000 0.587785 -0.309017 0.000000 0.951057 -0.309017 0.000000 0.951057 0.000000 -0.000000 1.000000 0.000000 0.000000 1.000000 0.309017 -0.000000 0.951057 0.309017 -0.000000 0.951057 0.587785 0.000000 0.809017 0.587785 0.000000 0.809017 0.808915 0.004987 0.587905 0.809017 -0.000000 0.587785 0.809099 -0.004987 0.587651 0.951057 -0.000000 0.309017 0.951057 0.000000 0.309017 0.809017 0.000000 0.587785 1.000000 0.000000 -0.000000 1.000000 -0.000000 0.000000 0.951056 -0.000000 -0.309017 0.951057 -0.000000 -0.309017 0.809099 0.004987 -0.587651 0.809017 -0.000000 -0.587785 0.808915 -0.004987 -0.587905 0.587785 0.000000 -0.809017 0.587785 0.000000 -0.809017 0.809017 0.000000 -0.587785 0.309017 0.000000 -0.951057 0.309016 -0.000000 -0.951057 0.000001 -0.000000 -1.000000 0.000001 -0.000000 -1.000000 1.000000 0.000000 -0.000001 1.000000 0.000000 -0.000002 1.000000 -0.000000 -0.000000 1.000000 0.000000 0.000002 1.000000 -0.000000 -0.000002 1.000000 0.000000 -0.000001 1.000000 0.000000 0.000003 1.000000 0.000000 -0.000000 1.000000 0.000000 -0.000001 1.000000 0.000000 -0.000001 1.000000 0.000000 0.000000 1.000000 0.000000 0.000002 1.000000 0.000000 0.000001 1.000000 -0.000000 0.000001 1.000000 -0.000000 0.000000 1.000000 0.000000 -0.000001 
						1.000000 -0.000000 0.000002 1.000000 0.000000 0.000002 1.000000 -0.000000 -0.000001 1.000000 0.000000 -0.000001 1.000000 0.000000 -0.000000 -0.309016 0.000000 -0.951057 -0.587786 0.000001 -0.809017 -0.771547 0.075891 -0.631630 0.839137 0.075890 0.538600 0.951057 0.000000 0.309017 1.000000 -0.000000 0.000000 0.951057 0.000000 -0.309016 0.839137 -0.075889 -0.538599 -0.771547 -0.075891 0.631629 -0.587786 -0.000001 0.809017 -0.309017 -0.000000 0.951057 0.000000 -0.000000 1.000000 0.309017 0.000000 0.951057 0.587786 0.000000 0.809017 0.771547 0.075890 0.631630 0.839137 -0.075890 0.538600 0.951056 -0.000000 0.309017 1.000000 0.000000 0.000000 0.951056 0.000000 -0.309017 0.839137 0.075890 -0.538600 0.771547 -0.075890 -0.631630 0.587786 -0.000000 -0.809017 0.309017 -0.000000 -0.951057 0.000001 -0.000001 -1.000000 -0.587792 0.000000 -0.809012 -0.309024 0.000000 -0.951054 -0.309014 0.000002 -0.951057 -0.587785 0.000001 -0.809017 -0.809018 0.000000 -0.587783 -0.756866 -0.078680 -0.648817 0.951057 0.000000 0.309016 0.809018 0.000000 0.587783 0.850945 -0.078682 0.519328 0.951056 -0.000000 0.309017 1.000000 0.000000 0.000000 1.000000 0.000000 -0.000000 0.951057 0.000000 -0.309016 0.951056 0.000001 -0.309018 0.809018 0.000000 -0.587783 0.850945 0.078681 -0.519328 -0.587792 0.000000 0.809012 -0.809018 0.000000 0.587783 -0.756866 0.078681 0.648817 -0.587789 0.000004 0.809015 -0.309024 0.000000 0.951054 -0.309020 0.000003 0.951056 0.000000 0.000000 1.000000 -0.000001 0.000001 1.000000 0.309024 0.000000 0.951054 0.309019 -0.000002 0.951056 0.587793 0.000000 0.809012 0.587787 -0.000002 0.809016 0.809018 0.000000 0.587783 0.756867 -0.078680 0.648816 0.951057 0.000000 0.309016 0.809018 0.000000 0.587783 0.850944 0.078681 0.519329 0.951057 -0.000000 0.309017 1.000000 0.000000 -0.000000 
						1.000000 -0.000000 -0.000000 0.951057 0.000000 -0.309016 0.951056 -0.000001 -0.309018 0.809018 0.000000 -0.587783 0.850945 -0.078681 -0.519329 0.587792 0.000000 -0.809012 0.809018 0.000000 -0.587783 0.756867 0.078680 -0.648816 0.587788 0.000003 -0.809015 0.309018 0.000000 -0.951056 0.309017 -0.000000 -0.951057 -0.000006 0.000000 -1.000000 -0.000001 -0.000001 -1.000000 0.807280 -0.580441 0.106707 0.738631 -0.671001 0.064668 0.898325 -0.439332 0.000040 0.923304 -0.384069 0.000161 0.895855 -0.430659 0.109438 0.957270 -0.289195 0.000362 0.970662 -0.230316 0.069072 0.987635 -0.156768 0.000356 1.000000 0.000000 -0.000000 1.000000 0.000000 -0.000000 0.970661 0.230317 -0.069071 0.987635 0.156768 -0.000356 0.895855 0.430658 -0.109440 0.957270 0.289195 -0.000363 0.807281 0.580435 -0.106733 0.923305 0.384068 -0.000184 0.738619 0.671017 -0.064636 0.898318 0.439346 -0.000005 0.713077 0.701086 -0.000000 0.889302 0.457321 0.000000 0.738624 0.671008 0.064678 0.898321 0.439340 0.000047 0.807284 0.580431 0.106739 0.923306 0.384064 0.000192 0.895856 0.430656 0.109447 0.957271 0.289193 0.000371 0.970660 0.230322 0.069069 0.987635 0.156774 0.000352 1.000000 0.000000 -0.000000 1.000000 -0.000000 -0.000000 0.970660 -0.230323 -0.069067 0.987634 -0.156774 -0.000350 0.895856 -0.430654 -0.109449 0.957271 -0.289193 -0.000373 0.807284 -0.580430 -0.106739 0.923307 -0.384064 -0.000191 0.738623 -0.671013 -0.064643 0.898320 -0.439341 -0.000014 0.713084 -0.701079 0.000000 0.889305 -0.457314 0.000000 0.000000 1.000000 0.000000 0.000000 1.000000 0.000000 0.670440 0.729935 -0.133059 0.550910 0.732321 -0.400255 0.000000 1.000000 0.000000 0.400260 0.732321 -0.550907 0.000000 -1.000000 0.000000 0.000000 -1.000000 0.000000 -0.400260 -0.732321 0.550907 -0.210425 -0.732323 0.647630 0.000000 -1.000000 0.000000 
						-0.000000 -0.732325 0.680956 0.000000 -1.000000 0.000000 0.210424 -0.732324 0.647629 0.000000 -1.000000 0.000000 0.400260 -0.732320 0.550908 0.000000 1.000000 0.000000 0.000000 1.000000 0.000000 -0.400260 0.732320 -0.550908 -0.550912 0.732320 -0.400254 0.000000 1.000000 0.000000 -0.670437 0.729938 -0.133056 0.000000 1.000000 0.000000 -0.680956 0.732324 0.000000 0.000000 1.000000 0.000000 -0.670439 0.729937 0.133055 0.000000 1.000000 0.000000 -0.550913 0.732318 0.400256 0.000000 1.000000 0.000000 -0.400260 0.732319 0.550909 0.000000 1.000000 0.000000 0.000000 1.000000 0.000000 -0.400260 0.732319 0.550909 -0.210428 0.732321 0.647631 0.000000 1.000000 0.000000 0.000000 0.732321 0.680960 0.000000 1.000000 0.000000 0.210425 0.732321 0.647632 0.000000 1.000000 0.000000 0.400257 0.732318 0.550912 0.000000 1.000000 0.000000 0.000000 1.000000 0.000000 0.400257 0.732318 0.550912 0.550913 0.732316 0.400260 0.000000 1.000000 0.000000 0.670442 0.729932 0.133069 0.000000 1.000000 0.000000 0.680964 0.732317 0.000001 0.094331 -0.472000 0.876538 0.013145 -0.303202 0.952836 -0.041733 -0.224732 0.973526 0.000850 -0.361265 0.932463 0.089383 -0.620996 0.778701 0.000361 -0.470888 0.882193 0.053061 -0.705351 0.706869 0.000045 -0.531617 0.846985 -0.000000 -0.732325 0.680956 -0.000000 -0.550823 0.834622 -0.053078 -0.705349 0.706870 -0.000063 -0.531616 0.846985 -0.089379 -0.620997 0.778700 -0.000356 -0.470890 0.882192 -0.094323 -0.472003 0.876537 -0.000841 -0.361271 0.932460 -0.013153 -0.303197 0.952837 0.041720 -0.224731 0.973527 -0.846621 0.532182 -0.003824 -0.834618 0.550829 0.000000 -0.846622 0.532180 0.003820 0.094315 0.472007 0.876535 0.013153 0.303197 0.952837 -0.041719 0.224731 0.973527 0.000833 0.361274 0.932459 0.089399 0.620988 0.778705 0.000377 0.470882 0.882196 
						0.053079 0.705345 0.706874 0.000065 0.531616 0.846986 0.000001 0.732321 0.680960 0.000000 0.550827 0.834620 -0.053048 0.705351 0.706870 -0.000035 0.531623 0.846981 -0.089390 0.620993 0.778702 -0.000369 0.470889 0.882192 -0.094309 0.472012 0.876533 -0.000827 0.361278 0.932458 -0.013146 0.303197 0.952837 0.041727 0.224730 0.973527 0.846622 0.532180 0.003866 0.834624 0.550820 0.000001 0.846623 0.532179 -0.003835 0.000000 1.000000 0.000000 0.000000 1.000000 0.000000 -0.228177 0.973354 0.022729 -0.244318 0.968739 0.043061 0.000000 1.000000 0.000000 -0.263864 0.961092 0.081724 0.000000 -1.000000 0.000000 0.000000 -1.000000 0.000000 0.052355 -0.969879 -0.237894 0.022735 -0.973354 -0.228179 0.000000 -1.000000 0.000000 0.000000 -0.974519 -0.224306 0.000000 -1.000000 0.000000 -0.022729 -0.973353 -0.228181 0.000000 -1.000000 0.000000 -0.052361 -0.969880 -0.237891 0.000000 1.000000 0.000000 0.000000 1.000000 0.000000 0.263864 0.961092 0.081725 0.244322 0.968737 0.043063 0.000000 1.000000 0.000000 0.228178 0.973354 0.022734 0.000000 1.000000 0.000000 0.224303 0.974519 0.000000 -0.000001 1.000000 0.000000 0.228181 0.973353 -0.022728 0.000001 1.000000 0.000004 0.244325 0.968737 -0.043063 0.000000 1.000000 0.000000 0.263865 0.961091 -0.081727 0.000000 1.000000 0.000000 0.000000 1.000000 0.000000 0.052355 0.969878 -0.237898 0.022728 0.973354 -0.228181 0.000000 1.000000 0.000000 -0.000000 0.974519 -0.224304 0.000000 1.000000 0.000000 -0.022734 0.973354 -0.228179 0.000000 1.000000 0.000000 -0.052354 0.969878 -0.237898 0.000000 1.000000 0.000000 0.000000 1.000000 0.000000 -0.263858 0.961092 -0.081732 -0.244328 0.968736 -0.043058 0.000000 1.000000 0.000000 -0.228179 0.973354 -0.022734 0.000000 1.000000 0.000000 -0.224304 0.974519 -0.000000 -0.056417 0.997757 -0.036040 
						-0.093849 0.993548 -0.063682 -0.161511 0.985519 -0.051636 -0.043455 -0.993078 -0.109123 -0.025458 -0.997281 -0.069163 0.002672 -0.999140 -0.041385 0.031759 -0.998114 -0.052534 0.043045 -0.994004 -0.100519 0.171770 0.984107 -0.045040 0.106924 0.992871 -0.052665 0.052532 0.998114 -0.031753 0.041384 0.999140 -0.002671 0.069165 0.997280 0.025465 0.116494 0.991776 0.053009 0.160768 0.985077 0.061456 -0.053936 0.994731 -0.087184 -0.036041 0.997756 -0.056417 -0.003179 0.998213 -0.059676 0.030373 0.996772 -0.074321 0.054972 0.994077 -0.093746 -0.152840 0.986077 0.065511 -0.101056 0.992780 0.064624 -0.074321 0.996772 0.030372 -0.059677 0.998213 -0.003179 0.000000 1.000000 0.000000 0.000000 1.000000 0.000000 0.000000 1.000000 0.000000 0.000000 1.000000 0.000000 0.000000 1.000000 0.000000 0.000000 1.000000 0.000000 0.000000 -1.000000 0.000000 0.000000 -1.000000 0.000000 0.000000 -1.000000 0.000000 0.000000 -1.000000 0.000000 0.000000 -1.000000 0.000000 0.000000 -1.000000 0.000000 0.000000 -1.000000 0.000000 0.000000 -1.000000 0.000000 0.000000 -1.000000 0.000000 0.000000 -1.000000 0.000000 0.000000 1.000000 0.000000 0.000000 1.000000 0.000000 0.000000 1.000000 0.000000 0.000000 1.000000 0.000000 0.000000 1.000000 0.000000 0.000000 1.000000 0.000000 0.000000 1.000000 0.000000 0.000000 1.000000 0.000000 0.000002 1.000000 -0.000001 0.000001 1.000000 -0.000000 -0.000004 1.000000 -0.000012 -0.000004 1.000000 -0.000012 0.000001 1.000000 -0.000002 0.000000 1.000000 -0.000001 0.000001 1.000000 0.000003 0.000001 1.000000 -0.000002 0.000001 1.000000 -0.000001 0.000002 1.000000 0.000002 0.000000 1.000000 0.000001 -0.000000 1.000000 0.000002 0.000000 1.000000 0.000000 0.000000 1.000000 0.000000 0.000000 1.000000 0.000000 0.000000 1.000000 0.000000 0.000000 1.000000 0.000000 
						0.000000 1.000000 0.000000 0.000000 1.000000 0.000000 0.000000 1.000000 0.000000 0.000000 1.000000 0.000000 0.000000 1.000000 0.000000 0.000000 1.000000 0.000000 0.000000 1.000000 0.000000 0.478596 0.869006 -0.125594 0.467751 0.881946 -0.058132 0.574824 0.818277 0.000208 0.637426 0.770510 0.001655 0.446158 0.882913 -0.146318 0.719655 0.692598 -0.049031 0.886810 0.451257 0.099681 0.727441 0.666119 0.164663 0.783944 0.617995 0.059279 0.911658 0.410878 0.007615 0.999864 0.007160 0.014847 1.000000 0.000001 -0.000000 0.895270 -0.440937 -0.063773 0.911658 -0.410878 -0.007615 0.715185 -0.676470 -0.175781 0.783943 -0.617996 -0.059278 -0.422502 0.902976 -0.078271 -0.446182 0.884433 -0.136749 -0.719656 0.692598 -0.049030 -0.637426 0.770510 0.001654 -0.468100 0.881200 -0.066092 -0.574823 0.818278 0.000207 -0.465925 0.884816 0.003720 -0.555479 0.831531 0.000000 -0.399086 0.916044 0.039915 -0.574824 0.818277 -0.000207 -0.420734 0.904316 0.072083 -0.637426 0.770510 -0.001654 -0.486719 0.851662 0.194363 -0.719655 0.692598 0.049032 0.903185 -0.427409 0.039722 0.741833 -0.658702 0.125681 0.783943 -0.617996 0.059277 0.911658 -0.410878 0.007615 0.999904 0.004862 -0.013001 1.000000 0.000002 0.000001 0.893859 0.441392 -0.078676 0.911658 0.410879 -0.007615 0.755073 0.645911 -0.112532 0.783944 0.617995 -0.059279 0.478177 0.870575 0.115951 0.484232 0.849933 0.207685 0.719657 0.692596 0.049028 0.637426 0.770509 -0.001657 0.397995 0.916694 0.035659 0.574823 0.818278 -0.000207 0.392207 0.919875 0.001821 0.555479 0.831531 0.000001 0.898684 0.438598 0.000291 0.867611 0.497231 0.003546 0.867611 0.497231 0.003546 0.898683 0.438598 0.000291 0.942576 0.333991 0.000635 0.942576 0.333991 0.000635 0.983120 0.182959 0.000615 0.983120 0.182959 0.000615 1.000000 0.000001 -0.000000 
						1.000000 0.000001 -0.000000 0.983120 -0.182960 -0.000615 0.983120 -0.182960 -0.000614 0.942576 -0.333992 -0.000636 0.942576 -0.333992 -0.000635 0.898683 -0.438598 -0.000292 0.898683 -0.438598 -0.000292 0.867611 -0.497231 -0.003546 0.867611 -0.497231 -0.003546 -0.856207 0.516633 -0.000001 -0.867048 0.498213 -0.003457 -0.867048 0.498213 -0.003456 -0.856207 0.516633 0.000000 -0.867048 0.498213 0.003452 -0.867048 0.498213 0.003454 0.898683 -0.438598 0.000291 0.867611 -0.497231 0.003548 0.867611 -0.497231 0.003549 0.898683 -0.438598 0.000291 0.942576 -0.333992 0.000636 0.942576 -0.333992 0.000635 0.983120 -0.182959 0.000615 0.983120 -0.182959 0.000615 1.000000 0.000001 0.000000 1.000000 0.000001 0.000000 0.983120 0.182960 -0.000614 0.983120 0.182960 -0.000614 0.942576 0.333991 -0.000637 0.942576 0.333991 -0.000637 0.898684 0.438597 -0.000291 0.898683 0.438598 -0.000290 0.867611 0.497230 -0.003549 0.867611 0.497230 -0.003548 0.856207 0.516634 0.000000 0.867048 0.498213 0.003453 0.867048 0.498212 0.003451 0.856206 0.516634 0.000000 0.867047 0.498214 -0.003461 0.867047 0.498214 -0.003459 1.000000 0.000000 -0.000000 1.000000 0.000000 -0.000000 1.000000 0.000000 0.000000 1.000000 0.000000 -0.000000 1.000000 -0.000000 0.000000 1.000000 -0.000000 0.000000 1.000000 -0.000000 -0.000001 1.000000 -0.000000 -0.000001 1.000000 0.000000 0.000001 1.000000 0.000000 0.000001 1.000000 0.000000 0.000000 1.000000 0.000000 -0.000000 1.000000 0.000000 0.000001 1.000000 0.000000 0.000001 1.000000 0.000000 0.000000 1.000000 0.000000 0.000000 1.000000 -0.000000 -0.000000 1.000000 -0.000000 -0.000000 1.000000 0.000000 0.000000 1.000000 0.000000 -0.000000 1.000000 0.000000 -0.000000 1.000000 0.000000 -0.000000 1.000000 0.000000 0.000000 1.000000 0.000000 0.000000 1.000000 0.000000 0.000001 
						1.000000 0.000000 0.000001 1.000000 0.000000 -0.000002 1.000000 0.000000 -0.000001 1.000000 0.000000 0.000001 1.000000 0.000000 0.000000 1.000000 -0.000000 -0.000000 1.000000 0.000000 0.000000 1.000000 0.000000 0.000001 1.000000 0.000000 0.000001 1.000000 -0.000000 -0.000003 1.000000 -0.000000 -0.000001 1.000000 0.000000 0.000001 1.000000 0.000000 -0.000000 1.000000 0.000000 0.000000 1.000000 0.000000 0.000001 0.000000 1.000000 -0.000000 0.000000 1.000000 0.000001 0.198376 0.976970 0.078598 0.291335 0.947790 0.129684 0.000000 1.000000 -0.000000 0.397507 0.912234 0.099085 0.000000 -1.000000 0.000001 0.000000 -1.000000 0.000001 -0.097526 -0.986139 0.134234 -0.051272 -0.986139 0.157801 -0.000000 -1.000000 -0.000000 -0.000000 -0.986139 0.165921 0.000000 -1.000000 -0.000002 0.051272 -0.986139 0.157799 0.000001 -1.000000 -0.000002 0.097527 -0.986139 0.134231 0.000000 1.000000 0.000000 0.000000 1.000000 0.000002 -0.397504 0.912235 0.099085 -0.291335 0.947790 0.129684 0.000000 1.000000 0.000000 -0.198377 0.976969 0.078603 0.000000 1.000000 0.000000 -0.165921 0.986139 0.000000 0.000000 1.000000 0.000000 -0.198375 0.976970 -0.078595 -0.000000 1.000000 -0.000000 -0.291337 0.947789 -0.129687 -0.000000 1.000000 -0.000001 -0.397508 0.912233 -0.099087 0.000000 1.000000 -0.000000 0.000000 1.000000 -0.000001 -0.097526 0.986139 0.134233 -0.051272 0.986139 0.157800 -0.000000 1.000000 0.000000 0.000000 0.986139 0.165921 -0.000000 1.000000 0.000001 0.051272 0.986139 0.157802 -0.000000 1.000000 0.000002 0.097525 0.986139 0.134235 0.000000 1.000000 0.000000 0.000001 1.000000 0.000001 0.397510 0.912232 -0.099087 0.291337 0.947789 -0.129686 0.000000 1.000000 0.000000 0.198375 0.976970 -0.078595 0.000000 1.000000 0.000000 0.165921 0.986139 0.000001 0.728102 0.685469 0.000137 
						0.780799 0.624781 0.000950 0.848584 0.527393 -0.041978 0.911365 0.336852 0.236526 0.725069 0.551822 0.412029 0.879237 0.474073 0.046868 0.956990 0.290108 0.002811 1.000000 0.000001 0.000002 1.000000 0.000001 0.000002 0.911365 -0.336851 -0.236525 0.956990 -0.290107 -0.002809 0.725064 -0.551830 -0.412026 0.879234 -0.474079 -0.046861 -0.848581 0.527397 -0.041981 -0.780798 0.624783 0.000948 -0.728103 0.685468 0.000144 -0.710667 0.703529 0.000002 -0.728101 0.685469 -0.000131 -0.780801 0.624780 -0.000956 -0.848586 0.527390 0.041971 0.911365 -0.336851 0.236526 0.725065 -0.551830 0.412025 0.879234 -0.474080 0.046860 0.956990 -0.290107 0.002811 1.000000 0.000004 -0.000001 1.000000 0.000004 0.000001 0.911364 0.336856 -0.236525 0.956989 0.290110 -0.002809 0.725066 0.551829 -0.412024 0.879235 0.474078 -0.046860 0.848586 0.527390 0.041972 0.780801 0.624779 -0.000955 0.728101 0.685470 -0.000132 0.710667 0.703529 0.000000 -0.587786 0.000000 -0.809016 -0.309016 0.000000 -0.951057 -0.809018 0.000000 -0.587784 0.951057 0.000000 0.309016 0.809018 0.000000 0.587784 1.000000 0.000000 0.000000 0.951057 0.000000 -0.309017 0.809018 0.000000 -0.587784 -0.587786 0.000000 0.809016 -0.809018 0.000000 0.587784 -0.309016 0.000000 0.951057 0.000000 0.000000 1.000000 0.309016 0.000000 0.951057 0.587784 0.000000 0.809018 0.809017 0.000000 0.587786 0.951057 0.000000 0.309014 0.809017 0.000000 0.587785 1.000000 0.000000 0.000000 0.951057 0.000000 -0.309017 0.809017 0.000000 -0.587786 0.587784 0.000000 -0.809018 0.809017 0.000000 -0.587786 0.309017 0.000000 -0.951056 0.000001 0.000000 -1.000000 -0.566451 -0.023749 -0.823753 -0.309016 0.000000 -0.951057 -0.753286 -0.078357 -0.653008 0.951057 -0.000001 0.309016 0.853826 -0.078359 0.514628 1.000000 0.000000 0.000000 0.951057 0.000001 -0.309017 
						0.853826 0.078358 -0.514628 -0.566450 0.023749 0.823754 -0.753287 0.078357 0.653008 -0.309016 -0.000000 0.951057 -0.000000 0.000000 1.000000 0.309016 0.000000 0.951057 0.566451 -0.023750 0.823753 0.753287 -0.078358 0.653007 0.951057 -0.000000 0.309016 0.853826 0.078357 0.514628 1.000000 -0.000000 -0.000000 0.951057 -0.000000 -0.309017 0.853825 -0.078358 -0.514629 0.566450 0.023749 -0.823754 0.753286 0.078356 -0.653008 0.309017 0.000000 -0.951056 0.000001 0.000000 -1.000000 -0.495543 -0.072838 -0.865524 -0.309016 -0.000001 -0.951057 -0.019952 -0.462551 -0.886368 -0.051018 -0.576828 -0.815271 -0.000395 -0.479398 -0.877598 0.029304 -0.382629 -0.923437 -0.030047 -0.651806 -0.757790 -0.000060 -0.540464 -0.841367 -0.000000 -0.675541 -0.737322 0.000000 -0.559721 -0.828681 0.030047 -0.651806 -0.757790 0.000059 -0.540464 -0.841367 0.051017 -0.576829 -0.815270 0.000393 -0.479399 -0.877597 0.019954 -0.462550 -0.886368 -0.029302 -0.382628 -0.923438 -0.309016 0.000000 0.951057 -0.495542 0.072838 0.865524 0.000000 0.000000 1.000000 0.309017 -0.000000 0.951057 0.495544 -0.072840 0.865523 -0.019959 0.462548 -0.886369 -0.051018 0.576830 -0.815270 -0.000395 0.479402 -0.877596 0.029297 0.382629 -0.923438 -0.030051 0.651809 -0.757788 -0.000064 0.540465 -0.841366 -0.000001 0.675545 -0.737319 0.000000 0.559724 -0.828679 0.030051 0.651807 -0.757789 0.000064 0.540465 -0.841366 0.051024 0.576824 -0.815273 0.000402 0.479396 -0.877599 0.019959 0.462547 -0.886370 -0.029296 0.382625 -0.923439 0.309016 -0.000001 -0.951057 0.495542 0.072839 -0.865524 0.000001 0.000000 -1.000000 -0.309013 0.000000 -0.951058 -0.587785 0.000000 -0.809017 -0.587786 0.000001 -0.809016 -0.309016 0.000001 -0.951057 -0.809021 0.000000 -0.587779 -0.771959 0.075717 -0.631146 0.000000 -1.000000 0.000000 0.000000 -1.000000 0.000000 -0.185575 -0.799588 0.571157 
						-0.352991 -0.799586 0.485859 0.000000 -1.000000 0.000000 0.000000 -0.799588 0.600549 0.000000 -1.000000 0.000000 0.185578 -0.799585 0.571160 0.000000 -1.000000 0.000000 0.352995 -0.799584 0.485859 -0.809021 0.000000 0.587779 -0.587785 0.000000 0.809017 -0.587784 0.000001 0.809018 -0.771957 -0.075715 0.631149 -0.309010 0.000000 0.951059 -0.309015 0.000001 0.951057 0.000000 0.000000 1.000000 0.000001 0.000000 1.000000 0.309010 0.000000 0.951059 0.309017 0.000001 0.951056 0.587785 0.000000 0.809017 0.587787 0.000001 0.809016 0.809021 0.000000 0.587779 0.771960 0.075717 0.631146 0.000000 1.000000 0.000000 0.000000 1.000000 0.000000 -0.185579 0.799585 0.571160 -0.352990 0.799588 0.485857 0.000000 1.000000 0.000000 0.000000 0.799581 0.600559 0.000000 1.000000 0.000000 0.185582 0.799582 0.571164 0.000000 1.000000 0.000000 0.352997 0.799583 0.485861 0.809014 0.000000 -0.587790 0.587785 0.000000 -0.809017 0.587784 0.000001 -0.809018 0.771957 -0.075715 -0.631149 0.309013 0.000000 -0.951058 0.309016 0.000000 -0.951057 0.000000 0.000000 -1.000000 0.000000 0.000001 -1.000000 0.117261 -0.247243 0.961832 0.189323 -0.470535 0.861832 0.000339 -0.284484 0.958681 0.000337 -0.154059 0.988062 0.188721 -0.647551 0.738283 0.000173 -0.378224 0.925714 0.116272 -0.760743 0.638554 0.000039 -0.432999 0.901395 0.000000 -0.799588 0.600549 -0.000001 -0.450838 0.892606 -0.116297 -0.760733 0.638561 -0.000062 -0.432988 0.901400 -0.188714 -0.647550 0.738285 -0.000163 -0.378219 0.925716 -0.189327 -0.470525 0.861836 -0.000345 -0.284474 0.958684 -0.117257 -0.247245 0.961832 -0.000333 -0.154060 0.988061 0.000001 0.000000 1.000000 0.000001 0.000001 1.000000 0.117259 0.247246 0.961832 0.000335 0.154063 0.988061 0.189331 0.470530 0.861833 0.000348 0.284483 0.958681 0.188713 0.647557 0.738280 
						0.000165 0.378227 0.925713 0.116296 0.760733 0.638561 0.000062 0.432996 0.901396 0.000001 0.799581 0.600559 -0.000000 0.450839 0.892605 -0.116267 0.760736 0.638562 -0.000037 0.433006 0.901391 -0.188713 0.647549 0.738287 -0.000169 0.378231 0.925711 -0.189338 0.470512 0.861841 -0.000362 0.284465 0.958686 -0.117262 0.247238 0.961833 -0.000341 0.154055 0.988062 0.000000 0.000001 1.000000 0.000000 0.000000 1.000000 0.000000 1.000000 0.000000 0.000000 1.000000 -0.000000 0.000000 1.000000 -0.000000 0.000000 1.000000 0.000000 -0.000000 1.000000 -0.000001 -0.000001 1.000000 -0.000001 0.000001 -1.000000 0.000001 -0.000000 -1.000000 0.000000 -0.000000 -1.000000 0.000000 0.000000 -1.000000 0.000001 0.000000 -1.000000 0.000000 0.000000 -1.000000 0.000000 0.000000 -1.000000 0.000000 0.000000 -1.000000 0.000000 0.000000 -1.000000 0.000000 0.000000 -1.000000 0.000000 0.000000 1.000000 0.000000 -0.000000 1.000000 -0.000000 -0.000000 1.000000 -0.000000 0.000000 1.000000 0.000000 -0.000000 1.000000 -0.000000 -0.000000 1.000000 -0.000000 -0.000000 1.000000 0.000000 -0.000000 1.000000 -0.000001 -0.000005 1.000000 -0.000016 -0.000005 1.000000 -0.000016 -0.000001 1.000000 -0.000001 -0.000000 1.000000 0.000000 0.000000 1.000000 0.000000 0.000000 1.000000 0.000000 0.000000 1.000000 0.000000 0.000000 1.000000 0.000000 0.000000 1.000000 0.000000 0.000000 1.000000 0.000000 0.000000 1.000000 -0.000000 0.000000 1.000000 -0.000000 -0.000000 1.000000 -0.000000 -0.000000 1.000000 -0.000000 -0.000000 1.000000 -0.000000 -0.000000 1.000000 -0.000000 -0.000000 1.000000 -0.000000 0.000000 1.000000 0.000000 0.000000 1.000000 0.000000 -0.000000 1.000000 -0.000000 0.000000 1.000000 0.000000 0.000000 1.000000 0.000000 0.000000 1.000000 0.000000 0.000000 1.000000 0.000000 0.000014 -0.283377 -0.959009 
						0.000007 -0.283373 -0.959010 -0.527180 -0.375698 -0.762190 -0.276584 -0.311807 -0.908998 0.000009 -0.418073 -0.908413 0.000001 -0.418070 -0.908415 -0.591366 -0.651131 -0.475725 -0.477850 -0.519578 -0.708306 -0.000008 -0.501685 -0.865050 -0.000007 -0.501686 -0.865050 -0.401179 -0.897256 -0.184356 -0.529676 -0.727383 -0.436300 -0.000002 -0.540742 -0.841189 0.000001 -0.540742 -0.841189 0.000000 -0.998366 -0.057150 -0.369722 -0.912503 -0.175053 -0.000001 -0.540739 -0.841191 0.000032 -0.540736 -0.841192 0.369763 -0.912484 -0.175065 0.000021 -0.501624 -0.865086 0.000009 -0.501627 -0.865084 0.529689 -0.727367 -0.436310 0.401222 -0.897234 -0.184369 0.000012 -0.418056 -0.908421 -0.000024 -0.418070 -0.908415 0.477846 -0.519589 -0.708301 0.591379 -0.651113 -0.475734 -0.000023 -0.283366 -0.959012 0.000003 -0.283352 -0.959016 0.276586 -0.311790 -0.909003 0.527177 -0.375706 -0.762187 0.841189 0.540741 -0.000017 0.841188 0.540742 -0.000000 0.057150 0.998366 -0.000000 0.096773 0.988677 -0.114689 0.841189 0.540742 -0.000001 0.841188 0.540743 -0.000020 0.096768 0.988679 0.114673 -0.000009 0.283365 -0.959012 0.000013 0.283377 -0.959009 -0.527178 0.375705 -0.762187 -0.276587 0.311791 -0.909003 0.000028 0.418061 -0.908419 -0.000005 0.418048 -0.908425 -0.591379 0.651114 -0.475733 -0.477847 0.519587 -0.708301 -0.000023 0.501675 -0.865056 -0.000011 0.501677 -0.865055 -0.401189 0.897251 -0.184359 -0.529689 0.727368 -0.436308 -0.000006 0.540736 -0.841192 0.000001 0.540736 -0.841192 -0.000000 0.998366 -0.057150 -0.369729 0.912500 -0.175055 -0.000002 0.540733 -0.841195 -0.000010 0.540733 -0.841194 0.369709 0.912509 -0.175050 -0.000008 0.501667 -0.865061 0.000002 0.501664 -0.865062 0.529676 0.727382 -0.436301 0.401168 0.897261 -0.184354 -0.000006 0.418059 -0.908420 -0.000027 0.418067 -0.908416 0.477846 0.519589 -0.708301 0.591366 0.651131 -0.475725 
						-0.000021 0.283366 -0.959012 -0.000011 0.283361 -0.959013 0.276585 0.311799 -0.909001 0.527178 0.375704 -0.762188 -0.841187 0.540745 -0.000020 -0.841187 0.540744 -0.000002 -0.057150 0.998366 0.000001 -0.096768 0.988679 0.114674 -0.841186 0.540746 0.000001 -0.841185 0.540747 0.000014 -0.096768 0.988679 -0.114675 -0.046236 0.998366 0.033592 0.000000 1.000000 0.000000 0.000008 1.000000 0.000023 -0.033592 0.998366 0.046236 0.000000 1.000000 0.000000 0.033592 -0.998366 -0.046236 0.017660 -0.998366 -0.054353 0.000000 -1.000000 0.000000 0.000000 -1.000000 0.000000 -0.000000 -0.998366 -0.057150 0.000000 -1.000000 0.000000 -0.017660 -0.998366 -0.054353 0.000000 -1.000000 0.000000 -0.033592 -0.998366 -0.046236 0.000000 -1.000000 0.000000 0.033592 0.998366 0.046236 0.046236 0.998366 0.033592 0.000000 1.000000 0.000000 0.000000 1.000000 0.000000 0.000000 1.000000 0.000000 0.000000 1.000000 -0.000011 -0.000000 1.000000 -0.000000 0.046236 0.998366 -0.033592 -0.000002 1.000000 -0.000003 0.033592 0.998366 -0.046236 -0.000000 1.000000 -0.000000 0.033592 0.998366 -0.046236 0.017660 0.998366 -0.054353 0.000000 1.000000 0.000000 0.000000 1.000000 -0.000000 -0.000000 0.998366 -0.057150 0.000000 1.000000 0.000000 -0.017660 0.998366 -0.054353 0.000000 1.000000 0.000000 -0.033592 0.998366 -0.046236 0.000000 1.000000 0.000000 -0.033592 0.998366 -0.046236 -0.046236 0.998366 -0.033592 0.000001 1.000000 -0.000002 0.000000 1.000000 0.000000 -0.000000 1.000000 -0.000000 -0.000000 1.000000 -0.000003 0.427432 0.849038 -0.310543 0.531041 0.844722 -0.066638 0.310549 0.849037 -0.427430 -0.163263 -0.849037 0.502474 -0.310549 -0.849037 0.427430 0.000000 -0.849038 0.528332 0.163264 -0.849037 0.502474 0.310546 -0.849038 0.427430 -0.427428 0.849039 -0.310545 -0.310546 0.849038 -0.427430 -0.531037 0.844724 -0.066650 
						-0.528328 0.849041 -0.000012 -0.531031 0.844725 0.066673 -0.427435 0.849038 0.310538 -0.310547 0.849038 0.427429 -0.163264 0.849039 0.502472 -0.310547 0.849038 0.427429 -0.000000 0.849041 0.528327 0.163261 0.849041 0.502468 0.310544 0.849040 0.427426 0.427431 0.849040 0.310538 0.310544 0.849040 0.427426 0.531033 0.844725 0.066659 0.528327 0.849041 -0.000003 0.079261 -0.343559 0.935780 0.197495 -0.525136 0.827785 0.000839 -0.361270 0.932461 -0.041738 -0.224737 0.973525 0.191726 -0.705684 0.682094 0.000368 -0.470880 0.882197 0.115726 -0.813530 0.569891 0.000064 -0.531613 0.846988 0.000000 -0.849038 0.528332 -0.000000 -0.550828 0.834619 -0.115726 -0.813530 0.569891 -0.000064 -0.531613 0.846987 -0.191738 -0.705680 0.682094 -0.000379 -0.470878 0.882198 -0.197496 -0.525142 0.827781 -0.000836 -0.361275 0.932459 -0.079268 -0.343553 0.935782 0.041729 -0.224736 0.973526 -0.834618 0.550829 0.000001 -0.846622 0.532181 -0.003809 -0.846616 0.532190 0.003873 0.079268 0.343551 0.935783 0.197500 0.525135 0.827784 0.000842 0.361268 0.932462 -0.041728 0.224732 0.973527 0.191729 0.705685 0.682092 0.000369 0.470878 0.882198 0.115720 0.813533 0.569888 0.000058 0.531614 0.846986 0.000000 0.849041 0.528327 -0.000000 0.550833 0.834615 -0.115733 0.813533 0.569886 -0.000070 0.531619 0.846983 -0.191733 0.705685 0.682090 -0.000375 0.470887 0.882194 -0.197506 0.525131 0.827786 -0.000853 0.361270 0.932461 -0.079277 0.343546 0.935784 0.041717 0.224732 0.973527 0.834618 0.550829 -0.000001 0.846620 0.532184 0.003831 0.846616 0.532190 -0.003876 0.000000 1.000000 0.000000 0.000000 1.000000 0.000000 0.325806 0.945189 0.021633 0.273046 0.961896 0.014174 0.000000 1.000000 0.000000 0.390507 0.920419 -0.018241 0.000000 -1.000000 0.000000 0.000000 -1.000000 0.000000 0.014169 -0.961898 0.273041 
						0.006599 -0.948723 0.316040 0.000000 -1.000000 0.000000 -0.000000 -0.966536 0.256531 0.000000 -1.000000 0.000000 -0.014169 -0.961898 0.273042 -0.000000 -1.000000 0.000001 -0.006604 -0.948722 0.316043 -0.000016 1.000000 0.000011 -0.000001 1.000000 0.000001 -0.325807 0.945189 0.021639 -0.390512 0.920417 -0.018236 0.000000 1.000000 0.000000 -0.273042 0.961898 0.014170 0.000000 1.000000 0.000000 -0.256531 0.966536 -0.000000 0.000000 1.000000 0.000000 -0.273042 0.961898 -0.014170 0.000000 1.000000 0.000000 -0.325807 0.945189 -0.021640 0.000000 1.000000 0.000000 -0.390514 0.920417 0.018235 0.000000 1.000000 0.000000 0.000000 1.000000 0.000000 0.014174 0.961897 0.273044 0.006605 0.948721 0.316044 0.000000 1.000000 0.000000 0.000000 0.966536 0.256531 -0.000000 1.000000 -0.000000 -0.014175 0.961897 0.273043 0.000000 1.000000 -0.000001 -0.006610 0.948721 0.316046 0.000000 1.000000 -0.000001 -0.000000 1.000000 -0.000000 0.325805 0.945189 -0.021638 0.390516 0.920416 0.018231 0.000000 1.000000 0.000000 0.273043 0.961897 -0.014174 0.000000 1.000000 0.000000 0.256532 0.966536 0.000001 0.642811 0.766023 0.001629 0.580328 0.814383 0.000208 0.724826 0.687189 -0.048975 0.000199 -0.814388 0.580321 -0.022550 -0.774421 0.632269 0.000000 -0.827835 0.560972 -0.000200 -0.814387 0.580322 0.022541 -0.774414 0.632277 -0.642813 0.766022 0.001640 -0.724826 0.687189 -0.048974 -0.580322 0.814387 0.000200 -0.560971 0.827835 0.000000 -0.580322 0.814387 -0.000201 -0.642813 0.766021 -0.001642 -0.724836 0.687179 0.048961 0.000208 0.814384 0.580327 -0.022541 0.774413 0.632279 -0.000000 0.827835 0.560971 -0.000211 0.814387 0.580323 0.022529 0.774412 0.632281 0.642811 0.766023 -0.001637 0.724838 0.687178 0.048953 0.580323 0.814386 -0.000208 0.560973 0.827834 0.000003 -0.000005 1.000000 -0.000002 
						-0.000002 1.000000 0.000002 0.224048 0.961174 0.161081 0.123853 0.987913 0.093211 -0.000000 1.000000 0.000002 0.342856 0.928008 0.145776 0.000000 -1.000000 -0.000002 0.000000 -1.000000 -0.000002 0.093237 -0.987909 0.123863 0.142505 -0.966998 0.211203 0.000000 -1.000000 -0.000001 0.000000 -0.995968 0.089715 -0.000000 -1.000000 -0.000001 -0.093211 -0.987913 0.123854 -0.000001 -1.000000 -0.000002 -0.142497 -0.967001 0.211196 0.000000 1.000000 0.000002 -0.000000 1.000000 0.000003 -0.224033 0.961182 0.161056 -0.342829 0.928022 0.145753 0.000000 1.000000 -0.000001 -0.123865 0.987909 0.093242 -0.000000 1.000000 -0.000000 -0.089716 0.995967 0.000001 0.000000 1.000000 0.000002 -0.123864 0.987909 -0.093238 0.000001 1.000000 -0.000000 -0.224035 0.961181 -0.161058 0.000005 1.000000 0.000000 -0.342841 0.928016 -0.145762 -0.000001 1.000000 -0.000005 0.000002 1.000000 -0.000001 0.093215 0.987912 0.123856 0.142499 0.967001 0.211197 0.000000 1.000000 -0.000001 -0.000000 0.995967 0.089716 -0.000002 1.000000 -0.000000 -0.093215 0.987912 0.123856 -0.000000 1.000000 -0.000000 -0.142501 0.966999 0.211203 -0.000000 1.000000 -0.000000 0.000000 1.000000 0.000000 0.224045 0.961177 -0.161069 0.342827 0.928023 -0.145748 0.000000 1.000000 0.000000 0.123857 0.987912 -0.093213 -0.000002 1.000000 -0.000002 0.089715 0.995968 -0.000002 0.724219 0.689568 0.001283 0.665801 0.746130 0.000167 0.800032 0.598178 -0.046168 0.000211 -0.746119 0.665812 -0.021830 -0.697746 0.716013 -0.000000 -0.762473 0.647020 -0.000170 -0.746136 0.665794 0.021853 -0.697755 0.716003 -0.724205 0.689584 0.001234 -0.800004 0.598210 -0.046228 -0.665805 0.746126 0.000222 -0.647023 0.762470 -0.000001 -0.665802 0.746129 -0.000217 -0.724206 0.689583 -0.001240 -0.800021 0.598191 0.046203 0.000172 0.746127 0.665804 -0.021850 0.697750 0.716008 
						-0.000000 0.762482 0.647009 -0.000177 0.746141 0.665788 0.021845 0.697743 0.716015 0.724217 0.689571 -0.001257 0.800002 0.598212 0.046242 0.665797 0.746132 -0.000171 0.647025 0.762469 -0.000000 0.000003 1.000000 0.000009 0.000000 1.000000 0.000001 -0.260075 0.964961 -0.034794 -0.227390 0.970372 -0.081686 -0.000011 1.000000 -0.000007 -0.113541 0.981170 0.156248 -0.000000 -1.000000 -0.000001 -0.000000 -1.000000 -0.000002 0.059684 -0.981171 -0.183691 0.113527 -0.981170 -0.156258 0.000000 -1.000000 -0.000001 -0.000000 -0.981171 -0.193143 -0.000001 -1.000000 -0.000001 -0.059685 -0.981170 -0.183691 -0.000001 -1.000000 -0.000002 -0.113528 -0.981170 -0.156258 0.000001 1.000000 0.000002 -0.000001 1.000000 0.000003 0.260073 0.964962 -0.034791 0.113528 0.981170 0.156258 -0.000000 1.000000 0.000000 0.227394 0.970369 -0.081702 -0.000000 1.000000 0.000000 0.193144 0.981170 -0.000000 -0.000001 1.000000 -0.000002 0.227390 0.970371 0.081688 -0.000000 1.000000 -0.000001 0.260071 0.964963 0.034789 0.000001 1.000000 -0.000001 0.113528 0.981170 -0.156258 0.000001 1.000000 -0.000001 0.000000 1.000000 -0.000002 0.059685 0.981170 -0.183694 0.113528 0.981170 -0.156258 0.000000 1.000000 -0.000002 -0.000000 0.981170 -0.193148 -0.000000 1.000000 -0.000002 -0.059686 0.981170 -0.183694 -0.000003 1.000000 -0.000001 -0.113531 0.981170 -0.156257 -0.000018 1.000000 0.000010 -0.000002 1.000000 -0.000000 -0.260071 0.964963 0.034788 -0.113542 0.981170 -0.156249 0.000000 1.000000 -0.000000 -0.227390 0.970371 0.081691 0.000001 1.000000 0.000003 -0.193143 0.981171 0.000002 -0.814979 0.579196 0.018469 -0.772549 0.634955 -0.000101 0.482412 -0.777409 0.403626 0.715882 -0.587602 0.377143 0.892056 -0.451921 0.001758 0.824108 -0.566083 0.019910 0.921226 -0.309889 0.235182 0.966529 -0.256549 0.001915 1.000000 -0.000000 -0.000000 
						1.000000 -0.000000 -0.000000 0.921226 0.309891 -0.235183 0.966529 0.256551 -0.001914 0.715887 0.587591 -0.377150 0.892060 0.451914 -0.001769 0.482418 0.777398 -0.403639 0.824111 0.566078 -0.019925 0.772551 0.634953 -0.000121 0.814978 0.579197 0.018469 0.756601 0.653877 -0.000000 0.772548 0.634956 0.000099 0.814975 0.579202 -0.018483 0.482415 0.777404 0.403632 0.715882 0.587602 0.377143 0.892057 0.451920 0.001756 0.824109 0.566082 0.019917 0.921225 0.309894 0.235181 0.966528 0.256553 0.001908 1.000000 -0.000000 0.000000 1.000000 -0.000001 0.000001 0.921225 -0.309893 -0.235181 0.966528 -0.256553 -0.001908 0.715883 -0.587601 -0.377142 0.892057 -0.451920 -0.001757 0.482413 -0.777406 -0.403630 0.824108 -0.566082 -0.019916 -0.772547 0.634957 0.000102 -0.814975 0.579202 -0.018483 -0.756599 0.653879 0.000000 -0.750598 0.660759 -0.000131 -0.795187 0.606054 0.019399 -0.795186 0.606055 0.019402 -0.750598 0.660759 -0.000131 0.805723 -0.591917 0.021083 0.879053 -0.476719 0.002093 0.879053 -0.476720 0.002092 0.805722 -0.591918 0.021082 0.961978 -0.273118 0.002330 0.961978 -0.273117 0.002330 1.000000 0.000000 0.000001 1.000000 0.000001 0.000001 0.961978 0.273118 -0.002331 0.961978 0.273118 -0.002331 0.879053 0.476720 -0.002092 0.879053 0.476720 -0.002092 0.805722 0.591919 -0.021078 0.805722 0.591919 -0.021079 0.795187 0.606054 0.019401 0.750598 0.660760 -0.000120 0.750598 0.660760 -0.000119 0.795187 0.606054 0.019401 0.733857 0.679304 -0.000000 0.733857 0.679304 0.000001 0.750598 0.660759 0.000125 0.750598 0.660759 0.000126 0.795187 0.606053 -0.019400 0.795187 0.606054 -0.019401 0.805722 0.591918 0.021078 0.879054 0.476718 0.002094 0.879054 0.476718 0.002094 0.805722 0.591918 0.021079 0.961978 0.273117 0.002331 0.961978 0.273117 0.002331 1.000000 -0.000000 0.000000 
						1.000000 -0.000000 0.000000 0.961978 -0.273117 -0.002331 0.961978 -0.273117 -0.002331 0.879054 -0.476717 -0.002094 0.879054 -0.476718 -0.002094 0.805722 -0.591918 -0.021079 0.805722 -0.591918 -0.021079 -0.795188 0.606052 -0.019397 -0.750598 0.660759 0.000122 -0.750598 0.660759 0.000121 -0.795188 0.606052 -0.019397 -0.733857 0.679304 0.000000 -0.733857 0.679304 -0.000001 1.000000 -0.000000 -0.000006 1.000000 -0.000000 -0.000009 1.000000 -0.000000 -0.000009 1.000000 -0.000000 -0.000007 1.000000 0.000000 -0.000004 1.000000 0.000000 -0.000003 1.000000 -0.000000 0.000004 1.000000 -0.000000 0.000005 1.000000 -0.000000 0.000000 1.000000 0.000000 -0.000000 1.000000 0.000000 -0.000001 1.000000 0.000000 -0.000001 1.000000 0.000000 -0.000000 1.000000 0.000000 -0.000000 1.000000 -0.000000 0.000002 1.000000 -0.000000 0.000002 1.000000 0.000000 0.000004 1.000000 -0.000000 -0.000006 1.000000 -0.000000 -0.000007 1.000000 0.000000 0.000003 1.000000 0.000000 -0.000001 1.000000 0.000000 0.000000 1.000000 0.000000 0.000003 1.000000 0.000000 0.000003 1.000000 -0.000000 0.000008 1.000000 -0.000000 0.000008 1.000000 0.000000 0.000007 1.000000 -0.000000 -0.000001 1.000000 -0.000000 -0.000002 1.000000 0.000000 0.000006 1.000000 0.000000 -0.000000 1.000000 -0.000000 0.000000 1.000000 -0.000000 0.000000 1.000000 0.000000 -0.000000 1.000000 0.000000 0.000000 1.000000 0.000000 0.000000 1.000000 0.000000 0.000000 1.000000 0.000000 0.000000 1.000000 0.000000 -0.000000 1.000000 0.000000 -0.000000 1.000000 0.000000 -0.000000 1.000000 0.000000 -0.000000 1.000000 0.000000 0.000002 1.000000 0.000000 0.000002 1.000000 0.000000 -0.000002 1.000000 0.000000 -0.000003 1.000000 -0.000000 0.000006 1.000000 -0.000000 0.000007 1.000000 0.000000 0.000001 1.000000 0.000000 -0.000000 0.000000 1.000000 0.000000 
						0.000000 1.000000 0.000000 0.566514 0.713899 -0.411596 0.665976 0.713900 -0.216388 0.000000 1.000000 0.000000 0.411593 0.713899 -0.566515 0.000000 -1.000000 0.000000 0.000000 -1.000000 0.000000 -0.216385 -0.713901 0.665975 -0.411593 -0.713899 0.566515 0.000000 -1.000000 0.000000 -0.000000 -0.713900 0.700248 0.000000 -1.000000 0.000000 0.216389 -0.713896 0.665979 0.000000 -1.000000 0.000000 0.411596 -0.713898 0.566514 0.000000 1.000000 0.000000 0.000000 1.000000 0.000000 -0.566514 0.713898 -0.411595 -0.411596 0.713898 -0.566514 0.000000 1.000000 0.000000 -0.665978 0.713899 -0.216385 0.000000 1.000000 0.000000 -0.700248 0.713900 -0.000000 -0.000001 1.000000 -0.000008 -0.665981 0.713899 0.216375 0.000001 1.000000 -0.000001 -0.566515 0.713897 0.411596 0.000000 1.000000 0.000000 -0.411593 0.713898 0.566516 0.000000 1.000000 0.000000 0.000000 1.000000 0.000000 -0.216386 0.713900 0.665976 -0.411593 0.713898 0.566516 0.000000 1.000000 0.000000 0.000000 0.713895 0.700253 -0.000000 1.000000 -0.000001 0.216394 0.713891 0.665983 0.000001 1.000000 -0.000004 0.411604 0.713895 0.566511 0.000001 1.000000 -0.000004 -0.000001 1.000000 -0.000001 0.566515 0.713897 0.411596 0.411604 0.713895 0.566511 0.000000 1.000000 0.000000 0.665976 0.713899 0.216390 0.000000 1.000000 0.000000 0.700248 0.713900 0.000001 0.727205 0.682742 0.070959 0.799409 0.589312 0.116865 0.924653 0.380811 0.000184 0.900037 0.435813 0.000027 0.891992 0.435978 0.119472 0.958063 0.286559 0.000375 0.969666 0.232587 0.075180 0.987874 0.155258 0.000344 1.000000 0.000000 0.000000 1.000000 0.000000 0.000000 0.969665 -0.232589 -0.075179 0.987874 -0.155258 -0.000343 0.891991 -0.435979 -0.119471 0.958062 -0.286559 -0.000373 0.799404 -0.589322 -0.116842 0.924650 -0.380818 -0.000160 0.727207 -0.682740 -0.070966 
						0.900038 -0.435812 -0.000035 0.700248 -0.713900 -0.000000 0.891145 -0.453718 0.000001 0.727208 -0.682738 0.070978 0.900039 -0.435810 0.000046 0.799406 -0.589321 0.116842 0.924651 -0.380816 0.000159 0.891991 -0.435983 0.119463 0.958062 -0.286561 0.000365 0.969665 -0.232589 0.075177 0.987874 -0.155258 0.000340 1.000000 0.000000 -0.000000 1.000000 0.000000 -0.000000 0.969665 0.232592 -0.075177 0.987874 0.155259 -0.000340 0.891991 0.435982 -0.119468 0.958062 0.286560 -0.000371 0.799407 0.589316 -0.116853 0.924652 0.380813 -0.000172 0.727209 0.682737 -0.070980 0.900039 0.435810 -0.000047 0.700248 0.713900 -0.000001 0.891145 0.453719 0.000000 0.531295 -0.847187 0.000215 0.594196 -0.804318 0.001793 0.594196 -0.804318 0.001794 0.531295 -0.847187 0.000215 0.716172 -0.697899 0.005882 0.716172 -0.697899 0.005882 0.893965 -0.448035 0.009527 0.893966 -0.448034 0.009527 1.000000 -0.000002 -0.000001 1.000000 -0.000003 -0.000001 0.893965 0.448035 -0.009527 0.893965 0.448036 -0.009527 0.716173 0.697898 -0.005884 0.716173 0.697898 -0.005885 0.594198 0.804317 -0.001797 0.594197 0.804317 -0.001796 0.531296 0.847186 -0.000216 0.531296 0.847186 -0.000215 0.512193 0.858870 0.000001 0.512193 0.858870 -0.000000 0.531297 0.847186 0.000218 0.531297 0.847186 0.000217 0.594196 0.804319 0.001790 0.594196 0.804318 0.001790 0.716175 0.697896 0.005884 0.716175 0.697896 0.005885 0.893965 0.448036 0.009526 0.893965 0.448036 0.009526 1.000000 -0.000000 0.000000 1.000000 -0.000000 0.000000 0.893965 -0.448036 -0.009526 0.893965 -0.448036 -0.009527 0.716174 -0.697897 -0.005885 0.716174 -0.697897 -0.005884 0.594196 -0.804318 -0.001793 0.594196 -0.804319 -0.001792 0.531295 -0.847187 -0.000215 0.531295 -0.847187 -0.000215 0.512192 -0.858871 0.000001 0.512192 -0.858871 -0.000001 0.993603 -0.112930 0.000001 
						0.995359 -0.096234 0.000001 0.995359 -0.096234 0.000001 0.993603 -0.112930 0.000001 0.997542 -0.070071 0.000002 0.997542 -0.070071 0.000002 0.999319 -0.036904 0.000002 0.999319 -0.036904 0.000002 1.000000 -0.000000 -0.000000 1.000000 -0.000000 -0.000000 0.999319 0.036904 -0.000000 0.999319 0.036904 -0.000000 0.997542 0.070072 -0.000001 0.997542 0.070072 -0.000001 0.995359 0.096234 -0.000000 0.995359 0.096234 -0.000001 0.993603 0.112930 -0.000002 0.993603 0.112930 -0.000002 0.992935 0.118662 -0.000001 0.992935 0.118662 -0.000000 0.993603 0.112930 -0.000000 0.993603 0.112930 -0.000000 0.995359 0.096234 0.000000 0.995359 0.096234 0.000000 0.997542 0.070071 0.000002 0.997542 0.070071 0.000003 0.999319 0.036904 0.000002 0.999319 0.036904 0.000002 1.000000 0.000000 -0.000000 1.000000 0.000000 -0.000001 0.999319 -0.036904 -0.000001 0.999319 -0.036904 -0.000000 0.997542 -0.070071 -0.000001 0.997542 -0.070071 -0.000002 0.995359 -0.096234 -0.000002 0.995359 -0.096234 -0.000002 0.993603 -0.112930 -0.000003 0.993603 -0.112930 -0.000002 0.992935 -0.118662 -0.000001 0.992935 -0.118662 0.000000 -0.000002 1.000000 0.000001 -0.000001 1.000000 0.000001 -0.218851 0.975402 0.026353 -0.218852 0.975402 0.026350 -0.040412 0.999183 -0.000003 -0.040412 0.999183 -0.000003 -0.249240 0.967926 0.031612 -0.249238 0.967926 0.031614 -0.000000 -1.000000 -0.000004 0.000001 -1.000000 -0.000003 0.026353 -0.975403 -0.218850 0.026353 -0.975403 -0.218850 0.987689 -0.000000 0.156431 0.987689 0.000000 0.156431 0.987689 0.000000 0.156431 0.987689 0.000000 0.156431 0.987689 0.000000 -0.156432 0.987689 0.000000 -0.156432 0.987689 0.000000 -0.156432 0.987689 -0.000000 -0.156432 0.891006 0.000000 -0.453992 0.891006 0.000000 -0.453993 0.891006 0.000000 -0.453992 0.891006 0.000000 -0.453992 0.000014 1.000000 -0.000011 
						0.000004 1.000000 -0.000001 0.247952 0.967841 0.042465 0.247956 0.967840 0.042460 -0.453992 0.000000 0.891006 -0.453992 0.000000 0.891006 -0.453991 0.000000 0.891006 -0.453991 0.000000 0.891006 -0.156433 0.000000 0.987689 -0.156433 -0.000000 0.987689 -0.156434 0.000000 0.987688 -0.156434 0.000000 0.987688 0.156432 0.000000 0.987689 0.156432 0.000000 0.987689 0.156434 0.000000 0.987688 0.156434 0.000000 0.987688 0.000002 1.000000 -0.000000 0.000001 1.000000 -0.000002 0.218850 0.975403 -0.026353 0.218851 0.975402 -0.026351 0.040412 0.999183 0.000002 0.040402 0.999183 -0.000008 0.249235 0.967927 -0.031618 0.249240 0.967926 -0.031613 0.000000 1.000000 -0.000003 -0.000000 1.000000 -0.000003 0.026351 0.975403 -0.218851 0.026349 0.975402 -0.218852 0.987689 -0.000000 0.156433 0.987688 0.000000 0.156433 0.987688 0.000000 0.156434 0.987688 0.000000 0.156434 0.987689 0.000000 -0.156433 0.987689 0.000000 -0.156433 0.987689 0.000000 -0.156433 0.987689 0.000000 -0.156433 0.891007 0.000000 -0.453990 0.891007 0.000000 -0.453990 0.891007 0.000000 -0.453990 0.891007 0.000000 -0.453990 -0.000016 1.000000 0.000013 -0.000005 1.000000 0.000002 -0.247953 0.967841 -0.042464 -0.247958 0.967840 -0.042458 0.453991 0.000000 -0.891006 0.453991 0.000000 -0.891006 0.453990 0.000000 -0.891007 0.453990 0.000000 -0.891007 0.156436 0.000000 -0.987688 0.156436 -0.000000 -0.987688 0.156436 -0.000000 -0.987688 0.156436 -0.000000 -0.987688 -0.156432 0.000000 -0.987689 -0.156432 0.000000 -0.987689 -0.156433 -0.000000 -0.987688 -0.156433 -0.000000 -0.987688 -0.336917 0.941534 0.000003 -0.336919 0.941534 -0.000002 -0.394185 0.919031 -0.000004 -0.394181 0.919033 0.000001 -0.000002 -0.941534 -0.336917 -0.000000 -0.941535 -0.336917 0.987689 -0.000000 0.156431 0.987689 0.000000 0.156431 0.987689 -0.000000 -0.156431 
						0.987689 -0.000000 -0.156431 0.891006 0.000000 -0.453992 0.891006 0.000000 -0.453992 0.411052 0.911612 -0.000004 0.411050 0.911613 -0.000002 -0.453990 0.000000 0.891007 -0.453990 0.000000 0.891007 -0.156434 0.000000 0.987688 -0.156434 0.000000 0.987688 0.156435 -0.000000 0.987688 0.156435 -0.000000 0.987688 0.336917 0.941535 -0.000002 0.336918 0.941534 0.000001 0.394185 0.919031 0.000003 0.394185 0.919031 0.000003 0.000001 0.941535 -0.336916 -0.000003 0.941534 -0.336918 0.987688 0.000000 0.156434 0.987689 0.000000 0.156434 0.987689 0.000000 -0.156433 0.987689 0.000000 -0.156433 0.891006 -0.000000 -0.453991 0.891006 0.000000 -0.453991 -0.411051 0.911612 0.000004 -0.411051 0.911612 0.000003 0.453989 0.000000 -0.891007 0.453990 0.000000 -0.891007 0.156437 -0.000000 -0.987688 0.156437 -0.000000 -0.987688 -0.156434 -0.000000 -0.987688 -0.156434 -0.000000 -0.987688 -0.000001 -0.000009 -1.000000 -0.000001 -0.000009 -1.000000 0.000006 -0.000009 -1.000000 0.000005 -0.000009 -1.000000 0.000112 0.011994 -0.999928 0.000112 0.011994 -0.999928 -0.000005 0.000004 -1.000000 -0.000004 0.000004 -1.000000 -0.000000 0.000004 -1.000000 -0.000000 0.000004 -1.000000 -0.000004 0.000004 -1.000000 0.000037 0.016750 -0.999860 0.000035 0.016750 -0.999860 -0.000000 0.000002 -1.000000 -0.000000 -0.000001 -1.000000 -0.000000 -0.000001 -1.000000 -0.000001 -0.000001 -1.000000 -0.000091 0.015109 -0.999886 -0.000089 0.015109 -0.999886 -0.000006 0.000000 -1.000000 -0.000001 0.000000 -1.000000 -0.000001 0.000000 -1.000000 0.000007 0.000000 -1.000000 0.000005 0.000000 -1.000000 -0.000092 0.007704 -0.999970 -0.000094 0.007704 -0.999970 0.000014 0.000004 -1.000000 0.000001 0.000000 -1.000000 0.000000 0.000000 -1.000000 -0.000022 0.000000 -1.000000 -0.000017 0.000000 -1.000000 0.000034 -0.002653 -0.999996 0.000034 -0.002653 -0.999996 
						0.000020 0.000000 -1.000000 0.000015 0.000000 -1.000000 0.000002 0.000000 -1.000000 0.000002 0.000000 -1.000000 -0.000011 0.000000 -1.000000 -0.000008 0.000000 -1.000000 0.000115 -0.011993 -0.999928 0.000115 -0.011993 -0.999928 -0.000005 0.000000 -1.000000 0.000002 -0.000004 -1.000000 0.000002 -0.000004 -1.000000 0.000004 -0.000004 -1.000000 0.000033 -0.016748 -0.999860 0.000033 -0.016748 -0.999860 0.000000 0.000000 -1.000000 0.000000 -0.000001 -1.000000 -0.000000 -0.000001 -1.000000 -0.000010 -0.000001 -1.000000 -0.000092 -0.015111 -0.999886 -0.000094 -0.015111 -0.999886 0.000009 0.000000 -1.000000 0.000006 0.000000 -1.000000 -0.000000 0.000000 -1.000000 -0.000000 0.000000 -1.000000 0.000008 0.000000 -1.000000 -0.000092 -0.007701 -0.999970 -0.000094 -0.007701 -0.999970 -0.000007 0.000000 -1.000000 -0.000006 0.000000 -1.000000 0.000004 0.000000 -1.000000 0.000004 0.000000 -1.000000 0.000000 0.000000 -1.000000 0.000034 0.002661 -0.999996 0.000034 0.002661 -0.999996 0.000000 0.000009 -1.000000 0.000000 1.000000 0.000000 0.000000 1.000000 0.000000 0.000000 1.000000 0.000000 0.000000 1.000000 0.000000 0.000000 -1.000000 0.000000 0.000000 -1.000000 0.000000 -0.225717 -0.919883 0.320730 -0.126803 -0.919883 0.371129 0.000000 -1.000000 0.000000 -0.008674 -0.884827 0.465839 0.000000 -1.000000 0.000000 0.152202 -0.884827 0.440359 0.000000 -1.000000 0.000000 0.235282 -0.919883 0.313780 -0.000000 1.000000 -0.000000 -0.000000 1.000000 -0.000000 0.000000 1.000000 0.000000 0.000000 1.000000 0.000000 0.000000 1.000000 -0.000000 -0.000000 1.000000 -0.000001 0.000000 1.000000 -0.000000 0.000000 1.000000 -0.000000 0.000000 1.000000 -0.000000 -0.280831 0.884827 0.371774 -0.135702 0.884827 0.445720 -0.000000 1.000000 -0.000000 0.005912 0.919883 0.392148 -0.000000 1.000000 -0.000000 0.115558 0.919883 0.374782 
						-0.000000 1.000000 -0.000000 0.266796 0.884827 0.381970 0.000001 1.000000 0.000000 -0.000000 1.000000 -0.000000 0.000000 1.000000 0.000001 0.000001 1.000000 -0.000002 -0.000000 1.000000 -0.000000 0.000000 1.000000 -0.000000 0.000000 1.000000 -0.000000 -0.000000 1.000000 -0.000000 0.000000 1.000000 -0.000000 -0.000000 1.000000 0.000001 0.000000 1.000000 0.000001 -0.000000 1.000000 0.000000 -0.000000 1.000000 -0.000000 -0.000000 1.000000 0.000000 -0.000000 1.000000 0.000000 0.000000 1.000000 0.000000 0.000000 1.000000 0.000000 0.000000 1.000000 0.000000 0.000000 1.000000 0.000000 0.000000 -1.000000 0.000000 -0.000000 -1.000000 -0.000000 0.000000 -1.000000 0.000000 0.000000 -1.000000 0.000000 -0.000000 -1.000000 0.000000 0.000001 1.000000 0.000001 0.000001 1.000000 0.000000 0.000000 1.000000 -0.000000 0.767033 0.641607 0.000008 0.767037 0.641603 0.000025 0.767037 0.641603 0.000026 0.767033 0.641607 0.000009 1.000000 0.000000 -0.000001 1.000000 0.000000 -0.000015 1.000000 0.000000 -0.000015 1.000000 0.000000 -0.000001 0.005281 -0.737106 0.675757 -0.004560 -0.738163 0.674607 -0.005020 -0.738211 0.674551 0.004836 -0.737155 0.675706 0.919412 -0.392684 -0.021941 0.912838 -0.407864 0.019326 0.912489 -0.408550 0.021242 0.919189 -0.393293 -0.020326 -0.000011 -0.641610 0.767031 0.000000 -0.641607 0.767034 0.000001 -0.641607 0.767034 -0.000010 -0.641610 0.767031 1.000000 -0.000000 -0.000018 1.000000 0.000000 0.000006 1.000000 0.000000 0.000008 1.000000 -0.000000 -0.000017 -0.023095 -0.649689 0.759849 0.022293 -0.629708 0.776512 0.025972 -0.628012 0.777770 -0.020236 -0.648483 0.760960 0.853319 0.521388 -0.001345 0.853208 0.521569 0.001234 0.853203 0.521578 0.001354 0.853315 0.521395 -0.001244 0.000010 -0.679934 0.733273 -0.000001 -0.679933 0.733274 -0.000002 -0.679933 0.733274 
						0.000010 -0.679934 0.733273 1.000000 -0.000000 -0.000002 1.000000 -0.000000 -0.000003 1.000000 -0.000000 -0.000003 1.000000 -0.000000 -0.000002 -0.031555 -0.465776 0.884340 0.027376 -0.509196 0.860215 0.030128 -0.511153 0.858962 -0.028897 -0.467798 0.883363 0.874919 -0.484225 -0.006568 0.876455 -0.481442 0.006356 0.876523 -0.481310 0.006956 0.874982 -0.484118 -0.006061 0.000028 -0.553067 0.833137 0.000005 -0.553057 0.833144 0.000003 -0.553056 0.833144 0.000026 -0.553067 0.833137 1.000000 -0.000000 0.000022 1.000000 -0.000000 0.000004 1.000000 -0.000000 0.000003 1.000000 -0.000000 0.000021 0.006463 -0.696825 0.717212 -0.005868 -0.693250 0.720673 -0.006868 -0.692955 0.720948 0.005686 -0.696603 0.717434 0.957661 0.286208 -0.031158 0.966536 0.254715 0.030485 0.966833 0.253222 0.033345 0.958096 0.285001 -0.028747 -0.733278 0.679929 0.000001 -0.733277 0.679930 -0.000012 -0.733277 0.679930 -0.000013 -0.733278 0.679929 -0.000000 1.000000 0.000000 0.000007 1.000000 0.000000 0.000000 1.000000 0.000000 0.000000 1.000000 0.000000 0.000006 -0.777344 0.628589 -0.024752 -0.760672 0.648798 0.020953 -0.759840 0.649699 0.023089 -0.776637 0.629539 -0.022689 0.996606 0.070236 -0.042926 0.991988 0.120055 0.039321 0.991550 0.122343 0.043133 0.996599 0.072199 -0.039713 -0.767036 0.641603 -0.000016 -0.767038 0.641602 -0.000022 -0.767038 0.641602 -0.000022 -0.767037 0.641603 -0.000016 1.000000 0.000000 -0.000007 1.000000 0.000000 0.000006 1.000000 0.000000 0.000006 1.000000 0.000000 -0.000006 -0.674643 0.738132 0.004236 -0.675605 0.737253 -0.003977 -0.675681 0.737179 -0.004643 -0.674705 0.738078 0.003718 0.919409 -0.392691 -0.021926 0.912832 -0.407876 0.019354 0.912483 -0.408562 0.021271 0.919186 -0.393300 -0.020310 0.000008 0.641609 0.767032 0.000023 0.641605 0.767035 0.000024 0.641605 0.767035 
						0.000009 0.641608 0.767032 1.000000 -0.000000 0.000006 1.000000 0.000000 -0.000004 1.000000 0.000000 -0.000005 1.000000 -0.000000 0.000006 -0.013998 0.711623 0.702422 0.011819 0.717353 0.696610 0.013027 0.717608 0.696325 -0.012832 0.711893 0.702171 0.853319 0.521388 -0.001349 0.853208 0.521570 0.001234 0.853203 0.521578 0.001354 0.853315 0.521395 -0.001248 0.000002 0.679927 0.733280 0.000001 0.679927 0.733280 0.000001 0.679927 0.733280 0.000002 0.679927 0.733280 1.000000 -0.000000 -0.000000 1.000000 0.000000 0.000001 1.000000 0.000000 0.000001 1.000000 -0.000000 -0.000000 -0.002645 0.743627 0.668589 0.002531 0.743363 0.668883 0.002951 0.743341 0.668906 -0.002319 0.743611 0.668608 0.874920 -0.484222 -0.006561 0.876454 -0.481443 0.006343 0.876522 -0.481312 0.006943 0.874983 -0.484115 -0.006055 0.000015 0.553079 0.833129 0.000003 0.553073 0.833133 0.000003 0.553073 0.833133 0.000014 0.553078 0.833129 1.000000 0.000000 0.000001 1.000000 -0.000000 -0.000005 1.000000 -0.000000 -0.000005 1.000000 0.000000 0.000000 0.668915 0.743333 0.003130 0.668587 0.743629 -0.002664 0.668571 0.743642 -0.002935 0.668901 0.743346 0.002868 0.957660 0.286211 -0.031166 0.966536 0.254714 0.030486 0.966834 0.253220 0.033346 0.958095 0.285004 -0.028755 0.733278 0.679929 -0.000000 0.733277 0.679930 0.000015 0.733277 0.679930 0.000016 0.733278 0.679929 0.000001 1.000000 0.000000 0.000010 1.000000 0.000000 0.000001 1.000000 0.000000 0.000000 1.000000 0.000000 0.000010 0.696457 0.717490 0.012466 0.701993 0.712082 -0.012013 0.702422 0.711623 -0.013998 0.696820 0.717163 0.010924 0.996606 0.070235 -0.042925 0.991988 0.120057 0.039327 0.991550 0.122344 0.043139 0.996599 0.072198 -0.039711 -0.000003 0.173336 0.984863 0.000001 0.173335 0.984863 0.000003 0.173335 0.984863 
						-0.000001 0.173336 0.984863 0.000002 -1.000000 -0.000002 -0.003748 -0.998947 -0.045735 -0.005462 -0.999410 -0.033917 -0.000001 -1.000000 0.000001 -0.044090 0.999013 -0.005399 -0.000000 1.000000 0.000000 0.000002 1.000000 -0.000002 -0.033248 0.999428 -0.006133 -0.000656 -0.997724 -0.067427 -0.002273 -0.997829 -0.065821 -0.000001 0.040683 -0.999172 -0.000001 0.040683 -0.999172 -0.069116 0.997608 0.001044 -0.068445 0.997655 0.000368 -0.000015 0.238730 0.971086 -0.000004 0.238730 0.971086 0.000001 0.238730 0.971086 -0.000009 0.238730 0.971086 -0.156430 -0.000006 0.987689 -0.157190 -0.000073 0.987568 -0.157032 -0.000002 0.987593 -0.156430 0.000003 0.987689 0.155674 0.000010 -0.987808 0.156432 -0.000005 -0.987689 0.156432 0.000002 -0.987689 0.155829 0.000030 -0.987784 -0.157471 0.000051 0.987524 -0.157465 0.000173 0.987525 0.000004 0.056790 -0.998386 0.000001 0.056790 -0.998386 0.155397 -0.000185 -0.987852 0.155392 -0.000068 -0.987853 -0.000003 0.216511 0.976280 0.000001 0.216512 0.976280 0.000003 0.216512 0.976280 -0.000001 0.216511 0.976280 -0.000007 1.000000 -0.000010 0.038083 0.999272 -0.002377 0.029480 0.999559 -0.003496 -0.000006 1.000000 -0.000008 -0.454677 0.000015 -0.890657 -0.453995 -0.000002 -0.891004 -0.453995 0.000004 -0.891004 -0.454538 0.000034 -0.890728 0.053884 0.998547 -0.000428 0.053345 0.998575 -0.001491 -0.000002 0.051244 -0.998686 0.000002 0.051244 -0.998686 -0.454925 -0.000186 -0.890530 -0.454930 -0.000066 -0.890527 0.976280 0.216510 -0.000010 0.976280 0.216511 -0.000002 0.976280 0.216512 0.000003 0.976280 0.216511 -0.000006 0.891006 -0.000013 0.453991 0.890658 -0.000079 0.454674 0.890730 -0.000007 0.454533 0.891006 -0.000004 0.453991 0.891355 -0.000023 0.453306 0.891008 -0.000002 0.453988 0.891008 0.000000 0.453988 0.891284 -0.000039 0.453446 0.890529 0.000049 0.454927 
						0.890531 0.000173 0.454922 0.000003 0.026138 -0.999658 -0.000001 0.026138 -0.999658 0.891481 0.000186 0.453058 0.891484 0.000062 0.453052 0.971086 0.238728 -0.000004 0.971086 0.238728 -0.000009 0.971086 0.238729 -0.000012 0.971086 0.238728 -0.000007 0.987688 -0.000004 -0.156433 0.987808 -0.000077 -0.155675 0.987784 -0.000006 -0.155832 0.987689 0.000000 -0.156433 0.987568 -0.000018 -0.157192 0.987688 0.000002 -0.156435 0.987688 0.000002 -0.156435 0.987593 -0.000035 -0.157037 0.987853 0.000049 -0.155394 0.987852 0.000173 -0.155400 -0.000001 -0.009007 -0.999959 -0.000001 -0.009007 -0.999959 0.987524 0.000186 -0.157468 0.987523 0.000064 -0.157474 -0.000004 -0.173334 0.984863 -0.000004 -0.173334 0.984863 -0.000004 -0.173334 0.984863 -0.000004 -0.173334 0.984863 -0.000000 1.000000 -0.000003 -0.003754 0.998947 -0.045729 -0.005459 0.999410 -0.033921 0.000005 1.000000 -0.000008 0.044087 0.999013 0.005400 -0.000001 1.000000 -0.000001 -0.000003 1.000000 0.000001 0.033245 0.999428 0.006134 -0.000663 0.997724 -0.067420 -0.002276 0.997829 -0.065817 0.000003 -0.040689 -0.999172 0.000003 -0.040689 -0.999172 0.069115 0.997608 -0.001044 0.068442 0.997655 -0.000366 -0.000001 -0.238728 0.971087 -0.000001 -0.238727 0.971087 -0.000001 -0.238728 0.971087 -0.000001 -0.238727 0.971087 0.156435 -0.000006 -0.987688 0.157192 -0.000073 -0.987568 0.157035 -0.000002 -0.987593 0.156435 0.000003 -0.987688 -0.155676 0.000019 0.987808 -0.156433 0.000002 0.987688 -0.156433 0.000007 0.987688 -0.155830 0.000038 0.987784 0.157473 0.000051 -0.987523 0.157467 0.000173 -0.987524 -0.000005 -0.056788 -0.998386 -0.000005 -0.056788 -0.998386 -0.155399 -0.000186 0.987852 -0.155393 -0.000064 0.987853 -0.000004 -0.216510 0.976280 -0.000001 -0.216510 0.976280 -0.000000 -0.216510 0.976280 -0.000003 -0.216510 0.976280 0.000008 1.000000 0.000013 
						-0.038083 0.999272 0.002376 -0.029483 0.999559 0.003492 0.000005 1.000000 0.000006 0.454675 0.000015 0.890657 0.453993 -0.000003 0.891005 0.453993 0.000002 0.891005 0.454536 0.000033 0.890728 -0.053886 0.998547 0.000425 -0.053348 0.998575 0.001487 0.000005 -0.051250 -0.998686 0.000000 -0.051250 -0.998686 0.454925 -0.000180 0.890530 0.454930 -0.000062 0.890527 0.976280 -0.216512 0.000000 0.976280 -0.216511 -0.000004 0.976280 -0.216511 -0.000006 0.976280 -0.216511 -0.000002 0.891008 -0.000007 0.453988 0.890658 0.000074 0.454673 0.890731 0.000006 0.454531 0.891008 -0.000003 0.453988 0.891354 0.000017 0.453308 0.891006 -0.000003 0.453991 0.891006 0.000002 0.453991 0.891283 0.000033 0.453447 0.890529 -0.000052 0.454927 0.890532 -0.000178 0.454921 0.000002 -0.026138 -0.999658 -0.000002 -0.026138 -0.999658 0.891481 -0.000174 0.453058 0.891484 -0.000058 0.453053 0.971086 -0.238728 0.000004 0.971086 -0.238728 -0.000002 0.971086 -0.238728 -0.000005 0.971086 -0.238728 0.000001 0.987689 -0.000002 -0.156432 0.987809 0.000080 -0.155673 0.987784 0.000011 -0.155830 0.987689 0.000002 -0.156432 0.987569 0.000016 -0.157188 0.987689 -0.000002 -0.156432 0.987689 0.000004 -0.156432 0.987593 0.000034 -0.157034 0.987853 -0.000050 -0.155392 0.987852 -0.000178 -0.155398 -0.000001 0.009013 -0.999959 -0.000001 0.009013 -0.999959 0.987525 -0.000180 -0.157465 0.987524 -0.000062 -0.157471 1.000000 0.000000 0.000000 1.000000 0.000000 0.000000 1.000000 0.000000 0.000000 1.000000 0.000000 0.000000 1.000000 0.000000 0.000000 1.000000 0.000000 0.000000 1.000000 0.000000 0.000000 1.000000 0.000000 0.000000 1.000000 0.000000 0.000000 1.000000 0.000000 0.000000 1.000000 0.000000 0.000000 1.000000 0.000000 0.000000 1.000000 0.000000 0.000000 1.000000 0.000000 0.000000 1.000000 0.000000 0.000000 
						1.000000 0.000000 0.000000 0.000000 1.000000 0.000000 0.000000 1.000000 0.000000 0.000000 1.000000 0.000000 0.000000 1.000000 0.000000 0.000000 1.000000 0.000000 0.000000 1.000000 0.000000 0.000000 1.000000 0.000000 0.000000 1.000000 0.000000 1.000000 0.000000 0.000000 1.000000 0.000000 0.000000 0.000000 1.000000 0.000000 0.000000 1.000000 0.000000 1.000000 0.000000 0.000000 1.000000 0.000000 0.000000 0.000000 1.000000 0.000000 0.000000 1.000000 0.000000 1.000000 0.000000 0.000000 1.000000 0.000000 0.000000 1.000000 0.000000 0.000000 1.000000 0.000000 0.000000 0.000000 1.000000 0.000000 0.000000 1.000000 0.000000 1.000000 0.000000 0.000000 1.000000 0.000000 0.000000 0.000000 1.000000 0.000000 0.000000 1.000000 0.000000 0.244806 0.969572 0.000162 0.285544 0.958364 0.001577 0.369344 0.929290 0.002413 0.319130 0.947711 0.000738 0.340844 0.939602 -0.031193 0.436655 0.898814 -0.038287 0.013312 0.961191 -0.275564 -0.000163 0.969572 -0.244806 -0.000742 0.947711 -0.319130 0.015858 0.933664 -0.357799 0.000002 0.972370 -0.233445 -0.000299 0.952406 -0.304833 0.000000 -0.972369 -0.233448 0.000163 -0.969572 -0.244807 0.000742 -0.947710 -0.319131 0.000298 -0.952406 -0.304833 -0.013309 -0.961190 -0.275567 -0.015857 -0.933664 -0.357799 0.340847 0.939601 0.031190 0.285530 0.958368 -0.001556 0.369343 0.929290 -0.002412 0.436654 0.898814 0.038288 0.244805 0.969572 -0.000159 0.319131 0.947710 -0.000743 0.233446 0.972370 0.000001 0.304789 0.952420 -0.000001 0.528080 0.849190 0.002902 0.466397 0.884575 0.001031 0.609711 0.791224 -0.047087 0.019514 0.887146 -0.461076 0.055651 0.866418 -0.496209 0.009987 0.894625 -0.446707 -0.019515 -0.887146 -0.461076 -0.009987 -0.894625 -0.446705 -0.055657 -0.866419 -0.496206 0.528082 0.849188 -0.002905 0.609704 0.791229 0.047096 
						0.466398 0.884574 -0.001035 0.447993 0.894037 -0.000002 0.662251 0.749276 0.002964 0.599955 0.800033 0.001251 0.743463 0.667086 -0.047533 0.728732 0.675759 0.110903 0.887742 0.457917 0.047179 0.920451 0.390809 0.006198 0.801541 0.595113 0.058071 0.965010 0.261297 0.021909 0.975969 0.217907 -0.000730 0.965010 0.261296 -0.021910 0.887742 0.457918 -0.047178 0.920451 0.390810 -0.006198 0.975969 0.217907 0.000729 0.728734 0.675756 -0.110906 0.801541 0.595114 -0.058070 0.662250 0.749277 -0.002964 0.743458 0.667091 0.047540 0.599955 0.800033 -0.001251 0.580397 0.814333 0.000002 0.766289 0.642367 -0.012887 0.716736 0.697343 0.001412 0.826295 0.558370 -0.073888 0.954403 0.298499 0.003500 0.868042 0.495430 0.032443 0.987117 0.160001 0.000042 0.954404 0.298497 -0.003504 0.987117 0.160001 -0.000043 0.868043 0.495428 -0.032447 0.766288 0.642368 0.012887 0.826286 0.558380 0.073906 0.716736 0.697344 -0.001412 0.698789 0.715328 -0.000001 0.847265 0.529887 -0.036895 0.813889 0.581005 -0.004211 0.784962 0.617117 0.054781 0.915865 0.401475 0.003165 0.858388 0.512704 0.017426 0.974572 0.224063 0.002256 0.993072 0.117506 0.000475 0.974572 0.224063 -0.002256 0.993072 0.117505 -0.000475 0.915865 0.401475 -0.003166 0.784962 0.617117 -0.054781 0.858389 0.512704 -0.017430 0.813888 0.581006 0.004217 0.847265 0.529887 0.036895 0.800253 0.599662 0.000001 0.816458 0.577028 0.020871 0.918425 0.395584 0.002782 0.892172 0.451648 0.006627 0.954522 0.298125 0.002868 0.986824 0.161787 0.001821 0.996480 0.083822 0.000732 0.986824 0.161786 -0.001822 0.996481 0.083817 -0.000740 0.954522 0.298128 -0.002863 0.918425 0.395585 -0.002782 0.816458 0.577027 -0.020878 0.892172 0.451647 -0.006638 0.882265 0.470754 0.000001 0.890920 0.454013 0.011565 0.890921 0.454011 -0.011558 
						0.961541 0.274644 0.002954 0.947830 0.318772 0.001828 0.979211 0.202822 0.002933 0.994139 0.108097 0.001805 0.999513 0.031127 0.002111 0.994139 0.108096 -0.001807 0.999513 0.031126 -0.002116 0.979211 0.202821 -0.002937 0.961541 0.274644 -0.002954 0.947830 0.318772 -0.001832 0.882265 0.470754 -0.000003 0.942722 0.333579 -0.000002 0.986650 0.162819 0.003523 0.981629 0.190788 0.002186 0.992915 0.118774 0.003513 0.998033 0.062648 0.002178 1.000000 -0.000001 0.000005 0.999278 -0.037998 0.000002 0.999457 -0.032940 -0.000647 0.999278 -0.037996 0.000006 1.000000 -0.000000 -0.000001 0.999457 -0.032944 0.000624 0.998033 0.062652 -0.002162 0.992915 0.118775 -0.003510 0.986650 0.162819 -0.003523 0.981629 0.190788 -0.002189 0.979722 0.200362 -0.000002 0.999567 0.029422 0.000002 0.999346 -0.036150 -0.000019 0.999346 -0.036151 0.000008 1.000000 0.000000 0.000000 1.000000 0.000000 0.000000 1.000000 0.000000 0.000000 1.000000 0.000000 0.000000 1.000000 0.000000 0.000000 1.000000 0.000000 0.000000 1.000000 0.000000 0.000000 1.000000 0.000000 0.000000 1.000000 0.000000 0.000000 1.000000 0.000000 0.000000 1.000000 0.000000 0.000000 1.000000 0.000000 0.000000 1.000000 0.000000 0.000000 1.000000 0.000000 0.000000 1.000000 0.000000 0.000000 1.000000 0.000000 0.000000 0.000000 -0.000000 -1.000000 0.000000 0.000000 -1.000000 0.000000 -0.000000 -1.000000 0.000000 -0.000000 -1.000000 -0.000000 0.000000 1.000000 -0.000000 0.000000 1.000000 -0.000000 0.000000 1.000000 -0.000000 0.000000 1.000000 1.000000 0.000000 0.000000 1.000000 0.000000 0.000000 0.000000 0.000000 -1.000000 0.000000 0.000000 -1.000000 1.000000 0.000000 0.000000 1.000000 0.000000 0.000000 1.000000 0.000000 0.000000 1.000000 0.000000 0.000000 0.000000 -0.000000 1.000000 0.000000 -0.000000 1.000000 
						-0.500000 0.000000 0.866025 -0.500000 0.000000 0.866025 -0.500000 0.000000 0.866025 -0.500000 0.000000 0.866025 0.000002 0.000000 -1.000000 0.000002 0.000000 -1.000000 0.000002 0.000000 -1.000000 0.000002 0.000000 -1.000000 0.500000 0.000000 -0.866025 0.500000 0.000000 -0.866025 0.500000 0.000000 -0.866025 0.500000 0.000000 -0.866026 -0.000001 0.000000 1.000000 -0.000001 0.000000 1.000000 -0.000001 0.000000 1.000000 -0.000001 0.000000 1.000000 0.866025 0.000000 0.500000 0.866025 0.000000 0.500000 0.866025 0.000000 0.500000 0.866025 0.000000 0.500000 -0.866025 -0.000000 -0.500000 -0.866025 -0.000000 -0.500000 -0.866025 0.000000 -0.500000 -0.866025 0.000000 -0.500000 0.499999 0.000000 -0.866026 0.499999 0.000000 -0.866026 0.866025 0.000000 0.500000 0.866025 0.000000 0.500000 -0.271835 -0.546538 0.792087 -0.271835 -0.546538 0.792087 0.000002 -0.431766 0.901986 0.000002 -0.431766 0.901986 -0.000004 -1.000000 -0.000002 -0.000002 -1.000000 -0.000001 -0.000000 -1.000000 0.000000 -0.000003 -1.000000 -0.000002 -0.500000 0.000000 -0.866025 -0.500000 0.000000 -0.866025 -0.500000 0.000000 -0.866025 -0.500000 0.000000 -0.866025 -0.000003 0.000000 -1.000000 -0.000004 0.000000 -1.000000 -0.000004 0.000000 -1.000000 -0.000004 0.000000 -1.000000 0.500000 0.000000 0.866025 0.500000 0.000000 0.866025 0.500000 0.000000 0.866025 0.500000 0.000000 0.866026 -0.000001 0.000001 1.000000 0.000002 0.000001 1.000000 0.000003 0.000001 1.000000 0.000001 0.000001 1.000000 -0.866025 0.000000 0.500000 -0.866025 0.000000 0.500000 -0.866025 0.000000 0.500000 -0.866025 0.000000 0.500000 0.866025 -0.000000 -0.500000 0.866025 0.000000 -0.500000 0.866025 0.000000 -0.500000 0.866025 0.000000 -0.500000 0.499999 0.000000 0.866026 0.499999 0.000000 0.866026 -0.866025 0.000000 0.500000 -0.866025 0.000000 0.500000 
						0.271836 -0.546537 0.792088 0.271836 -0.546537 0.792088 0.000001 -0.431765 0.901986 0.000001 -0.431765 0.901986 0.866025 -0.000000 -0.500000 0.866025 -0.000000 -0.500000 1.000000 -0.000458 -0.000023 1.000000 0.000000 0.000000 1.000000 0.000000 0.000000 1.000000 0.000000 0.000000 1.000000 0.000000 0.000000 1.000000 0.000000 0.000000 1.000000 -0.000000 -0.000001 1.000000 -0.000001 -0.000002 1.000000 0.000000 0.000000 1.000000 -0.000000 -0.000001 1.000000 0.000000 0.000000 1.000000 0.000000 0.000000 1.000000 0.000000 0.000000 1.000000 0.000000 0.000000 1.000000 0.000000 0.000000 1.000000 0.000000 0.000000 1.000000 0.000000 0.000000 1.000000 0.000000 0.000000 0.000000 0.000000 -1.000000 0.000000 0.000006 -1.000000 0.000000 0.000000 -1.000000 0.000000 0.000000 -1.000000 0.000000 0.000000 -1.000000 0.000000 0.000000 1.000000 0.000000 0.000000 1.000000 0.000000 0.000000 1.000000 0.000000 0.000000 1.000000 0.000000 0.000000 1.000000 0.000000 0.000000 1.000000 1.000000 0.000000 0.000000 1.000000 0.000000 0.000000 0.000000 0.000000 -1.000000 0.000000 0.000000 -1.000000 1.000000 0.000000 0.000000 0.999809 -0.013958 -0.013678 1.000000 0.000000 0.000000 0.999967 -0.005845 -0.005728 0.000000 0.000000 1.000000 0.000000 0.000000 1.000000 1.000000 0.000000 0.000000 1.000000 0.000000 0.000000 0.000000 0.000000 -1.000000 -0.000000 0.000000 -1.000000 0.000000 0.000000 -1.000000 0.000000 -0.000000 -1.000000 0.000000 0.000000 -1.000000 0.000000 -0.000000 -1.000000 1.000000 0.000000 0.000000 1.000000 0.000000 0.000000 -0.000000 0.000000 1.000000 0.000000 0.000000 1.000000 0.000000 0.000000 1.000000 1.000000 0.000000 0.000000 1.000000 0.000000 0.000000 1.000000 0.000000 0.000000 1.000000 0.000000 0.000000 0.000000 -0.000059 -1.000000 -0.000000 0.000000 -1.000000 
						0.000000 -0.000102 -1.000000 1.000000 0.000000 0.000000 1.000000 0.000000 0.000000 -0.000000 -0.000000 1.000000 0.000000 0.000048 1.000000 0.000000 0.000039 1.000000 0.000000 0.000000 -1.000000 0.000000 0.000001 -1.000000 0.000000 0.000012 -1.000000 0.000000 0.000010 -1.000000 1.000000 0.000000 0.000000 1.000000 0.000000 0.000000 0.000000 0.000000 1.000000 0.000000 -0.000001 1.000000 0.000000 -0.000009 1.000000 0.000000 -0.000008 1.000000 0.000000 0.000000 1.000000 0.000000 0.000000 1.000000 0.000000 0.000000 1.000000 0.000000 0.000000 1.000000 0.000000 0.000000 1.000000 0.000000 0.000000 1.000000 -0.000000 -0.000000 -1.000000 0.000000 0.000000 -1.000000 0.000000 0.000000 -1.000000 0.000000 0.000000 -1.000000 0.000000 -0.000106 -1.000000 1.000000 0.000000 0.000000 1.000000 0.000000 0.000000 1.000000 0.000000 0.000000 1.000000 0.000000 0.000000 1.000000 0.000000 0.000000 1.000000 0.000000 0.000000 1.000000 0.000000 0.000000 1.000000 0.000000 0.000000 1.000000 0.000000 0.000000 1.000000 0.000000 0.000000 1.000000 0.000000 0.000000 1.000000 0.000000 0.000000 1.000000 0.000000 0.000000 1.000000 0.000000 0.000000 1.000000 0.000000 0.000000 1.000000 0.000000 0.000000 1.000000 0.000000 0.000000 1.000000 0.000000 0.000000 1.000000 0.000000 0.000000 1.000000 0.000000 0.000000 1.000000 0.000000 0.000000 1.000000 0.000000 0.000000 1.000000 0.000000 0.000000 1.000000 0.000000 0.000000 1.000000 0.000000 0.000000 1.000000 0.000000 0.000000 1.000000 0.000000 0.000000 1.000000 0.000000 0.000000 1.000000 0.000000 0.000000 1.000000 0.000000 0.000000 1.000000 0.000000 0.000000 1.000000 0.000000 0.000000 1.000000 0.000000 0.000000 1.000000 0.000000 0.000000 1.000000 0.000000 0.000000 1.000000 0.000000 0.000000 1.000000 0.000000 0.000000 
						1.000000 0.000000 0.000000 1.000000 0.000000 0.000000 1.000000 0.000000 0.000000 1.000000 0.000000 0.000000 1.000000 0.000000 0.000000 1.000000 0.000000 0.000000 1.000000 0.000000 0.000000 1.000000 0.000000 0.000000 1.000000 0.000000 0.000000 1.000000 0.000000 0.000000 1.000000 0.000000 0.000000 1.000000 0.000000 0.000000 1.000000 0.000000 0.000000 1.000000 0.000000 0.000000 0.000000 0.000000 -1.000000 0.000000 0.000000 -1.000000 1.000000 0.000000 0.000000 1.000000 0.000000 0.000000 0.000000 0.000000 1.000000 0.000000 0.000000 1.000000 1.000000 0.000000 0.000000 1.000000 0.000000 0.000000 1.000000 0.000000 0.000000 1.000000 0.000000 0.000000 1.000000 0.000000 0.000000 1.000000 0.000000 0.000000 1.000000 0.000000 0.000000 1.000000 0.000000 0.000000 1.000000 0.000000 0.000000 1.000000 0.000000 0.000000 1.000000 0.000000 0.000000 0.000000 0.000000 -1.000000 0.000000 0.000000 -1.000000 1.000000 0.000000 0.000000 1.000000 0.000000 0.000000 1.000000 0.000000 0.000000 1.000000 0.000000 0.000000 0.000000 0.000000 1.000000 0.000000 0.000000 1.000000 1.000000 0.000000 0.000000 1.000000 0.000000 0.000000 1.000000 0.000000 0.000000 1.000000 0.000000 0.000000 1.000000 0.000000 0.000000 1.000000 0.000000 0.000000 1.000000 0.000000 0.000000 1.000000 0.000000 0.000000 1.000000 0.000000 0.000000 1.000000 0.000000 0.000000 1.000000 0.000000 0.000000 1.000000 0.000000 0.000000 -0.000000 -0.000000 -1.000000 0.000000 0.000000 -1.000000 1.000000 0.000000 0.000000 1.000000 0.000000 0.000000 1.000000 0.000000 0.000000 1.000000 0.000000 0.000000 0.000000 0.000000 1.000000 0.000000 0.000000 1.000000 1.000000 0.000000 0.000000 1.000000 0.000000 0.000000 1.000000 0.000000 0.000000 1.000000 0.000000 0.000000 1.000000 0.000000 0.000000 
						1.000000 0.000000 0.000000 1.000000 0.000000 0.000000 -0.000000 -0.000000 -1.000000 -0.000000 -0.000000 -1.000000 1.000000 0.000000 0.000000 1.000000 0.000000 0.000000 0.000000 0.000000 1.000000 0.000000 0.000000 1.000000 1.000000 0.000000 0.000000 0.000000 1.000000 0.000000 0.000000 1.000000 0.000000 0.000000 1.000000 0.000000 0.000000 1.000000 0.000000 0.000000 0.283516 -0.958968 0.000000 0.283516 -0.958967 0.000000 0.000000 -1.000000 0.000000 0.000000 -1.000000 0.000000 -1.000000 0.000000 0.000000 -1.000000 0.000000 0.000000 -1.000000 0.000000 0.000000 -1.000000 0.000000 1.000000 0.000000 0.000000 1.000000 0.000000 0.000000 1.000000 0.000000 0.000000 1.000000 0.000000 0.000000 0.000000 1.000000 -0.000001 -0.000000 1.000000 -0.000005 0.000000 1.000000 0.000000 0.000000 1.000000 0.000000 0.000000 1.000000 -0.000004 0.000000 1.000000 0.000000 0.000000 1.000000 0.000000 0.000000 1.000000 0.000000 1.000000 0.000000 0.000000 1.000000 0.000000 0.000000 0.000000 1.000000 0.000000 0.000000 1.000000 0.000000 0.000000 0.698993 -0.715129 0.000000 0.698993 -0.715129 0.000000 1.000000 0.000000 0.000000 1.000000 0.000000 0.000000 1.000000 0.000000 -0.000000 1.000000 -0.000006 0.000000 1.000000 -0.000010 0.000000 1.000000 -0.000001 0.000000 1.000000 0.000000 0.000000 1.000000 0.000000 0.000000 1.000000 0.000000 0.000000 1.000000 0.000000 0.000000 -0.655507 -0.755189 0.000000 -0.655507 -0.755189 0.000000 -0.655507 -0.755189 0.000000 -0.655507 -0.755189 -0.000000 1.000000 -0.000006 -0.000000 1.000000 -0.000007 1.000000 0.000000 0.000000 1.000000 0.000000 0.000000 1.000000 0.000000 0.000000 1.000000 0.000000 0.000000 0.000000 1.000000 -0.000005 0.000000 1.000000 -0.000006 0.000000 0.000000 -1.000000 0.000000 0.000000 -1.000000 0.000000 0.000000 -1.000000 
						0.000000 0.000000 -1.000000 0.000000 1.000000 -0.000004 0.000000 1.000000 -0.000004 1.000000 0.000000 0.000000 1.000000 0.000000 0.000000 1.000000 0.000000 0.000000 1.000000 0.000000 0.000000 0.000000 1.000000 -0.000004 0.000000 1.000000 -0.000004 1.000000 0.000000 0.000000 1.000000 0.000000 0.000000 1.000000 0.000000 0.000000 1.000000 0.000000 0.000000 1.000000 0.000000 0.000000 1.000000 0.000000 0.000000 1.000000 0.000000 0.000000 1.000000 0.000000 0.000000 1.000000 0.000000 0.000000 1.000000 0.000000 0.000000 1.000000 0.000000 0.000000 1.000000 0.000000 0.000000 1.000000 0.000000 0.000000 1.000000 0.000000 0.000000 1.000000 0.000000 0.000000 1.000000 0.000000 0.000000 0.000000 1.000000 0.000000 0.000000 1.000000 0.000000 0.000000 1.000000 0.000000 0.000000 1.000000 0.000000 0.000000 1.000000 0.000000 0.000000 1.000000 0.000000 0.000000 1.000000 0.000000 0.000000 1.000000 0.000000 1.000000 0.000000 0.000000 1.000000 0.000000 0.000000 0.000000 1.000000 0.000000 0.000000 1.000000 0.000000 1.000000 0.000000 0.000000 1.000000 0.000000 0.000000 0.000000 1.000000 0.000000 0.000000 1.000000 0.000000 1.000000 0.000000 0.000000 1.000000 0.000000 0.000000 1.000000 0.000000 0.000000 1.000000 0.000000 0.000000 0.000000 1.000000 0.000000 0.000000 1.000000 0.000000 1.000000 0.000000 0.000000 1.000000 0.000000 0.000000 0.000000 1.000000 0.000000 0.000000 1.000000 0.000000 0.000000 1.000000 0.000000 0.000000 1.000000 0.000000 0.000000 0.964846 -0.262815 0.000000 0.964846 -0.262815 1.000000 0.000000 0.000000 1.000000 0.000000 0.000000 1.000000 0.000000 0.000000 1.000000 0.000000 0.000000 0.000000 -0.964846 -0.262815 0.000000 -0.964846 -0.262815 0.000000 -1.000000 0.000000 0.000000 -1.000000 0.000000 1.000000 0.000000 0.000000 
						1.000000 0.000000 0.000000 1.000000 0.000000 0.000000 1.000000 0.000000 0.000000 0.000000 1.000000 0.000000 0.000000 1.000000 0.000000 -0.127789 0.991801 -0.000001 -0.127789 0.991801 -0.000001 0.000000 1.000000 0.000000 0.000000 1.000000 0.000000 0.127789 0.991801 0.000000 0.127789 0.991801 0.000000 1.000000 0.000000 0.000000 1.000000 0.000000 0.000000 1.000000 0.000000 0.000000 1.000000 0.000000 0.000000 -0.643437 0.765499 -0.000003 -0.643437 0.765499 -0.000002 1.000000 0.000000 0.000000 1.000000 0.000000 0.000000 1.000000 0.000000 0.000000 1.000000 0.000000 0.000000 0.643437 0.765499 -0.000000 0.643437 0.765499 0.000000 -0.244806 0.969572 -0.000163 -0.285539 0.958366 -0.001570 -0.369346 0.929289 -0.002417 -0.319130 0.947711 -0.000738 -0.340860 0.939597 0.031179 -0.436666 0.898809 0.038277 0.013312 -0.961190 -0.275564 -0.000176 -0.969571 -0.244810 -0.000746 -0.947710 -0.319132 0.015856 -0.933664 -0.357800 -0.000003 -0.972370 -0.233446 -0.000297 -0.952406 -0.304832 -0.000000 0.972370 -0.233447 0.000170 0.969571 -0.244809 0.000742 0.947710 -0.319132 0.000299 0.952405 -0.304834 -0.013307 0.961189 -0.275569 -0.015858 0.933664 -0.357799 -0.340847 0.939601 -0.031190 -0.285535 0.958367 0.001564 -0.369344 0.929290 0.002414 -0.436654 0.898814 -0.038288 -0.244807 0.969572 0.000169 -0.319131 0.947710 0.000743 -0.233446 0.972370 0.000000 -0.304789 0.952420 -0.000000 -0.528082 0.849188 -0.002905 -0.466397 0.884575 -0.001032 -0.609705 0.791228 0.047095 0.019522 -0.887146 -0.461075 0.055655 -0.866418 -0.496209 0.009987 -0.894625 -0.446706 -0.019522 0.887147 -0.461073 -0.009989 0.894627 -0.446703 -0.055656 0.866419 -0.496206 -0.528080 0.849190 0.002901 -0.609703 0.791230 -0.047098 -0.466397 0.884575 0.001031 -0.447993 0.894037 0.000002 -0.662253 0.749274 -0.002969 -0.599955 0.800032 -0.001251 
						-0.743462 0.667087 0.047535 0.728735 -0.675755 0.110907 0.887740 -0.457921 0.047177 0.920450 -0.390810 0.006198 0.801542 -0.595112 0.058073 0.965011 -0.261293 0.021912 0.975971 -0.217901 -0.000725 0.965010 -0.261296 -0.021910 0.887740 -0.457921 -0.047177 0.920451 -0.390809 -0.006199 0.975970 -0.217903 0.000727 0.728734 -0.675756 -0.110906 0.801541 -0.595113 -0.058072 -0.662251 0.749276 0.002965 -0.743460 0.667089 -0.047537 -0.599955 0.800033 0.001250 -0.580398 0.814333 -0.000002 -0.766290 0.642365 0.012881 -0.716736 0.697343 -0.001415 -0.826287 0.558380 0.073905 0.954404 -0.298498 0.003502 0.868041 -0.495431 0.032442 0.987117 -0.159998 0.000045 0.954405 -0.298494 -0.003506 0.987118 -0.159995 -0.000049 0.868043 -0.495428 -0.032447 -0.766289 0.642367 -0.012886 -0.826289 0.558378 -0.073901 -0.716736 0.697343 0.001414 -0.698789 0.715328 0.000002 -0.847262 0.529892 0.036910 -0.813889 0.581006 0.004213 0.784962 -0.617117 0.054782 0.915864 -0.401476 0.003162 0.858389 -0.512703 0.017431 0.974572 -0.224063 0.002256 0.993072 -0.117510 0.000470 0.974572 -0.224062 -0.002257 0.993073 -0.117501 -0.000482 0.915864 -0.401476 -0.003164 0.784963 -0.617115 -0.054785 0.858389 -0.512703 -0.017431 -0.813888 0.581006 -0.004213 -0.847266 0.529887 -0.036893 -0.800253 0.599662 -0.000001 0.816458 -0.577028 0.020873 0.918425 -0.395585 0.002780 0.892172 -0.451647 0.006636 0.954522 -0.298127 0.002864 0.986824 -0.161785 0.001825 0.996481 -0.083822 0.000734 0.986824 -0.161784 -0.001826 0.996481 -0.083817 -0.000742 0.954522 -0.298127 -0.002865 0.918425 -0.395586 -0.002779 0.816459 -0.577026 -0.020882 0.892172 -0.451647 -0.006635 -0.882265 0.470754 0.000000 -0.890920 0.454012 -0.011566 -0.890920 0.454013 0.011566 0.961541 -0.274645 0.002951 0.947830 -0.318772 0.001831 0.979212 -0.202819 0.002944 0.994139 -0.108097 0.001805 
						0.999513 -0.031128 0.002110 0.994139 -0.108094 -0.001812 0.999513 -0.031126 -0.002115 0.979211 -0.202821 -0.002940 0.961541 -0.274646 -0.002949 0.947830 -0.318772 -0.001826 0.882265 -0.470754 -0.000001 0.942722 -0.333579 0.000001 0.986650 -0.162818 0.003529 0.981629 -0.190788 0.002189 0.992915 -0.118775 0.003508 0.998033 -0.062654 0.002150 1.000000 0.000000 0.000002 0.999278 0.038000 0.000008 0.999457 0.032945 -0.000619 0.999278 0.037997 0.000001 1.000000 0.000000 -0.000001 0.999457 0.032945 0.000616 0.998033 -0.062653 -0.002155 0.992915 -0.118775 -0.003510 0.986650 -0.162818 -0.003531 0.981629 -0.190788 -0.002187 0.979722 -0.200362 0.000002 0.999567 -0.029422 -0.000001 0.999346 0.036153 0.000014 0.999346 0.036152 -0.000010 0.999924 -0.000000 -0.012294 0.999924 -0.000000 -0.012294 0.999924 0.000000 -0.012294 0.999924 0.000000 -0.012294 1.000000 -0.000000 -0.000001 1.000000 0.000000 0.000000 1.000000 0.000000 0.000002 1.000000 0.000000 0.000001 0.999924 0.000000 -0.012294 0.999924 0.000000 -0.012294 0.999924 0.000000 -0.012294 0.999924 0.000000 -0.012294 1.000000 0.000000 0.000002 1.000000 0.000000 0.000001 1.000000 0.000000 0.000001 1.000000 0.000000 0.000001 0.012294 0.000000 0.999924 0.012294 -0.000000 0.999924 0.012294 0.000000 0.999924 0.012294 0.000000 0.999924 -0.012294 -0.000000 -0.999924 -0.012294 0.000000 -0.999924 -0.012294 0.000000 -0.999924 -0.012294 0.000000 -0.999924 0.999924 0.000000 -0.012294 0.999924 0.000000 -0.012294 0.012294 0.000000 0.999924 0.012294 -0.000000 0.999924 0.999867 -0.014161 -0.008131 0.999867 -0.014161 -0.008131 0.999931 -0.011770 0.000001 0.999931 -0.011770 0.000002 -0.012294 -0.000000 -0.999924 -0.012294 0.000000 -0.999924 0.510609 0.000000 0.859813 0.510609 0.000000 0.859813 0.510609 0.000000 0.859813 0.510609 0.000000 0.859813 
						-0.000002 0.000000 -1.000000 -0.000002 0.000000 -1.000000 -0.000001 0.000000 -1.000000 -0.000002 0.000000 -1.000000 -0.510609 0.000000 -0.859813 -0.510609 0.000000 -0.859813 -0.510609 0.000000 -0.859813 -0.510609 0.000000 -0.859813 0.000002 0.000000 1.000000 -0.000000 0.000000 1.000000 -0.000002 0.000000 1.000000 0.000000 0.000000 1.000000 -0.859813 0.000000 0.510608 -0.859813 0.000000 0.510609 -0.859813 0.000000 0.510608 -0.859813 0.000000 0.510609 -0.859813 0.000000 0.510608 -0.859813 0.000000 0.510608 -0.859814 0.000000 0.510608 -0.859813 0.000000 0.510608 -0.510610 0.000000 -0.859813 -0.510610 0.000000 -0.859813 -0.859813 -0.000000 0.510609 -0.859813 -0.000000 0.510609 0.275030 0.556945 0.783691 0.275026 0.556950 0.783688 -0.000004 0.439178 0.898400 0.000001 0.439174 0.898402 -0.859813 -0.000000 0.510609 -0.859813 -0.000000 0.510609 0.489315 0.000000 -0.872107 0.489315 0.000000 -0.872107 0.489315 0.000000 -0.872107 0.489315 0.000000 -0.872107 0.000001 0.000002 -1.000000 -0.000001 0.000002 -1.000000 -0.000003 0.000002 -1.000000 -0.000001 0.000002 -1.000000 -0.489315 0.000000 0.872107 -0.489315 0.000000 0.872107 -0.489316 0.000000 0.872107 -0.489316 0.000000 0.872106 1.000000 0.000000 0.000000 1.000000 -0.000000 0.000002 1.000000 -0.000000 0.000004 1.000000 -0.000000 0.000002 0.872107 -0.000000 0.489315 0.872107 0.000000 0.489315 0.872107 -0.000000 0.489315 0.872107 -0.000000 0.489315 0.872107 -0.000000 0.489316 0.872107 -0.000000 0.489316 0.872107 0.000000 0.489316 0.872107 0.000000 0.489316 -0.489318 0.000000 0.872106 -0.489318 0.000000 0.872106 0.872107 0.000000 0.489316 0.872107 0.000000 0.489315 0.489316 -0.000000 -0.872107 0.489316 -0.000000 -0.872107 0.872107 0.000000 0.489316 0.872107 0.000000 0.489316 0.000000 -0.308976 -0.951070 0.000000 -0.587802 -0.809005 
						0.000000 -0.587802 -0.809005 0.000000 -0.308976 -0.951070 0.000000 -0.809036 -0.587758 0.000000 -0.809036 -0.587758 0.000000 -0.809036 -0.587758 0.000000 -0.951057 -0.309016 0.000000 -0.951057 -0.309016 0.000000 -0.809037 -0.587758 0.000000 -1.000000 0.000000 0.000000 -1.000000 0.000000 0.000000 -0.951052 0.309032 0.000000 -0.951051 0.309032 0.000000 -0.809020 0.587781 0.000000 -0.809020 0.587781 0.000000 -0.809020 0.587781 0.000000 -0.587803 0.809004 0.000000 -0.587803 0.809004 0.000000 -0.809020 0.587781 0.000000 -0.309019 0.951056 0.000000 -0.309019 0.951056 0.000000 0.000000 1.000000 0.000000 0.000000 1.000000 0.000000 0.309019 0.951056 0.000000 0.309019 0.951056 0.000000 0.587803 0.809004 0.000000 0.587803 0.809004 0.000000 0.809020 0.587781 0.000000 0.809020 0.587781 0.000000 0.809020 0.587781 0.000000 0.951051 0.309032 0.000000 0.951051 0.309032 0.000000 0.809020 0.587781 0.000000 1.000000 0.000000 0.000000 1.000000 0.000000 0.000000 0.951056 -0.309018 0.000000 0.951056 -0.309018 0.000000 0.809037 -0.587758 0.000000 0.809036 -0.587758 0.000000 0.809036 -0.587758 0.000000 0.587803 -0.809004 0.000000 0.587803 -0.809004 0.000000 0.809036 -0.587758 0.000000 0.308976 -0.951070 0.000000 0.308976 -0.951070 0.000000 0.000000 -1.000000 0.000000 0.000000 -1.000000 0.000000 0.000007 -1.000000 0.000000 0.000015 -1.000000 -0.000000 0.000000 -1.000000 0.000000 -0.000042 -1.000000 -0.000000 -0.000035 -1.000000 0.000000 0.000000 -1.000000 0.000000 -0.000016 -1.000000 0.000000 -0.000022 -1.000000 -0.000000 -0.000004 -1.000000 0.000000 0.000024 -1.000000 0.000000 0.000000 -1.000000 0.000000 -0.000024 -1.000000 0.000000 0.000004 -1.000000 0.000000 0.000022 -1.000000 -0.000000 0.000016 -1.000000 0.000000 0.000000 -1.000000 0.000000 0.000035 -1.000000 0.000000 0.000042 -1.000000 
						0.000000 -0.000007 -1.000000 0.000000 -0.000015 -1.000000 0.000000 0.000000 -1.000000 0.000000 0.000008 1.000000 -0.000000 -0.000007 1.000000 0.000000 0.000000 1.000000 0.000000 0.000010 1.000000 -0.000000 0.000027 1.000000 0.000000 0.000000 1.000000 0.000000 0.000016 1.000000 0.000000 0.000039 1.000000 0.000000 -0.000006 1.000000 0.000000 -0.000052 1.000000 0.000000 0.000000 1.000000 -0.000000 0.000052 1.000000 -0.000000 0.000006 1.000000 0.000000 -0.000039 1.000000 -0.000000 -0.000016 1.000000 0.000000 0.000000 1.000000 0.000000 -0.000027 1.000000 0.000000 -0.000010 1.000000 0.000000 0.000007 1.000000 0.000000 -0.000008 1.000000 0.000000 0.000000 1.000000 0.000000 -0.309019 -0.951056 0.000000 -0.587802 -0.809004 0.000000 -0.587802 -0.809004 0.000000 -0.309019 -0.951056 0.000000 -0.809020 -0.587782 0.000000 -0.809020 -0.587782 0.000000 -0.809020 -0.587782 0.000000 -0.951056 -0.309017 0.000000 -0.951056 -0.309017 0.000000 -0.809020 -0.587782 0.000000 -1.000000 0.000001 0.000000 -1.000000 0.000001 0.000000 -0.951052 0.309031 0.000000 -0.951052 0.309031 0.000000 -0.809020 0.587781 0.000000 -0.809020 0.587781 0.000000 -0.809020 0.587781 0.000000 -0.587802 0.809004 0.000000 -0.587802 0.809004 0.000000 -0.809020 0.587781 0.000000 -0.309019 0.951056 0.000000 -0.309019 0.951056 0.000000 0.000000 1.000000 0.000000 0.000000 1.000000 0.000000 0.309019 0.951056 0.000000 0.309019 0.951056 0.000000 0.587803 0.809004 0.000000 0.587803 0.809004 0.000000 0.809020 0.587781 0.000000 0.809020 0.587781 0.000000 0.809020 0.587781 0.000000 0.951052 0.309031 0.000000 0.951052 0.309031 0.000000 0.809020 0.587781 0.000000 1.000000 0.000000 0.000000 1.000000 0.000000 0.000000 0.951057 -0.309017 0.000000 0.951056 -0.309017 0.000000 0.809020 -0.587781 0.000000 0.809020 -0.587782 
						0.000000 0.809020 -0.587781 0.000000 0.587803 -0.809004 0.000000 0.587803 -0.809004 0.000000 0.809020 -0.587781 0.000000 0.309019 -0.951056 0.000000 0.309019 -0.951056 0.000000 0.000000 -1.000000 0.000000 0.000000 -1.000000 0.000000 -0.000051 -1.000000 0.000000 -0.000036 -1.000000 0.000000 0.000000 -1.000000 -0.000000 -0.000057 -1.000000 -0.000000 -0.000043 -1.000000 0.000000 0.000000 -1.000000 -0.000000 0.000001 -1.000000 0.000000 -0.000039 -1.000000 -0.000000 -0.000007 -1.000000 0.000000 0.000058 -1.000000 0.000000 0.000000 -1.000000 0.000000 -0.000058 -1.000000 0.000000 0.000007 -1.000000 -0.000000 0.000039 -1.000000 0.000000 -0.000001 -1.000000 0.000000 0.000000 -1.000000 0.000000 0.000043 -1.000000 0.000000 0.000057 -1.000000 -0.000000 0.000051 -1.000000 -0.000000 0.000036 -1.000000 0.000000 0.000000 -1.000000 0.000000 0.000030 1.000000 0.000000 0.000041 1.000000 0.000000 0.000000 1.000000 -0.000000 0.000025 1.000000 -0.000000 0.000018 1.000000 0.000000 0.000000 1.000000 -0.000000 -0.000001 1.000000 0.000000 0.000039 1.000000 0.000000 0.000007 1.000000 0.000000 -0.000002 1.000000 0.000000 0.000000 1.000000 -0.000000 0.000002 1.000000 0.000000 -0.000007 1.000000 -0.000000 -0.000039 1.000000 0.000000 0.000001 1.000000 0.000000 0.000000 1.000000 0.000000 -0.000018 1.000000 0.000000 -0.000025 1.000000 0.000000 -0.000041 1.000000 0.000000 -0.000030 1.000000 0.000000 0.000000 1.000000 
					</float_array>
					<technique_common>
						<accessor count="3122" offset="0" source="#meshId0-tangents-array" stride="3">
							<param name="X" type="float" />
							<param name="Y" type="float" />
							<param name="Z" type="float" />
						</accessor>
					</technique_common>
				</source>
				<source id="meshId0-bitangents" name="meshId0-bitangents">
					<float_array id="meshId0-bitangents-array" count="9366"> 
						0.029959 0.999504 -0.009734 0.025484 0.999504 -0.018515 -0.000000 1.000000 0.000000 -0.000000 1.000000 0.000000 0.022551 0.999491 -0.022551 -0.000000 1.000000 0.000000 -0.014479 -0.999491 0.028417 -0.009734 -0.999504 0.029958 0.000000 -1.000000 -0.000000 0.000000 -1.000000 -0.000000 0.000000 -0.999504 0.031500 -0.000000 -1.000000 -0.000000 0.009734 -0.999504 0.029958 -0.000000 -1.000000 -0.000000 0.014479 -0.999491 0.028416 -0.000000 -1.000000 -0.000000 -0.022551 0.999491 -0.022551 -0.025484 0.999504 -0.018515 0.000000 1.000000 0.000000 0.000000 1.000000 0.000000 -0.029959 0.999504 -0.009734 0.000000 1.000000 0.000000 -0.031500 0.999504 0.000000 0.000000 1.000000 -0.000000 -0.029959 0.999504 0.009734 0.000000 1.000000 -0.000000 -0.025484 0.999504 0.018515 0.000000 1.000000 0.000000 -0.022551 0.999491 0.022551 0.000000 1.000000 -0.000000 -0.014479 0.999491 0.028416 -0.009734 0.999504 0.029958 0.000000 1.000000 -0.000000 0.000000 1.000000 -0.000000 -0.000000 0.999504 0.031500 0.000000 1.000000 -0.000000 0.009734 0.999504 0.029958 -0.000000 1.000000 -0.000000 0.014479 0.999491 0.028416 -0.000000 1.000000 -0.000000 0.022551 0.999491 0.022551 0.025484 0.999504 0.018515 -0.000000 1.000000 -0.000000 -0.000000 1.000000 -0.000000 0.029958 0.999504 0.009734 -0.000000 1.000000 -0.000000 0.031500 0.999504 0.000000 -0.000000 1.000000 -0.000000 0.000001 0.000000 1.000000 0.000002 0.000000 1.000000 0.000000 0.000000 1.000000 -0.000002 0.000001 1.000000 0.000002 0.000001 1.000000 0.000001 -0.000000 1.000000 -0.000003 0.000000 1.000000 0.000000 0.000000 1.000000 0.000001 0.000000 1.000000 0.000001 0.000000 1.000000 0.000000 0.000000 1.000000 -0.000002 0.000000 1.000000 -0.000001 0.000000 1.000000 -0.000001 -0.000001 1.000000 -0.000000 -0.000000 1.000000 0.000001 -0.000000 1.000000 
						-0.000002 -0.000001 1.000000 -0.000002 0.000002 1.000000 0.000001 0.000002 1.000000 0.000001 0.000000 1.000000 0.000000 0.000000 1.000000 0.574324 0.797075 -0.186609 0.488549 0.797076 -0.354951 0.430366 0.793455 -0.430365 -0.276311 -0.793455 0.542292 -0.186609 -0.797076 0.574324 -0.000000 -0.797075 0.603880 0.186608 -0.797076 0.574323 0.276311 -0.793456 0.542291 -0.430365 0.793456 -0.430364 -0.488548 0.797076 -0.354951 -0.574323 0.797076 -0.186609 -0.603879 0.797076 0.000000 -0.574323 0.797076 0.186609 -0.488548 0.797076 0.354951 -0.430365 0.793456 0.430365 -0.276312 0.793456 0.542292 -0.186609 0.797076 0.574323 -0.000000 0.797076 0.603879 0.186609 0.797076 0.574323 0.276311 0.793456 0.542291 0.430365 0.793456 0.430365 0.488548 0.797077 0.354951 0.574323 0.797076 0.186609 0.603879 0.797076 0.000000 0.000000 1.000000 0.000000 0.000000 1.000000 0.000000 -0.678187 0.701075 0.220356 -0.576898 0.701077 0.419141 0.000000 1.000000 0.000000 -0.507288 0.696648 0.507287 0.000000 -1.000000 0.000000 0.000000 -1.000000 0.000000 0.325698 -0.696648 -0.639220 0.220355 -0.701078 -0.678184 0.000000 -1.000000 0.000000 -0.000000 -0.701080 -0.713083 0.000000 -1.000000 0.000000 -0.220356 -0.701075 -0.678187 0.000000 -1.000000 0.000000 -0.325698 -0.696650 -0.639218 0.000000 1.000000 0.000000 0.000000 1.000000 0.000000 0.507287 0.696650 0.507286 0.576892 0.701085 0.419136 0.000000 1.000000 0.000000 0.678176 0.701086 0.220353 0.000000 1.000000 0.000000 0.713077 0.701086 0.000000 0.000000 1.000000 0.000000 0.678177 0.701085 -0.220353 0.000000 1.000000 0.000000 0.576894 0.701082 -0.419138 0.000000 1.000000 0.000000 0.507285 0.696652 -0.507285 0.000000 1.000000 0.000000 0.000000 1.000000 0.000000 0.325697 0.696652 -0.639217 0.220353 0.701085 -0.678177 0.000000 1.000000 0.000000 
						0.000000 0.701088 -0.713075 0.000000 1.000000 0.000000 -0.220354 0.701080 -0.678181 0.000000 1.000000 0.000000 -0.325697 0.696651 -0.639217 0.000000 1.000000 0.000000 0.000000 1.000000 0.000000 -0.507285 0.696652 -0.507285 -0.576894 0.701082 -0.419138 0.000000 1.000000 0.000000 -0.678180 0.701082 -0.220354 0.000000 1.000000 0.000000 -0.713084 0.701079 0.000000 -0.163098 -0.393188 -0.904877 -0.099252 -0.203136 -0.974107 -0.062046 -0.126959 -0.989966 -0.103093 -0.248241 -0.963197 -0.166223 -0.553211 -0.816289 -0.106671 -0.354259 -0.929044 -0.104312 -0.662167 -0.742061 -0.067866 -0.429601 -0.900465 0.000000 -0.701080 -0.713083 0.000000 -0.457314 -0.889305 0.104313 -0.662164 -0.742063 0.067866 -0.429596 -0.900467 0.166223 -0.553213 -0.816287 0.106671 -0.354261 -0.929043 0.163084 -0.393212 -0.904869 0.103078 -0.248261 -0.963193 0.099287 -0.203120 -0.974107 0.062085 -0.126955 -0.989964 0.000001 -0.000001 -1.000000 0.000001 -0.000001 -1.000000 -0.099253 0.203148 -0.974105 -0.062046 0.126971 -0.989964 -0.163075 0.393213 -0.904870 -0.103067 0.248260 -0.963195 -0.166217 0.553217 -0.816286 -0.106664 0.354263 -0.929043 -0.104321 0.662173 -0.742054 -0.067874 0.429608 -0.900461 -0.000000 0.701088 -0.713075 -0.000000 0.457323 -0.889301 0.104321 0.662167 -0.742059 0.067874 0.429600 -0.900465 0.166215 0.553219 -0.816285 0.106662 0.354264 -0.929043 0.163076 0.393214 -0.904870 0.103068 0.248261 -0.963194 0.099277 0.203121 -0.974108 0.062075 0.126955 -0.989964 -0.000000 -0.000001 -1.000000 0.000001 0.000001 -1.000000 0.587781 0.000000 0.809020 0.309021 0.000000 0.951055 0.255790 -0.059046 0.964927 0.587780 0.000000 0.809020 0.809013 0.000000 0.587790 0.809015 0.000000 0.587787 -0.951059 -0.000000 -0.309009 -0.809013 -0.000000 -0.587790 -0.809016 0.000000 -0.587787 -0.951057 0.000000 -0.309014 -1.000000 -0.000000 -0.000000 
						-1.000000 -0.000000 -0.000000 -0.951059 0.000000 0.309009 -0.951058 0.000000 0.309013 -0.809013 0.000000 0.587791 -0.809016 0.000000 0.587787 0.587773 0.000000 -0.809026 0.809013 0.000000 -0.587791 0.809016 -0.000000 -0.587787 0.587778 -0.000000 -0.809022 0.309010 0.000000 -0.951059 0.255790 0.059048 -0.964927 0.000000 0.000000 -1.000000 -0.000001 -0.000000 -1.000000 -0.309010 0.000000 -0.951059 -0.255789 -0.059049 -0.964928 -0.587773 0.000000 -0.809026 -0.587779 0.000000 -0.809021 -0.809014 0.000000 -0.587790 -0.809016 -0.000000 -0.587786 -0.951057 0.000000 -0.309017 -0.809014 0.000000 -0.587790 -0.809016 -0.000000 -0.587786 -0.951057 -0.000000 -0.309017 -1.000000 0.000000 0.000000 -1.000000 -0.000000 0.000000 -0.951057 0.000000 0.309017 -0.951058 -0.000000 0.309012 -0.809014 0.000000 0.587790 -0.809020 0.000000 0.587781 -0.587773 0.000000 0.809026 -0.809014 0.000000 0.587790 -0.809020 0.000000 0.587781 -0.587783 0.000000 0.809019 -0.309010 0.000000 0.951059 -0.255795 0.059039 0.964927 0.000000 0.000000 1.000000 -0.000002 0.000001 1.000000 -0.800056 -0.559920 -0.215407 -0.717458 -0.666603 -0.202222 -0.850779 -0.502892 -0.152561 -0.895217 -0.415808 -0.160281 -0.898178 -0.388147 -0.206441 -0.946137 -0.285786 -0.152157 -0.972612 -0.196919 -0.123487 -0.985407 -0.144192 -0.090450 -1.000000 0.000000 -0.000000 -1.000000 0.000000 -0.000000 -0.972611 0.196931 0.123475 -0.985407 0.144201 0.090435 -0.898179 0.388144 0.206444 -0.946137 0.285784 0.152161 -0.800057 0.559916 0.215414 -0.895218 0.415803 0.160291 -0.717455 0.666609 0.202214 -0.850777 0.502899 0.152550 0.093777 0.142104 -0.985400 -0.000001 -0.000001 -1.000000 -0.093774 -0.142107 -0.985399 -0.800059 0.559910 -0.215421 -0.717456 0.666608 -0.202214 -0.850777 0.502898 -0.152549 -0.895219 0.415798 -0.160298 -0.898178 0.388156 -0.206425 -0.946137 0.285793 -0.152142 
						-0.972610 0.196934 -0.123475 -0.985407 0.144203 -0.090435 -1.000000 0.000000 0.000001 -1.000000 0.000000 0.000000 -0.972613 -0.196909 0.123495 -0.985408 -0.144184 0.090459 -0.898180 -0.388147 0.206430 -0.946139 -0.285785 0.152148 -0.800063 -0.559903 0.215426 -0.895221 -0.415792 0.160304 -0.717461 -0.666602 0.202217 -0.850781 -0.502890 0.152554 -0.093810 0.142080 0.985400 -0.000002 0.000001 1.000000 0.093783 -0.142095 0.985400 0.587783 0.000000 0.809019 0.309017 0.000000 0.951057 0.298216 0.047648 0.953308 0.564560 0.105998 0.818558 0.809017 0.000000 0.587785 0.776058 0.161219 0.609707 -0.951057 -0.000000 -0.309016 -0.809017 -0.000000 -0.587785 -0.818015 0.094991 -0.567299 -0.953308 0.047643 -0.298218 -1.000000 -0.000000 -0.000000 -1.000000 -0.000000 -0.000000 -0.951057 0.000000 0.309016 -0.953308 -0.047649 0.298216 -0.809017 0.000000 0.587786 -0.818016 -0.094984 0.567299 0.587782 0.000000 -0.809019 0.809017 0.000000 -0.587786 0.776059 -0.161218 -0.609706 0.564561 -0.105999 -0.818557 0.309017 0.000000 -0.951057 0.298219 -0.047644 -0.953308 0.000000 0.000000 -1.000000 0.000000 0.000000 -1.000000 -0.309017 0.000000 -0.951056 -0.298217 0.047650 -0.953308 -0.587791 0.000004 -0.809013 -0.564559 0.106001 -0.818558 -0.809021 0.000000 -0.587779 -0.776058 0.161217 -0.609707 -0.951056 0.000000 -0.309017 -0.809021 0.000000 -0.587779 -0.818016 -0.094993 -0.567297 -0.953308 -0.047650 -0.298217 -1.000000 0.000000 0.000001 -1.000000 0.000000 0.000001 -0.951055 0.000000 0.309021 -0.953308 0.047644 0.298218 -0.809013 0.000000 0.587791 -0.818016 0.094994 0.567297 -0.587787 0.000000 0.809016 -0.809013 0.000000 0.587791 -0.776061 -0.161210 0.609706 -0.564558 -0.106006 0.818558 -0.309023 0.000000 0.951055 -0.298218 -0.047644 0.953308 0.000000 0.000000 1.000000 -0.000002 -0.000000 1.000000 0.329521 0.052683 0.942677 
						0.561175 0.105626 0.820930 0.772055 0.158771 0.615404 -0.787570 0.101255 -0.607849 -0.961107 0.043449 -0.272737 -0.999702 -0.003673 0.024149 -0.957832 -0.045410 0.283719 -0.828674 -0.091723 0.552165 0.811818 -0.167301 -0.559430 0.550961 -0.103260 -0.828118 0.283720 -0.045404 -0.957832 0.024149 -0.003673 -0.999702 -0.272737 0.043456 -0.961107 -0.606479 0.113300 -0.786985 -0.807549 0.167083 -0.565639 -0.821628 -0.093829 -0.562249 -0.942677 -0.052684 -0.329520 -0.999383 -0.005260 -0.034738 -0.939370 0.053874 0.338647 -0.792988 0.100518 0.600888 -0.780058 -0.161076 0.604618 -0.599703 -0.112615 0.792259 -0.338646 -0.053873 0.939370 0.034738 0.005259 0.999383 0.595198 0.000000 0.803579 0.300268 0.000000 0.953855 0.354184 0.000000 0.935176 0.548396 0.000000 0.836219 0.818438 0.000000 0.574595 0.784218 0.000000 0.620485 -0.945925 -0.000000 -0.324384 -0.818438 -0.000000 -0.574595 -0.784218 -0.000000 -0.620485 -0.962937 -0.000000 -0.269726 -0.999958 -0.000000 -0.009189 -0.998854 0.000000 0.047859 -0.948177 0.000000 0.317741 -0.964756 0.000000 0.263146 -0.799392 0.000000 0.600809 -0.832461 0.000000 0.554084 0.600826 0.000000 -0.799380 0.799392 0.000000 -0.600809 0.832461 0.000000 -0.554084 0.554099 0.000000 -0.832451 0.317744 0.000000 -0.948177 0.263146 0.000000 -0.964756 -0.009189 0.000000 -0.999958 0.047860 0.000000 -0.998854 -0.324385 -0.000000 -0.945925 -0.269728 0.000000 -0.962937 -0.574596 -0.000012 -0.818437 -0.620490 -0.000012 -0.784214 -0.803583 -0.000000 -0.595193 -0.836222 -0.000000 -0.548392 -0.953855 0.000002 -0.300266 -0.803583 0.000000 -0.595193 -0.836222 -0.000000 -0.548392 -0.935177 0.000002 -0.354182 -0.999869 0.000000 0.016206 -0.999158 0.000000 -0.041034 -0.955940 0.000000 0.293562 -0.937576 0.000000 0.347779 -0.814386 0.000000 0.580324 -0.779959 0.000000 0.625831 -0.580325 0.000000 0.814385 
						-0.814386 0.000000 0.580324 -0.779959 0.000000 0.625831 -0.625828 0.000000 0.779961 -0.293566 0.000000 0.955939 -0.347784 0.000000 0.937575 -0.016205 0.000000 0.999869 0.041035 0.000000 0.999158 0.521979 -0.166573 0.836535 0.254373 -0.071338 0.964471 0.210146 -0.147869 0.966423 0.375676 -0.312662 0.872416 0.721570 -0.258167 0.642407 0.493161 -0.460163 0.738269 0.353714 -0.801593 0.482011 0.436519 -0.634405 0.637951 0.382811 -0.556349 0.737517 0.320706 -0.722926 0.611985 -0.000583 -0.884798 0.465975 0.000001 -0.831531 0.555479 -0.339036 -0.767133 0.544575 -0.320706 -0.722926 0.611985 -0.428918 -0.623356 0.653801 -0.382812 -0.556348 0.737517 0.529004 0.175553 -0.830263 0.704544 0.252910 -0.663065 0.493161 0.460164 -0.738269 0.375676 0.312661 -0.872416 0.285502 0.080031 -0.955031 0.210148 0.147869 -0.966422 -0.016309 -0.004384 -0.999857 -0.000000 0.000000 -1.000000 -0.288100 -0.083949 -0.953914 -0.210148 -0.147869 -0.966423 -0.507028 -0.168517 -0.845296 -0.375677 -0.312662 -0.872416 -0.691859 -0.239981 -0.680984 -0.493163 -0.460163 -0.738268 0.343280 0.774752 0.530960 0.406508 0.590788 0.696937 0.382813 0.556349 0.737517 0.320706 0.722926 0.611985 0.000627 0.919870 0.392222 -0.000002 0.831531 0.555479 -0.357147 0.807067 0.470200 -0.320707 0.722925 0.611985 -0.416112 0.604746 0.679068 -0.382811 0.556350 0.737516 -0.495119 0.158168 0.854307 -0.713305 0.246034 0.656250 -0.493159 0.460167 0.738269 -0.375675 0.312664 0.872416 -0.262446 0.076526 0.961908 -0.210147 0.147868 0.966423 -0.013471 0.003764 0.999902 -0.000001 0.000000 1.000000 0.132939 -0.273024 0.952778 0.076346 -0.140254 0.987168 0.076346 -0.140254 0.987168 0.132939 -0.273024 0.952778 0.139053 -0.394157 0.908463 0.139053 -0.394157 0.908463 0.089370 -0.483153 0.870963 0.089370 -0.483153 0.870963 0.000001 -0.516633 0.856207 
						0.000001 -0.516633 0.856207 -0.089371 -0.483152 0.870963 -0.089371 -0.483152 0.870963 -0.139053 -0.394158 0.908462 -0.139054 -0.394158 0.908462 -0.132939 -0.273025 0.952777 -0.132939 -0.273025 0.952777 -0.076346 -0.140255 0.987168 -0.076346 -0.140255 0.987168 0.000001 -0.000000 -1.000000 0.082498 0.136724 -0.987168 0.082498 0.136724 -0.987168 -0.000000 0.000000 -1.000000 -0.082495 -0.136727 -0.987168 -0.082496 -0.136726 -0.987168 0.132940 0.273025 0.952777 0.076345 0.140256 0.987168 0.076344 0.140257 0.987168 0.132940 0.273025 0.952777 0.139053 0.394158 0.908462 0.139053 0.394158 0.908462 0.089371 0.483155 0.870962 0.089370 0.483155 0.870962 -0.000001 0.516635 0.856206 -0.000001 0.516635 0.856206 -0.089371 0.483153 0.870963 -0.089371 0.483153 0.870963 -0.139052 0.394159 0.908462 -0.139052 0.394159 0.908462 -0.132939 0.273023 0.952778 -0.132940 0.273023 0.952778 -0.076342 0.140256 0.987168 -0.076344 0.140255 0.987168 -0.000001 0.000001 1.000000 -0.082495 0.136725 0.987168 -0.082492 0.136726 0.987168 -0.000001 0.000001 1.000000 0.082501 -0.136721 0.987168 0.082500 -0.136722 0.987168 0.000000 0.000000 1.000000 0.000000 0.000000 1.000000 -0.000000 0.000000 1.000000 0.000000 0.000000 1.000000 -0.000000 -0.000002 1.000000 -0.000000 -0.000002 1.000000 0.000001 0.000001 1.000000 0.000001 0.000001 1.000000 -0.000001 0.000001 1.000000 -0.000001 0.000001 1.000000 -0.000000 0.000000 1.000000 0.000000 0.000000 1.000000 -0.000001 0.000000 1.000000 -0.000001 0.000000 1.000000 0.000000 0.000002 1.000000 -0.000000 0.000002 1.000000 0.000000 0.000002 1.000000 0.000000 0.000002 1.000000 -0.000000 0.000000 1.000000 0.000000 0.000000 1.000000 0.000000 0.000000 1.000000 0.000000 0.000000 1.000000 -0.000000 0.000000 1.000000 -0.000000 0.000000 1.000000 -0.000001 0.000000 1.000000 
						-0.000001 0.000000 1.000000 0.000002 -0.000002 1.000000 0.000001 -0.000002 1.000000 -0.000001 0.000000 1.000000 -0.000000 0.000000 1.000000 0.000000 0.000001 1.000000 -0.000000 0.000001 1.000000 -0.000001 0.000000 1.000000 -0.000001 0.000000 1.000000 0.000003 0.000002 1.000000 0.000001 0.000002 1.000000 -0.000001 0.000000 1.000000 0.000000 0.000000 1.000000 0.000000 0.000002 1.000000 -0.000001 0.000002 1.000000 0.587784 -0.000000 0.809018 0.309016 -0.000001 0.951057 0.284673 -0.134167 0.949189 0.527857 -0.272331 0.804489 0.809017 0.000000 0.587785 0.711343 -0.374566 0.594720 -0.951057 -0.000000 -0.309016 -0.809017 -0.000001 -0.587785 -0.809017 0.000000 -0.587785 -0.951057 -0.000000 -0.309016 -1.000000 0.000000 -0.000001 -1.000000 -0.000000 -0.000002 -0.951057 -0.000001 0.309015 -0.951057 -0.000000 0.309014 -0.809016 -0.000002 0.587786 -0.809016 -0.000001 0.587786 0.587784 -0.000000 -0.809018 0.809016 0.000001 -0.587786 0.711343 0.374564 -0.594721 0.527856 0.272331 -0.804490 0.309017 0.000000 -0.951056 0.284673 0.134171 -0.949189 0.000000 0.000000 -1.000000 -0.000000 0.000000 -1.000000 -0.309017 0.000000 -0.951056 -0.284675 -0.134164 -0.949189 -0.587785 -0.000000 -0.809017 -0.527856 -0.272335 -0.804489 -0.809017 -0.000001 -0.587786 -0.711342 -0.374568 -0.594720 -0.951057 -0.000000 -0.309015 -0.809017 -0.000000 -0.587786 -0.809017 -0.000001 -0.587785 -0.951057 -0.000000 -0.309015 -1.000000 -0.000000 0.000002 -1.000000 0.000000 0.000002 -0.951057 -0.000001 0.309017 -0.951057 -0.000000 0.309017 -0.809018 -0.000001 0.587784 -0.809018 -0.000001 0.587784 -0.587785 0.000000 0.809017 -0.809018 0.000001 0.587784 -0.711342 0.374569 0.594719 -0.527856 0.272334 0.804489 -0.309016 0.000000 0.951057 -0.284673 0.134163 0.949190 -0.000000 -0.000000 1.000000 -0.000000 -0.000000 1.000000 0.148924 -0.158381 0.976083 
						0.257686 -0.323420 0.910493 0.330007 -0.465627 0.821150 0.276680 -0.926823 0.253866 0.371881 -0.817290 0.440161 0.236519 -0.519814 0.820885 0.192112 -0.640929 0.743171 0.000000 -0.986139 0.165921 -0.000001 -0.703529 0.710666 -0.276680 -0.926824 0.253863 -0.192114 -0.640931 0.743169 -0.371888 -0.817285 0.440164 -0.236528 -0.519809 0.820885 0.330011 0.465624 -0.821150 0.257687 0.323415 -0.910494 0.148918 0.158385 -0.976083 -0.000003 0.000001 -1.000000 -0.148929 -0.158378 -0.976082 -0.257681 -0.323423 -0.910493 -0.330000 -0.465631 -0.821150 0.276680 0.926823 0.253864 0.371888 0.817284 0.440166 0.236528 0.519808 0.820886 0.192112 0.640928 0.743172 -0.000004 0.986139 0.165921 -0.000004 0.703528 0.710667 -0.276683 0.926821 0.253867 -0.192116 0.640930 0.743169 -0.371888 0.817285 0.440165 -0.236529 0.519810 0.820885 -0.330002 0.465632 0.821149 -0.257681 0.323422 0.910494 -0.148927 0.158377 0.976083 -0.000000 0.000000 1.000000 0.000000 1.000000 0.000000 0.000000 1.000000 0.000000 0.000000 1.000000 0.000000 0.000000 -1.000000 0.000000 0.000000 -1.000000 0.000000 0.000000 -1.000000 0.000000 0.000000 -1.000000 0.000000 0.000000 -1.000000 0.000000 0.000000 1.000000 0.000000 0.000000 1.000000 0.000000 0.000000 1.000000 0.000000 0.000000 1.000000 0.000000 0.000000 1.000000 0.000000 0.000000 1.000000 0.000000 0.000000 1.000000 0.000000 0.000000 1.000000 0.000000 0.000000 1.000000 0.000000 0.000000 1.000000 0.000000 0.000000 1.000000 0.000000 0.000000 1.000000 0.000000 0.000000 1.000000 0.000000 0.000000 1.000000 0.000000 0.000000 1.000000 0.000000 0.000000 1.000000 0.000000 -0.616801 0.675125 0.404677 -0.701234 0.675542 0.227844 -0.524301 0.670982 0.524301 0.227844 -0.675541 -0.701235 0.336621 -0.670982 -0.660658 0.000000 -0.675541 -0.737322 -0.227844 -0.675542 -0.701235 
						-0.336621 -0.670983 -0.660657 0.616801 0.675125 0.404676 0.524301 0.670983 0.524300 0.701234 0.675543 0.227844 0.737321 0.675543 -0.000000 0.701234 0.675543 -0.227844 0.616800 0.675126 -0.404676 0.524300 0.670984 -0.524300 0.227844 0.675545 -0.701232 0.336621 0.670984 -0.660656 -0.000000 0.675545 -0.737318 -0.227844 0.675543 -0.701234 -0.336622 0.670981 -0.660658 -0.616801 0.675125 -0.404677 -0.524301 0.670982 -0.524302 -0.701234 0.675542 -0.227844 -0.737322 0.675542 -0.000001 -0.741206 0.554963 0.377663 -0.788122 0.559722 0.256075 -0.837205 0.492346 -0.238085 -0.916367 0.351606 -0.191427 -0.944331 0.288906 -0.157393 -0.891117 0.408515 -0.197547 -0.977507 0.177496 -0.113913 -0.984928 0.145557 -0.093431 -1.000000 0.000000 0.000000 -1.000000 -0.000000 -0.000000 -0.977506 -0.177496 0.113913 -0.984928 -0.145557 0.093431 -0.916367 -0.351605 0.191428 -0.944331 -0.288905 0.157395 -0.837204 -0.492347 0.238084 -0.891117 -0.408516 0.197546 0.788121 0.559724 0.256075 0.741206 0.554963 0.377663 0.828680 0.559723 -0.000000 0.788121 0.559723 -0.256076 0.741205 0.554964 -0.377663 -0.837204 -0.492349 -0.238079 -0.916367 -0.351605 -0.191427 -0.944331 -0.288905 -0.157394 -0.891118 -0.408517 -0.197542 -0.977506 -0.177498 -0.113910 -0.984928 -0.145560 -0.093428 -1.000000 -0.000000 0.000000 -1.000000 0.000000 -0.000000 -0.977506 0.177499 0.113910 -0.984928 0.145560 0.093428 -0.916367 0.351610 0.191421 -0.944331 0.288909 0.157387 -0.837205 0.492349 0.238077 -0.891118 0.408518 0.197539 -0.788122 0.559722 -0.256076 -0.741207 0.554962 -0.377663 -0.828680 0.559722 -0.000001 0.000000 1.000000 0.000000 0.000000 1.000000 0.000000 0.485856 0.799586 -0.352995 0.571161 0.799584 -0.185580 0.000000 1.000000 0.000000 0.428016 0.795993 -0.428015 -0.809021 -0.000000 -0.587779 -0.951059 -0.000000 -0.309008 -0.951059 -0.000000 -0.309010 
						-0.809021 0.000000 -0.587779 -1.000000 -0.000000 -0.000000 -1.000000 0.000000 0.000000 -0.951059 0.000000 0.309008 -0.951058 0.000000 0.309012 -0.809021 0.000000 0.587779 -0.809019 0.000000 0.587783 0.000000 1.000000 0.000000 0.000000 1.000000 0.000000 -0.485859 0.799584 -0.352997 -0.428017 0.795991 -0.428017 0.000000 1.000000 0.000000 -0.571162 0.799583 -0.185581 0.000000 1.000000 0.000000 -0.600557 0.799582 0.000000 0.000000 1.000000 0.000000 -0.571162 0.799583 0.185581 0.000000 1.000000 0.000000 -0.485855 0.799587 0.352995 0.000000 1.000000 0.000000 -0.428014 0.795995 0.428014 -0.809021 0.000000 -0.587779 -0.951057 0.000000 -0.309015 -0.951057 -0.000000 -0.309014 -0.809021 0.000000 -0.587779 -1.000000 0.000000 -0.000000 -1.000000 0.000000 0.000000 -0.951055 0.000000 0.309022 -0.951057 -0.000000 0.309016 -0.809014 0.000000 0.587789 -0.809019 0.000000 0.587783 0.000000 1.000000 0.000000 0.000000 1.000000 0.000000 0.485862 0.799581 0.352999 0.428019 0.795990 0.428019 0.000000 1.000000 0.000000 0.571165 0.799581 0.185582 0.000000 1.000000 0.000000 0.600557 0.799582 0.000001 -0.638722 -0.760399 -0.117594 -0.738719 -0.646479 -0.190680 -0.931109 -0.349760 -0.103461 -0.903409 -0.423707 -0.065756 -0.862266 -0.469059 -0.191000 -0.964249 -0.245376 -0.100075 -0.961994 -0.246194 -0.118138 -0.990248 -0.125596 -0.060289 -1.000000 0.000000 0.000000 -1.000000 0.000001 -0.000001 -0.961990 0.246215 0.118121 -0.990248 0.125607 0.060268 -0.862267 0.469056 0.191004 -0.964249 0.245374 0.100082 -0.738717 0.646483 0.190672 -0.931109 0.349763 0.103451 -0.638723 0.760397 0.117598 -0.903410 0.423705 0.065760 -0.600557 0.799582 0.000000 -0.892604 0.450841 0.000000 -0.638724 0.760397 -0.117597 -0.903410 0.423704 -0.065760 -0.738717 0.646484 -0.190673 -0.931109 0.349763 -0.103452 -0.862267 0.469053 -0.191008 
						-0.964248 0.245374 -0.100083 -0.961990 0.246215 -0.118123 -0.990248 0.125607 -0.060269 -1.000000 0.000001 0.000001 -1.000000 -0.000000 -0.000000 -0.961993 -0.246194 0.118141 -0.990248 -0.125595 0.060292 -0.862268 -0.469055 0.191003 -0.964249 -0.245372 0.100079 -0.738717 -0.646489 0.190654 -0.931110 -0.349766 0.103432 -0.638725 -0.760397 0.117589 -0.903411 -0.423704 0.065750 -0.600557 -0.799582 0.000001 -0.892604 -0.450841 0.000000 0.309015 0.000000 0.951057 0.587785 -0.000000 0.809017 0.587785 0.000000 0.809017 0.309015 0.000000 0.951057 0.809017 0.000001 0.587786 0.809017 0.000001 0.587786 -0.809017 -0.000001 -0.587786 -0.951057 -0.000000 -0.309017 -0.951057 0.000000 -0.309017 -0.809017 -0.000001 -0.587786 -1.000000 -0.000000 -0.000000 -1.000000 -0.000000 -0.000000 -0.951057 0.000000 0.309016 -0.951057 0.000000 0.309016 -0.809019 0.000000 0.587783 -0.809019 0.000000 0.587783 0.809019 0.000000 -0.587783 0.587785 0.000000 -0.809017 0.587785 0.000000 -0.809017 0.809019 0.000000 -0.587783 0.309016 -0.000000 -0.951057 0.309016 0.000000 -0.951057 0.000000 0.000000 -1.000000 0.000000 -0.000001 -1.000000 -0.309016 -0.000017 -0.951057 -0.309016 -0.000017 -0.951057 -0.587785 -0.000001 -0.809017 -0.587785 0.000000 -0.809017 -0.809017 0.000000 -0.587786 -0.809017 0.000000 -0.587786 -0.809017 0.000000 -0.587786 -0.951056 0.000000 -0.309018 -0.951056 0.000000 -0.309018 -0.809017 0.000000 -0.587786 -1.000000 0.000000 -0.000000 -1.000000 0.000000 -0.000000 -0.951056 0.000000 0.309018 -0.951056 0.000000 0.309018 -0.809017 0.000000 0.587786 -0.809016 0.000000 0.587786 -0.809016 0.000000 0.587786 -0.587785 0.000000 0.809017 -0.587785 0.000000 0.809017 -0.809016 -0.000000 0.587786 -0.309017 0.000000 0.951057 -0.309017 0.000000 0.951057 -0.000001 0.000000 1.000000 -0.000001 0.000000 1.000000 -0.873942 0.466104 -0.137742 
						-0.873942 0.466106 -0.137734 -0.264028 0.924978 -0.273321 -0.148146 0.948425 -0.280255 -0.922617 0.350387 -0.161265 -0.922617 0.350391 -0.161258 -0.553103 0.756811 -0.348303 -0.345381 0.852509 -0.392351 -0.968852 0.214226 -0.124232 -0.968852 0.214226 -0.124232 -0.862483 0.437796 -0.253886 -0.612438 0.683848 -0.396575 -0.996353 0.071781 -0.046141 -0.996353 0.071780 -0.046144 -1.000000 -0.000000 -0.000000 -0.876429 0.405057 -0.260387 -0.996352 -0.071780 0.046144 -0.996353 -0.071798 0.046116 -0.876411 -0.405101 0.260380 -0.968849 -0.214249 0.124210 -0.968849 -0.214243 0.124220 -0.612425 -0.683865 0.396566 -0.862463 -0.437841 0.253877 -0.922617 -0.350398 0.161241 -0.922617 -0.350382 0.161277 -0.345387 -0.852503 0.392360 -0.553088 -0.756826 0.348292 -0.873941 -0.466105 0.137745 -0.873941 -0.466114 0.137716 -0.148141 -0.948431 0.280238 -0.264032 -0.924975 0.273327 0.046130 -0.071791 -0.996352 0.046144 -0.071782 -0.996352 -0.000000 -0.000000 -1.000000 0.298464 -0.138753 -0.944281 -0.046147 0.071786 -0.996352 -0.046163 0.071776 -0.996352 -0.298466 0.138737 -0.944283 -0.873941 -0.466112 -0.137717 -0.873941 -0.466105 -0.137741 -0.264032 -0.924975 -0.273326 -0.148141 -0.948430 -0.280240 -0.922617 -0.350383 -0.161277 -0.922617 -0.350398 -0.161244 -0.553090 -0.756825 -0.348292 -0.345387 -0.852504 -0.392359 -0.968852 -0.214235 -0.124216 -0.968852 -0.214229 -0.124227 -0.862478 -0.437807 -0.253884 -0.612427 -0.683864 -0.396565 -0.996352 -0.071785 -0.046138 -0.996352 -0.071781 -0.046143 -1.000000 -0.000000 0.000000 -0.876425 -0.405065 -0.260387 -0.996352 0.071781 0.046144 -0.996352 0.071776 0.046151 -0.876433 0.405045 0.260391 -0.968851 0.214224 0.124242 -0.968851 0.214229 0.124233 -0.612437 0.683849 0.396575 -0.862487 0.437785 0.253889 -0.922616 0.350393 0.161258 -0.922616 0.350384 0.161279 -0.345387 0.852503 0.392360 -0.553103 0.756810 0.348303 
						-0.873940 0.466106 0.137743 -0.873940 0.466110 0.137732 -0.148143 0.948428 0.280247 -0.264031 0.924976 0.273326 -0.046161 -0.071772 0.996352 -0.046146 -0.071781 0.996352 -0.000001 -0.000001 1.000000 -0.298465 -0.138737 0.944283 0.046144 0.071781 0.996352 0.046155 0.071774 0.996352 0.298466 0.138739 0.944283 0.587785 0.000000 0.809017 0.587785 -0.000001 0.809017 0.309017 -0.000025 0.951057 0.809017 -0.000000 0.587785 0.809017 0.000000 0.587786 -0.809017 -0.000000 -0.587785 -0.951057 0.000000 -0.309016 -0.951057 -0.000000 -0.309016 -0.809017 -0.000000 -0.587786 -1.000000 0.000000 0.000000 -1.000000 -0.000000 -0.000000 -0.951057 0.000000 0.309017 -0.951057 0.000000 0.309016 -0.809016 0.000000 0.587786 -0.809017 0.000000 0.587785 0.809016 -0.000000 -0.587786 0.587785 0.000000 -0.809017 0.587786 0.000000 -0.809017 0.809017 0.000000 -0.587785 0.309017 0.000000 -0.951057 0.000000 -0.000011 -1.000000 -0.309017 -0.000000 -0.951056 -0.587786 0.000000 -0.809017 -0.587786 -0.000003 -0.809016 -0.809017 0.000000 -0.587785 -0.809017 -0.000000 -0.587785 -0.809017 -0.000000 -0.587785 -0.951057 0.000000 -0.309017 -0.951056 0.000000 -0.309017 -0.809017 0.000000 -0.587785 -1.000000 -0.000000 0.000000 -1.000000 0.000000 0.000000 -0.951056 0.000000 0.309017 -0.951056 0.000000 0.309017 -0.809017 -0.000000 0.587786 -0.809017 0.000000 0.587785 -0.809017 0.000000 0.587786 -0.587785 0.000000 0.809017 -0.587785 0.000002 0.809017 -0.809017 0.000000 0.587785 -0.309017 0.000000 0.951057 -0.000001 0.000003 1.000000 0.587779 0.000000 0.809021 0.256831 -0.085517 0.962665 0.809015 0.000000 0.587789 -0.951057 -0.000000 -0.309016 -0.809015 -0.000000 -0.587789 -1.000000 -0.000000 0.000000 -0.951057 0.000000 0.309016 -0.809017 0.000000 0.587785 0.587785 -0.000000 -0.809017 0.809017 -0.000000 -0.587785 0.256839 0.085507 -0.962664 
						0.000005 -0.000011 -1.000000 -0.256851 -0.085486 -0.962663 -0.587780 -0.000007 -0.809021 -0.809016 0.000000 -0.587786 -0.951056 0.000000 -0.309018 -0.809016 0.000000 -0.587786 -1.000000 0.000000 -0.000000 -0.951057 -0.000000 0.309016 -0.809016 -0.000000 0.587787 -0.587780 0.000004 0.809021 -0.809016 0.000000 0.587787 -0.256846 0.085500 0.962663 -0.000000 0.000004 1.000000 -0.584538 -0.776424 -0.235543 -0.699413 -0.667156 -0.256367 -0.895217 -0.415803 -0.160293 -0.850775 -0.502896 -0.152568 -0.845095 -0.472095 -0.250879 -0.946136 -0.285791 -0.152148 -0.958004 -0.242967 -0.152301 -0.985407 -0.144202 -0.090435 -1.000000 -0.000000 0.000000 -1.000000 0.000000 -0.000000 -0.958004 0.242967 0.152301 -0.985407 0.144202 0.090434 -0.845094 0.472102 0.250869 -0.946137 0.285796 0.152138 -0.699415 0.667152 0.256370 -0.895218 0.415800 0.160296 -0.584537 0.776428 0.235535 -0.850776 0.502898 0.152560 -0.000002 -0.000001 -1.000000 0.093764 0.142112 -0.985400 -0.093818 -0.142075 -0.985400 -0.584536 0.776428 -0.235534 -0.699413 0.667157 -0.256363 -0.895218 0.415804 -0.160288 -0.850776 0.502898 -0.152557 -0.845096 0.472096 -0.250877 -0.946136 0.285792 -0.152148 -0.958004 0.242963 -0.152307 -0.985407 0.144202 -0.090441 -1.000000 0.000000 0.000000 -1.000000 -0.000000 -0.000000 -0.958003 -0.242973 0.152300 -0.985407 -0.144207 0.090431 -0.845093 -0.472099 0.250877 -0.946136 -0.285794 0.152146 -0.699410 -0.667163 0.256358 -0.895217 -0.415809 0.160281 -0.584535 -0.776432 0.235525 -0.850776 -0.502900 0.152548 -0.000001 0.000004 1.000000 -0.093785 0.142103 0.985399 0.093819 -0.142073 0.985400 0.309018 0.000000 0.951056 0.587785 0.000000 0.809017 0.531427 -0.202011 0.822664 0.283659 -0.094582 0.954249 0.809017 0.000000 0.587785 0.724397 -0.294992 0.623080 -0.809017 -0.000000 -0.587785 -0.951057 -0.000000 -0.309015 -0.954250 -0.094575 -0.283659 
						-0.822923 -0.184706 -0.537290 -1.000000 -0.000000 -0.000000 -1.000000 0.000000 0.000000 -0.951057 0.000000 0.309016 -0.954250 0.094576 0.283659 -0.809018 0.000001 0.587784 -0.822922 0.184713 0.537290 0.809018 0.000020 -0.587784 0.587787 0.000002 -0.809016 0.531425 0.202016 -0.822664 0.724393 0.294998 -0.623082 0.309018 0.000000 -0.951056 0.283661 0.094577 -0.954249 -0.000000 0.000000 -1.000000 0.000000 -0.000000 -1.000000 -0.309018 0.000000 -0.951056 -0.283662 -0.094577 -0.954249 -0.587787 0.000000 -0.809016 -0.531426 -0.202017 -0.822663 -0.809018 0.000000 -0.587784 -0.724392 -0.295001 -0.623082 -0.809018 0.000000 -0.587784 -0.951057 0.000000 -0.309016 -0.954249 0.094581 -0.283659 -0.822922 0.184714 -0.537289 -1.000000 0.000000 0.000000 -1.000000 0.000000 -0.000000 -0.951056 0.000000 0.309018 -0.954249 -0.094581 0.283660 -0.809016 0.000001 0.587786 -0.822921 -0.184719 0.537289 -0.809016 0.000001 0.587786 -0.587786 0.000000 0.809017 -0.531425 0.202015 0.822665 -0.724390 0.295004 0.623082 -0.309017 0.000000 0.951057 -0.283659 0.094580 0.954250 -0.000001 0.000000 1.000000 -0.000001 -0.000001 1.000000 0.371824 -0.313875 0.873630 0.208212 -0.148619 0.966726 0.487709 -0.461612 0.740982 -0.966726 -0.148610 -0.208219 -0.873341 -0.292551 -0.389473 -1.000000 -0.000000 0.000001 -0.966726 0.148612 0.208219 -0.873339 0.292563 0.389468 0.371816 0.313882 -0.873631 0.487705 0.461609 -0.740986 0.208220 0.148613 -0.966726 0.000000 0.000001 -1.000000 -0.208220 -0.148614 -0.966726 -0.371817 -0.313885 -0.873629 -0.487691 -0.461621 -0.740988 -0.966725 0.148621 -0.208216 -0.873339 0.292565 -0.389467 -1.000000 -0.000000 -0.000000 -0.966726 -0.148621 0.208214 -0.873339 -0.292574 0.389460 -0.371819 0.313880 0.873630 -0.487687 0.461628 0.740987 -0.208215 0.148618 0.966726 -0.000002 -0.000002 1.000000 0.309017 0.000004 0.951057 
						0.587785 -0.000001 0.809017 0.548235 -0.260953 0.794570 0.295689 -0.126410 0.946883 0.809016 -0.000001 0.587786 0.734668 -0.361597 0.574030 -0.809016 0.000001 -0.587786 -0.951057 0.000000 -0.309016 -0.946881 -0.126437 -0.295684 -0.798110 -0.238466 -0.553312 -1.000000 -0.000000 0.000000 -1.000000 -0.000000 -0.000000 -0.951057 0.000000 0.309016 -0.946884 0.126410 0.295687 -0.809017 -0.000001 0.587785 -0.798112 0.238455 0.553313 0.809017 0.000001 -0.587785 0.587785 0.000003 -0.809017 0.548243 0.260924 -0.794575 0.734682 0.361562 -0.574035 0.309015 -0.000001 -0.951057 0.295685 0.126443 -0.946880 -0.000000 -0.000000 -1.000000 0.000001 0.000001 -1.000000 -0.309016 0.000002 -0.951057 -0.295685 -0.126439 -0.946881 -0.587786 0.000000 -0.809017 -0.548242 -0.260927 -0.794574 -0.809019 0.000005 -0.587782 -0.734678 -0.361577 -0.574030 -0.809019 -0.000004 -0.587782 -0.951057 0.000002 -0.309017 -0.946883 0.126415 -0.295687 -0.798114 0.238457 -0.553311 -1.000000 0.000000 0.000000 -1.000000 -0.000000 0.000000 -0.951056 -0.000002 0.309018 -0.946883 -0.126415 0.295687 -0.809017 -0.000000 0.587785 -0.798112 -0.238462 0.553311 -0.809017 0.000000 0.587785 -0.587786 0.000000 0.809017 -0.548237 0.260942 0.794572 -0.734683 0.361557 0.574036 -0.309019 0.000000 0.951056 -0.295690 0.126413 0.946883 -0.000002 0.000002 1.000000 -0.000001 0.000002 1.000000 0.308217 -0.325368 0.893945 0.175692 -0.156995 0.971846 0.398858 -0.472808 0.785726 -0.971846 -0.157030 -0.175662 -0.893679 -0.307433 -0.326837 -1.000000 -0.000001 -0.000001 -0.971846 0.156996 0.175692 -0.893681 0.307412 0.326853 0.308266 0.325342 -0.893938 0.398918 0.472766 -0.785720 0.175670 0.157047 -0.971842 0.000004 0.000002 -1.000000 -0.175665 -0.157035 -0.971844 -0.308255 -0.325339 -0.893943 -0.398888 -0.472785 -0.785724 -0.971847 0.156998 -0.175687 -0.893682 0.307414 -0.326847 
						-1.000000 0.000000 -0.000001 -0.971848 -0.156994 0.175684 -0.893682 -0.307421 0.326842 -0.308231 0.325346 0.893948 -0.398924 0.472753 0.785725 -0.175691 0.156998 0.971846 -0.000001 0.000001 1.000000 0.309018 -0.000009 0.951056 0.587786 -0.000001 0.809017 0.549790 0.177608 0.816203 0.278439 0.145169 0.949419 0.809016 0.000013 0.587786 0.809015 0.000016 0.587789 -0.809016 0.000001 -0.587786 -0.951057 0.000001 -0.309015 -0.951057 0.000001 -0.309015 -0.809017 0.000001 -0.587786 -1.000000 -0.000000 0.000000 -1.000000 0.000000 0.000000 -0.951057 0.000000 0.309016 -0.951057 0.000000 0.309017 -0.809016 -0.000000 0.587787 -0.809016 -0.000000 0.587787 0.809016 0.000000 -0.587787 0.587784 0.000002 -0.809018 0.549790 -0.177605 -0.816203 0.809016 0.000001 -0.587787 0.309017 0.000000 -0.951057 0.278435 -0.145186 -0.949418 0.000000 0.000000 -1.000000 0.000000 -0.000001 -1.000000 -0.309016 -0.000002 -0.951057 -0.278438 0.145171 -0.949419 -0.587785 -0.000001 -0.809017 -0.549792 0.177603 -0.816202 -0.809017 0.000000 -0.587786 -0.809016 0.000000 -0.587786 -0.809017 0.000000 -0.587786 -0.951057 -0.000000 -0.309016 -0.951056 -0.000001 -0.309017 -0.809016 -0.000000 -0.587786 -1.000000 0.000000 0.000000 -1.000000 0.000000 0.000000 -0.951056 0.000001 0.309017 -0.951057 0.000000 0.309017 -0.809017 -0.000002 0.587785 -0.809017 -0.000003 0.587785 -0.809017 -0.000020 0.587785 -0.587785 -0.000001 0.809017 -0.549791 -0.177602 0.816203 -0.809015 -0.000016 0.587787 -0.309016 0.000000 0.951057 -0.278436 -0.145174 0.949420 -0.000002 -0.000003 1.000000 -0.000001 -0.000003 1.000000 0.236579 0.303455 0.923009 0.128222 0.156163 0.979373 -0.370387 -0.598606 -0.710270 -0.393585 -0.785760 -0.477150 -0.237736 -0.472572 -0.848621 -0.202502 -0.327266 -0.922979 -0.243749 -0.930948 -0.271886 -0.158093 -0.601448 -0.783113 -0.000000 -0.981171 -0.193143 
						-0.000000 -0.653872 -0.756605 0.243750 -0.930947 -0.271888 0.158094 -0.601442 -0.783118 0.393575 -0.785768 -0.477146 0.237722 -0.472576 -0.848622 0.370378 -0.598621 -0.710263 0.202492 -0.327281 -0.922976 0.128209 -0.156179 -0.979373 0.236583 -0.303460 -0.923006 0.000000 -0.000001 -1.000000 -0.128226 0.156164 -0.979373 -0.236597 0.303453 -0.923005 -0.370384 0.598614 -0.710266 -0.393585 0.785760 -0.477150 -0.237734 0.472567 -0.848624 -0.202501 0.327277 -0.922975 -0.243752 0.930946 -0.271891 -0.158097 0.601434 -0.783124 0.000000 0.981170 -0.193148 0.000001 0.653870 -0.756607 0.243752 0.930946 -0.271891 0.158100 0.601444 -0.783115 0.393584 0.785761 -0.477149 0.237735 0.472571 -0.848622 0.370384 0.598611 -0.710268 0.202498 0.327271 -0.922978 -0.128222 -0.156164 0.979373 -0.236593 -0.303448 0.923008 -0.000000 -0.000001 1.000000 0.138608 0.157647 0.977720 0.256224 0.306845 0.916622 0.256226 0.306843 0.916622 0.138607 0.157647 0.977720 -0.220872 -0.333300 -0.916584 -0.260454 -0.483935 -0.835447 -0.260454 -0.483935 -0.835447 -0.220873 -0.333299 -0.916584 -0.174740 -0.621981 -0.763286 -0.174739 -0.621981 -0.763286 0.000001 -0.679306 -0.733855 0.000001 -0.679306 -0.733855 0.174739 -0.621981 -0.763286 0.174739 -0.621982 -0.763286 0.260454 -0.483934 -0.835447 0.260454 -0.483934 -0.835447 0.220876 -0.333297 -0.916584 0.220875 -0.333297 -0.916585 0.256225 -0.306844 -0.916622 0.138616 -0.157640 -0.977719 0.138616 -0.157639 -0.977719 0.256226 -0.306844 -0.916622 -0.000000 -0.000000 -1.000000 0.000001 0.000001 -1.000000 -0.138612 0.157643 -0.977719 -0.138612 0.157644 -0.977719 -0.256226 0.306846 -0.916621 -0.256226 0.306845 -0.916621 -0.220876 0.333298 -0.916584 -0.260454 0.483939 -0.835444 -0.260454 0.483939 -0.835444 -0.220876 0.333298 -0.916584 -0.174739 0.621984 -0.763283 -0.174739 0.621984 -0.763283 0.000000 0.679306 -0.733855 
						0.000000 0.679306 -0.733855 0.174738 0.621981 -0.763286 0.174738 0.621981 -0.763286 0.260451 0.483936 -0.835447 0.260452 0.483936 -0.835447 0.220874 0.333297 -0.916585 0.220875 0.333296 -0.916585 -0.256221 -0.306846 0.916622 -0.138615 -0.157642 0.977719 -0.138616 -0.157641 0.977719 -0.256222 -0.306846 0.916622 -0.000000 -0.000001 1.000000 -0.000002 0.000000 1.000000 -0.000006 -0.000004 -1.000000 -0.000009 -0.000004 -1.000000 -0.000009 -0.000004 -1.000000 -0.000007 -0.000004 -1.000000 -0.000004 0.000006 -1.000000 -0.000003 0.000006 -1.000000 0.000004 0.000008 -1.000000 0.000005 0.000008 -1.000000 0.000000 0.000008 -1.000000 -0.000000 0.000008 -1.000000 -0.000001 0.000000 -1.000000 -0.000001 0.000000 -1.000000 -0.000000 0.000002 -1.000000 -0.000000 0.000002 -1.000000 0.000002 0.000006 -1.000000 0.000002 0.000006 -1.000000 0.000004 -0.000006 -1.000000 -0.000006 -0.000006 -1.000000 -0.000007 -0.000006 -1.000000 0.000003 -0.000006 -1.000000 -0.000001 0.000000 -1.000000 0.000000 0.000000 -1.000000 0.000003 0.000000 -1.000000 0.000003 0.000000 -1.000000 0.000008 0.000006 -1.000000 0.000008 0.000006 -1.000000 0.000007 -0.000006 -1.000000 -0.000001 -0.000006 -1.000000 -0.000002 -0.000006 -1.000000 0.000006 -0.000006 -1.000000 -0.000000 0.000006 -1.000000 0.000000 0.000006 -1.000000 0.000000 0.000006 -1.000000 -0.000000 0.000006 -1.000000 0.000000 -0.000011 -1.000000 0.000000 -0.000011 -1.000000 0.000000 -0.000011 -1.000000 0.000000 -0.000011 -1.000000 -0.000000 0.000001 -1.000000 -0.000000 0.000001 -1.000000 -0.000000 0.000001 -1.000000 -0.000000 0.000001 -1.000000 0.000002 -0.000004 -1.000000 0.000002 -0.000004 -1.000000 -0.000002 0.000000 -1.000000 -0.000003 0.000000 -1.000000 0.000006 0.000002 -1.000000 0.000007 0.000002 -1.000000 0.000001 0.000000 -1.000000 -0.000000 0.000000 -1.000000 0.309018 0.000000 0.951056 
						0.587778 0.000000 0.809022 0.587785 -0.000000 0.809017 0.309016 0.000000 0.951057 0.809014 0.000000 0.587789 0.809020 -0.000000 0.587781 -0.809014 -0.000000 -0.587789 -0.951059 -0.000000 -0.309011 -0.951058 0.000000 -0.309012 -0.809020 0.000000 -0.587781 -1.000000 -0.000000 -0.000000 -1.000000 -0.000000 -0.000001 -0.951058 0.000000 0.309012 -0.951057 0.000000 0.309017 -0.809018 0.000000 0.587784 -0.809017 -0.000000 0.587785 0.809018 0.000000 -0.587784 0.587786 0.000000 -0.809016 0.587784 -0.000000 -0.809018 0.809017 0.000000 -0.587785 0.309018 0.000000 -0.951056 0.309011 0.000000 -0.951058 0.000000 0.000000 -1.000000 0.000000 -0.000000 -1.000000 -0.309019 -0.000008 -0.951056 -0.309005 -0.000008 -0.951060 -0.587787 -0.000000 -0.809016 -0.587784 0.000000 -0.809018 -0.809019 0.000000 -0.587783 -0.809020 0.000000 -0.587781 -0.809019 0.000000 -0.587783 -0.951059 0.000000 -0.309011 -0.951058 0.000000 -0.309013 -0.809020 0.000000 -0.587781 -1.000000 0.000000 0.000000 -1.000000 0.000000 0.000000 -0.951056 0.000000 0.309018 -0.951055 0.000000 0.309021 -0.809018 0.000004 0.587783 -0.809013 0.000004 0.587791 -0.809018 0.000004 0.587783 -0.587787 0.000000 0.809016 -0.587784 -0.000000 0.809018 -0.809013 0.000004 0.587791 -0.309018 0.000000 0.951056 -0.309019 -0.000000 0.951056 -0.000000 0.000000 1.000000 -0.000002 -0.000000 1.000000 0.100928 -0.208604 0.972778 0.165452 -0.402943 0.900146 0.101395 -0.246665 0.963782 0.061079 -0.126202 0.990122 0.168143 -0.565310 0.807560 0.104854 -0.351779 0.930192 0.105273 -0.674950 0.730315 0.066689 -0.426327 0.902107 -0.000000 -0.713900 0.700248 -0.000000 -0.453710 0.891149 -0.105274 -0.674945 0.730320 -0.066689 -0.426318 0.902112 -0.168142 -0.565307 0.807562 -0.104853 -0.351770 0.930196 -0.165472 -0.402927 0.900149 -0.101416 -0.246649 0.963784 -0.100921 -0.208606 0.972779 
						-0.061070 -0.126201 0.990123 0.000000 -0.000000 1.000000 -0.000001 0.000000 1.000000 0.100912 0.208616 0.972778 0.061061 0.126207 0.990123 0.165471 0.402927 0.900150 0.101416 0.246649 0.963784 0.168151 0.565305 0.807562 0.104862 0.351770 0.930194 0.105276 0.674948 0.730316 0.066692 0.426325 0.902108 0.000000 0.713894 0.700253 0.000000 0.453709 0.891150 -0.105275 0.674938 0.730326 -0.066691 0.426315 0.902113 -0.168144 0.565302 0.807565 -0.104853 0.351762 0.930198 -0.165461 0.402935 0.900148 -0.101404 0.246654 0.963784 -0.100914 0.208621 0.972776 -0.061062 0.126212 0.990122 0.000000 0.000002 1.000000 -0.000001 0.000001 1.000000 -0.224739 -0.141185 -0.964136 -0.405127 -0.301215 -0.863216 -0.405127 -0.301216 -0.863215 -0.224739 -0.141185 -0.964136 -0.481915 -0.500594 -0.719141 -0.481915 -0.500594 -0.719141 -0.361090 -0.732750 -0.576794 -0.361090 -0.732750 -0.576794 -0.000002 -0.858870 -0.512194 -0.000003 -0.858870 -0.512194 0.361090 -0.732749 -0.576795 0.361091 -0.732749 -0.576795 0.481913 -0.500596 -0.719141 0.481913 -0.500596 -0.719141 0.405124 -0.301218 -0.863216 0.405125 -0.301217 -0.863216 0.224738 -0.141185 -0.964137 0.224738 -0.141185 -0.964137 0.000001 0.000001 -1.000000 -0.000000 -0.000000 -1.000000 -0.224737 0.141188 -0.964137 -0.224737 0.141187 -0.964137 -0.405129 0.301212 -0.863216 -0.405129 0.301213 -0.863216 -0.481912 0.500597 -0.719141 -0.481912 0.500598 -0.719141 -0.361091 0.732749 -0.576795 -0.361092 0.732748 -0.576795 0.000000 0.858870 -0.512194 0.000000 0.858870 -0.512194 0.361092 0.732750 -0.576793 0.361092 0.732750 -0.576793 0.481914 0.500598 -0.719139 0.481914 0.500597 -0.719139 0.405127 0.301215 -0.863216 0.405128 0.301214 -0.863216 0.224739 0.141184 -0.964137 0.224738 0.141184 -0.964137 0.000002 -0.000000 -1.000000 0.000001 0.000001 -1.000000 -0.004141 -0.036436 -0.999327 
						-0.006711 -0.069427 -0.997564 -0.006711 -0.069427 -0.997564 -0.004140 -0.036436 -0.999327 -0.006725 -0.095764 -0.995381 -0.006725 -0.095764 -0.995381 -0.004163 -0.112778 -0.993612 -0.004163 -0.112778 -0.993612 -0.000000 -0.118663 -0.992935 -0.000000 -0.118663 -0.992935 0.004165 -0.112778 -0.993611 0.004165 -0.112778 -0.993611 0.006726 -0.095764 -0.995381 0.006726 -0.095764 -0.995381 0.006712 -0.069424 -0.997565 0.006711 -0.069424 -0.997565 0.004139 -0.036434 -0.999328 0.004139 -0.036434 -0.999327 -0.000001 -0.000000 -1.000000 -0.000000 -0.000000 -1.000000 -0.004142 0.036437 -0.999327 -0.004142 0.036437 -0.999327 -0.006712 0.069428 -0.997564 -0.006712 0.069428 -0.997564 -0.006725 0.095764 -0.995381 -0.006724 0.095764 -0.995381 -0.004163 0.112778 -0.993612 -0.004163 0.112778 -0.993612 -0.000000 0.118662 -0.992935 -0.000001 0.118662 -0.992935 0.004164 0.112776 -0.993612 0.004164 0.112776 -0.993612 0.006725 0.095762 -0.995382 0.006725 0.095762 -0.995382 0.006711 0.069424 -0.997565 0.006710 0.069424 -0.997565 0.004138 0.036435 -0.999327 0.004139 0.036435 -0.999328 -0.000001 0.000000 -1.000000 0.000000 -0.000000 -1.000000 0.453992 0.000000 0.891006 0.453992 -0.000001 0.891006 0.438652 0.074224 0.895586 0.438652 0.074227 0.895586 0.706239 0.028566 0.707397 0.706239 0.028566 0.707397 0.676812 0.150745 0.720557 0.676812 0.150743 0.720556 -0.891005 0.000002 -0.453993 -0.891005 0.000000 -0.453993 -0.895588 0.074223 -0.438650 -0.895588 0.074223 -0.438650 0.004472 -0.999591 -0.028233 0.004472 -0.999591 -0.028233 0.031441 -0.979594 -0.198512 0.031441 -0.979594 -0.198512 -0.000001 -1.000000 -0.000004 -0.000001 -1.000000 -0.000004 -0.032469 -0.978222 -0.205004 -0.032469 -0.978222 -0.205004 -0.012979 -0.999591 -0.025472 -0.012979 -0.999591 -0.025472 -0.091247 -0.979594 -0.179082 -0.091247 -0.979594 -0.179081 0.707104 -0.000018 -0.707109 
						0.707104 -0.000004 -0.707109 0.678276 -0.142137 -0.720929 0.678275 -0.142143 -0.720929 0.025470 0.999591 0.012978 0.025470 0.999591 0.012978 0.179081 0.979594 0.091246 0.179081 0.979594 0.091246 0.000000 1.000000 0.000000 0.000000 1.000000 0.000000 0.205003 0.978223 0.032469 0.205002 0.978223 0.032469 0.028233 0.999591 -0.004472 0.028233 0.999591 -0.004472 0.198512 0.979594 -0.031441 0.198511 0.979594 -0.031441 -0.453990 0.000001 -0.891007 -0.453990 -0.000002 -0.891007 -0.438649 0.074222 -0.895588 -0.438649 0.074225 -0.895588 -0.706239 0.028565 -0.707397 -0.706240 0.028551 -0.707397 -0.676816 0.150738 -0.720554 -0.676814 0.150746 -0.720554 -0.891006 -0.000001 -0.453991 -0.891006 -0.000001 -0.453991 -0.895588 -0.074225 -0.438649 -0.895588 -0.074227 -0.438649 0.004472 0.999591 -0.028236 0.004472 0.999591 -0.028236 0.031441 0.979594 -0.198513 0.031441 0.979594 -0.198513 -0.000001 1.000000 -0.000004 -0.000001 1.000000 -0.000004 -0.032469 0.978223 -0.205004 -0.032469 0.978223 -0.205004 -0.012978 0.999591 -0.025471 -0.012978 0.999591 -0.025471 -0.091246 0.979594 -0.179080 -0.091246 0.979594 -0.179080 -0.707105 -0.000020 0.707109 -0.707105 -0.000005 0.707109 -0.678276 -0.142138 0.720929 -0.678274 -0.142145 0.720929 -0.025471 0.999591 -0.012978 -0.025471 0.999591 -0.012978 -0.179081 0.979594 -0.091246 -0.179081 0.979594 -0.091246 -0.000003 1.000000 -0.000000 -0.000003 1.000000 -0.000000 -0.205003 0.978223 -0.032470 -0.205003 0.978223 -0.032470 -0.028231 0.999591 0.004471 -0.028231 0.999591 0.004471 -0.198511 0.979594 0.031441 -0.198511 0.979594 0.031441 0.407252 0.145728 0.901614 0.407251 0.145733 0.901615 0.621877 0.266735 0.736289 0.621880 0.266729 0.736289 -0.901616 0.145731 -0.407248 -0.901616 0.145729 -0.407248 0.045401 -0.956957 -0.286657 0.045401 -0.956957 -0.286657 -0.047519 -0.952745 -0.300030 
						-0.047519 -0.952745 -0.300030 -0.131763 -0.956956 -0.258598 -0.131763 -0.956956 -0.258598 0.614145 -0.276925 -0.739012 0.614146 -0.276923 -0.739012 0.258598 0.956957 0.131762 0.258598 0.956957 0.131762 0.300030 0.952745 0.047520 0.300030 0.952745 0.047520 0.286658 0.956957 -0.045402 0.286658 0.956957 -0.045402 -0.407249 0.145727 -0.901616 -0.407248 0.145730 -0.901616 -0.621882 0.266735 -0.736285 -0.621881 0.266736 -0.736285 -0.901616 -0.145728 -0.407249 -0.901616 -0.145732 -0.407248 0.045402 0.956956 -0.286659 0.045402 0.956956 -0.286659 -0.047520 0.952746 -0.300029 -0.047520 0.952746 -0.300029 -0.131762 0.956957 -0.258597 -0.131762 0.956957 -0.258597 -0.614145 -0.276925 0.739012 -0.614145 -0.276924 0.739012 -0.258598 0.956957 -0.131762 -0.258598 0.956957 -0.131762 -0.300029 0.952746 -0.047521 -0.300029 0.952746 -0.047521 -0.286658 0.956957 0.045402 -0.286658 0.956957 0.045402 -1.000000 0.000000 0.000001 -1.000000 0.000000 0.000001 -1.000000 -0.000000 -0.000006 -1.000000 -0.000000 -0.000005 -0.999928 -0.011988 -0.000256 -0.999928 -0.011988 -0.000256 -1.000000 -0.000000 0.000005 -1.000000 -0.000000 0.000004 -1.000000 -0.000000 0.000000 -1.000000 -0.000000 0.000000 -1.000000 -0.000000 0.000004 -0.999996 -0.002652 -0.000081 -0.999996 -0.002652 -0.000079 -1.000000 -0.000000 0.000000 -1.000000 0.000000 0.000000 -1.000000 0.000000 0.000000 -1.000000 0.000000 0.000001 -0.999970 0.007696 0.000208 -0.999970 0.007696 0.000206 -1.000000 0.000000 0.000006 -1.000000 0.000000 0.000001 -1.000000 0.000000 0.000001 -1.000000 0.000000 -0.000007 -1.000000 0.000000 -0.000005 -0.999886 0.015108 0.000209 -0.999886 0.015108 0.000210 -1.000000 0.000000 -0.000014 -1.000000 0.000000 -0.000001 -1.000000 0.000000 -0.000000 -1.000000 0.000000 0.000022 -1.000000 0.000000 0.000017 -0.999860 0.016748 -0.000079 -0.999860 0.016748 -0.000079 
						-1.000000 0.000000 -0.000020 -1.000000 0.000000 -0.000015 -1.000000 0.000000 -0.000002 -1.000000 0.000000 -0.000002 -1.000000 0.000000 0.000011 -1.000000 0.000000 0.000008 -0.999928 0.011988 -0.000259 -0.999928 0.011988 -0.000259 -1.000000 0.000000 0.000005 -1.000000 -0.000000 -0.000002 -1.000000 -0.000000 -0.000002 -1.000000 -0.000000 -0.000004 -0.999996 0.002652 -0.000077 -0.999996 0.002652 -0.000077 -1.000000 0.000000 -0.000000 -1.000000 -0.000000 -0.000000 -1.000000 0.000000 0.000000 -1.000000 0.000000 0.000010 -0.999970 -0.007696 0.000208 -0.999970 -0.007696 0.000210 -1.000000 0.000000 -0.000009 -1.000000 0.000000 -0.000006 -1.000000 0.000000 0.000000 -1.000000 0.000000 0.000000 -1.000000 0.000000 -0.000008 -0.999886 -0.015108 0.000208 -0.999886 -0.015108 0.000210 -1.000000 0.000000 0.000007 -1.000000 0.000000 0.000006 -1.000000 0.000000 -0.000004 -1.000000 0.000000 -0.000004 -1.000000 0.000000 0.000000 -0.999860 -0.016748 -0.000079 -0.999860 -0.016748 -0.000079 -1.000000 0.000000 0.000000 0.209914 0.000000 0.977720 -0.071060 0.000000 0.997472 0.667607 0.000000 0.744514 0.848739 0.000000 0.528812 -0.926694 -0.000000 -0.375816 -0.848739 -0.000000 -0.528812 -0.817785 0.000000 -0.575524 -0.946291 0.000000 -0.323317 -0.994734 -0.000000 -0.102490 -0.999827 0.000000 -0.018617 -0.914376 0.000000 0.404866 -0.945139 0.000000 0.326669 -0.765204 0.000000 0.643788 -0.800064 0.000000 0.599914 0.643786 0.000000 -0.765206 0.765204 -0.000000 -0.643788 0.404864 0.000000 -0.914377 -0.102491 0.000000 -0.994734 -0.375816 -0.000000 -0.926694 -0.528811 -0.000001 -0.848740 -0.744514 0.000000 -0.667607 -0.977719 -0.000000 -0.209916 -0.744514 0.000000 -0.667607 -0.797934 0.000000 -0.602745 -0.956645 0.000000 -0.291257 -0.997472 0.000000 0.071059 -0.999886 0.000000 0.015074 -0.970611 0.000000 0.240655 -0.955607 0.000000 0.294645 
						-0.865000 0.000000 0.501772 -0.819820 0.000000 0.572621 -0.501771 0.000000 0.865000 -0.865000 0.000000 0.501772 -0.240655 -0.000001 0.970611 -0.369279 0.000002 0.929319 0.064030 0.000000 0.997948 -0.634252 0.000000 0.773126 -0.773127 0.000000 0.634252 -0.929318 0.000000 0.369280 -0.773127 0.000000 0.634252 -0.997948 0.000000 -0.064031 -0.931282 0.000000 -0.364300 -0.842119 -0.000000 -0.539292 -0.638382 -0.000000 -0.769720 -0.842119 -0.000000 -0.539292 -0.247485 0.000000 -0.968892 0.058688 0.000000 -0.998276 0.252668 0.000000 -0.967553 0.534776 0.000000 -0.844994 0.844994 0.000000 -0.534776 -0.967553 0.000000 0.252668 -0.844994 0.000000 0.534776 -0.998276 0.000000 0.058688 -0.968892 -0.000000 -0.247484 -0.769719 0.000000 -0.638382 0.539292 -0.000001 0.842119 0.769719 -0.000001 0.638382 0.364301 -0.000000 0.931281 0.199362 -0.238346 0.950498 0.199348 -0.238358 0.950498 0.199347 -0.238358 0.950498 0.199361 -0.238347 0.950498 -0.000001 0.000004 -1.000000 -0.000015 0.000004 -1.000000 -0.000015 0.000004 -1.000000 -0.000001 0.000004 -1.000000 -0.987627 -0.109760 -0.112006 -0.987631 -0.102410 -0.118734 -0.987628 -0.102066 -0.119048 -0.987629 -0.109428 -0.112311 0.127453 0.350263 -0.927940 0.168194 0.332462 -0.927998 0.170078 0.331619 -0.927956 0.129053 0.349579 -0.927976 -0.950497 -0.238335 -0.199377 -0.950497 -0.238342 -0.199368 -0.950497 -0.238343 -0.199367 -0.950497 -0.238335 -0.199376 -0.000018 -0.000001 -1.000000 0.000006 -0.000001 -1.000000 0.000008 -0.000001 -1.000000 -0.000017 -0.000001 -1.000000 -0.867268 -0.365059 -0.338494 -0.867289 -0.398537 -0.298292 -0.867186 -0.401205 -0.294996 -0.867339 -0.367199 -0.335988 0.041771 -0.070935 -0.996606 0.043980 -0.069585 -0.996606 0.044082 -0.069523 -0.996606 0.041858 -0.070882 -0.996606 -0.994252 0.078504 0.072807 -0.994252 0.078512 0.072799 -0.994252 0.078513 0.072798 
						-0.994252 0.078504 0.072807 -0.000002 -0.000000 -1.000000 -0.000003 -0.000000 -1.000000 -0.000003 -0.000000 -1.000000 -0.000002 -0.000000 -1.000000 -0.763971 0.581746 0.279141 -0.764132 0.544146 0.346420 -0.764029 0.542309 0.349516 -0.764076 0.580121 0.282217 -0.121255 -0.205919 -0.971027 -0.109601 -0.212345 -0.971029 -0.109059 -0.212643 -0.971025 -0.120799 -0.206172 -0.971031 -0.875079 0.403209 0.267694 -0.875079 0.403223 0.267672 -0.875079 0.403224 0.267670 -0.875079 0.403210 0.267693 0.000022 0.000004 -1.000000 0.000004 0.000004 -1.000000 0.000003 0.000004 -1.000000 0.000021 0.000004 -1.000000 -0.927326 0.264215 0.265061 -0.927330 0.273457 0.255501 -0.927323 0.274204 0.254724 -0.927331 0.264799 0.264459 -0.160682 0.441548 -0.882732 -0.093498 0.460435 -0.882756 -0.090366 0.461258 -0.882652 -0.158066 0.442328 -0.882814 0.072801 0.078514 -0.994251 0.072811 0.078505 -0.994251 0.072811 0.078504 -0.994251 0.072802 0.078513 -0.994251 0.000007 -0.000002 -1.000000 0.000000 -0.000002 -1.000000 0.000000 -0.000002 -1.000000 0.000006 -0.000002 -1.000000 -0.296094 -0.400314 -0.867224 -0.336621 -0.366655 -0.867324 -0.338493 -0.365056 -0.867270 -0.297943 -0.398817 -0.867280 0.000000 -0.521483 -0.853262 0.095831 -0.512312 -0.853436 0.100262 -0.511771 -0.853251 0.003753 -0.521215 -0.853417 -0.199356 -0.238354 -0.950497 -0.199352 -0.238358 -0.950497 -0.199351 -0.238359 -0.950497 -0.199356 -0.238355 -0.950497 -0.000007 0.000000 -1.000000 0.000006 0.000000 -1.000000 0.000006 0.000000 -1.000000 -0.000006 0.000000 -1.000000 -0.118508 -0.102647 -0.987633 -0.112894 -0.108782 -0.987634 -0.112438 -0.109279 -0.987631 -0.118154 -0.103034 -0.987635 0.127468 0.350253 -0.927941 0.168221 0.332447 -0.927998 0.170106 0.331603 -0.927956 0.129069 0.349569 -0.927978 -0.950498 0.238345 -0.199362 -0.950498 0.238355 -0.199350 -0.950498 0.238356 -0.199349 
						-0.950498 0.238346 -0.199361 0.000006 0.000002 -1.000000 -0.000004 0.000002 -1.000000 -0.000005 0.000002 -1.000000 0.000006 0.000002 -1.000000 -0.953380 -0.221283 0.205182 -0.953410 -0.201935 0.224125 -0.953394 -0.201027 0.225007 -0.953397 -0.220412 0.206042 0.041768 -0.070938 -0.996606 0.043979 -0.069586 -0.996606 0.044082 -0.069523 -0.996606 0.041854 -0.070885 -0.996606 -0.994251 -0.078512 0.072802 -0.994251 -0.078513 0.072801 -0.994251 -0.078513 0.072801 -0.994251 -0.078512 0.072802 -0.000000 -0.000006 -1.000000 0.000001 -0.000006 -1.000000 0.000001 -0.000006 -1.000000 -0.000000 -0.000006 -1.000000 -0.997098 0.048909 -0.058343 -0.997098 0.052769 -0.054871 -0.997097 0.053082 -0.054590 -0.997099 0.049153 -0.058124 -0.121253 -0.205930 -0.971025 -0.109616 -0.212347 -0.971027 -0.109075 -0.212644 -0.971023 -0.120798 -0.206182 -0.971029 -0.875081 -0.403207 0.267687 -0.875081 -0.403214 0.267677 -0.875081 -0.403215 0.267676 -0.875081 -0.403208 0.267687 0.000001 -0.000013 -1.000000 -0.000005 -0.000013 -1.000000 -0.000005 -0.000013 -1.000000 0.000000 -0.000013 -1.000000 0.054466 -0.053212 0.997097 0.058352 -0.048891 0.997098 0.058534 -0.048689 0.997097 0.054642 -0.053017 0.997098 -0.160690 0.441543 -0.882733 -0.093496 0.460433 -0.882757 -0.090363 0.461256 -0.882654 -0.158073 0.442324 -0.882815 -0.072801 0.078514 0.994251 -0.072812 0.078503 0.994251 -0.072813 0.078503 0.994251 -0.072802 0.078513 0.994251 0.000010 0.000000 -1.000000 0.000001 0.000000 -1.000000 0.000000 0.000000 -1.000000 0.000010 0.000000 -1.000000 -0.224597 0.201448 0.953402 -0.206644 0.219801 0.953408 -0.205182 0.221283 0.953380 -0.223470 0.202608 0.953421 0.000000 -0.521479 -0.853264 0.095837 -0.512308 -0.853437 0.100268 -0.511767 -0.853253 0.003753 -0.521211 -0.853420 -0.985308 0.168203 -0.029607 -0.985308 0.168204 -0.029603 -0.985308 0.168204 -0.029601 
						-0.985308 0.168204 -0.029605 -0.707111 -0.000003 0.707103 -0.708073 -0.029644 0.705517 -0.707793 -0.020096 0.706134 -0.707111 0.000001 0.707103 -0.705628 -0.027315 0.708056 -0.707110 -0.000000 0.707103 -0.707110 0.000003 0.707103 -0.706173 -0.019149 0.707781 -0.708674 -0.047108 0.703962 -0.708671 -0.044832 0.704114 -0.999173 -0.040622 -0.001653 -0.999173 -0.040622 -0.001653 -0.703804 -0.049502 0.708668 -0.703869 -0.048551 0.708668 -0.999286 0.036687 -0.009034 -0.999286 0.036690 -0.009024 -0.999286 0.036691 -0.009019 -0.999286 0.036688 -0.009029 -0.000001 1.000000 0.000006 0.034580 0.999386 0.005578 0.027516 0.999612 0.004377 0.000001 1.000000 -0.000003 -0.034603 0.999386 -0.005443 -0.000000 1.000000 -0.000006 -0.000001 1.000000 0.000002 -0.027528 0.999612 -0.004313 0.047650 0.998836 0.007547 0.047669 0.998836 0.007426 -0.999960 -0.008979 -0.000515 -0.999960 -0.008980 -0.000512 -0.047631 0.998835 -0.007680 -0.047650 0.998835 -0.007564 -0.993970 -0.107053 0.023738 -0.993970 -0.107052 0.023742 -0.993970 -0.107051 0.023744 -0.993970 -0.107052 0.023740 -0.453995 -0.000012 -0.891004 -0.452786 0.015136 -0.891491 -0.453173 0.010248 -0.891364 -0.453995 -0.000010 -0.891004 -0.031191 0.999386 0.015939 -0.000002 1.000000 -0.000001 0.000001 1.000000 0.000004 -0.024803 0.999612 0.012695 -0.451888 0.024003 -0.891752 -0.451952 0.022812 -0.891751 -0.999659 0.026068 0.001340 -0.999659 0.026069 0.001335 -0.043048 0.998836 0.021783 -0.042994 0.998836 0.021890 -0.023732 0.107057 0.993970 -0.023740 0.107055 0.993970 -0.023745 0.107054 0.993970 -0.023736 0.107056 0.993970 0.000010 1.000000 0.000008 0.015995 0.999386 -0.031159 0.012669 0.999612 -0.024813 0.000002 1.000000 0.000004 0.015858 -0.999386 -0.031233 -0.000001 -1.000000 -0.000002 0.000001 -1.000000 -0.000001 0.012600 -0.999612 -0.024852 0.021903 0.998836 -0.042983 
						0.021793 0.998836 -0.043039 -0.998687 0.051212 0.001336 -0.998687 0.051212 0.001340 0.022023 -0.998835 -0.042926 0.021913 -0.998835 -0.042982 0.009024 -0.036692 0.999286 0.009030 -0.036691 0.999286 0.009032 -0.036690 0.999286 0.009027 -0.036692 0.999286 0.000004 1.000000 -0.000000 -0.005378 0.999386 -0.034614 -0.004336 0.999612 -0.027525 -0.000000 1.000000 0.000001 -0.005524 -0.999386 -0.034590 0.000001 -1.000000 -0.000003 0.000001 -1.000000 -0.000003 -0.004410 -0.999612 -0.027513 -0.007546 0.998835 -0.047655 -0.007668 0.998835 -0.047635 -0.998386 0.056786 -0.000511 -0.998386 0.056786 -0.000511 -0.007414 -0.998835 -0.047672 -0.007534 -0.998836 -0.047653 -0.985308 -0.168202 -0.029607 -0.985308 -0.168202 -0.029607 -0.985308 -0.168202 -0.029607 -0.985308 -0.168202 -0.029607 -0.707102 0.000002 0.707111 -0.708069 0.029636 0.705521 -0.707788 0.020101 0.706139 -0.707102 0.000009 0.707111 0.705623 -0.027312 -0.708061 0.707105 -0.000000 -0.707108 0.707105 0.000003 -0.707108 0.706168 -0.019146 -0.707786 -0.708672 0.047099 0.703965 -0.708668 0.044827 0.704117 -0.999173 0.040622 -0.001657 -0.999173 0.040622 -0.001657 0.703799 -0.049501 -0.708672 0.703865 -0.048547 -0.708673 -0.999286 -0.036691 -0.009021 -0.999286 -0.036691 -0.009021 -0.999286 -0.036691 -0.009021 -0.999286 -0.036691 -0.009021 0.000000 1.000000 -0.000006 -0.034580 0.999386 -0.005578 -0.027517 0.999612 -0.004377 -0.000001 1.000000 0.000003 0.034603 0.999386 0.005434 0.000000 1.000000 -0.000002 0.000001 1.000000 -0.000007 0.027528 0.999612 0.004304 -0.047651 0.998836 -0.007547 -0.047670 0.998836 -0.007427 -0.999960 0.008980 -0.000506 -0.999959 0.008980 -0.000506 0.047630 0.998836 0.007680 0.047649 0.998836 0.007560 -0.993970 0.107053 0.023737 -0.993970 0.107053 0.023740 -0.993970 0.107052 0.023741 -0.993970 0.107053 0.023739 0.453990 -0.000015 0.891007 
						0.452783 0.015136 0.891492 0.453169 0.010252 0.891366 0.453990 -0.000008 0.891007 0.031191 0.999386 -0.015940 0.000003 1.000000 0.000002 0.000001 1.000000 -0.000003 0.024804 0.999612 -0.012695 0.451885 0.024007 0.891753 0.451949 0.022818 0.891752 -0.999659 -0.026069 0.001333 -0.999659 -0.026068 0.001338 0.043046 0.998836 -0.021788 0.042993 0.998835 -0.021893 -0.023741 -0.107050 0.993970 -0.023737 -0.107051 0.993970 -0.023735 -0.107051 0.993970 -0.023739 -0.107051 0.993970 -0.000005 -1.000000 -0.000005 0.015991 -0.999386 -0.031162 0.012670 -0.999612 -0.024815 -0.000002 -1.000000 -0.000004 0.015863 0.999386 -0.031228 0.000003 1.000000 0.000000 -0.000001 1.000000 -0.000002 0.012604 0.999612 -0.024848 0.021900 -0.998836 -0.042984 0.021788 -0.998836 -0.043042 -0.998687 -0.051212 0.001337 -0.998687 -0.051212 0.001341 0.022012 0.998836 -0.042929 0.021909 0.998836 -0.042981 0.009017 0.036694 0.999286 0.009023 0.036693 0.999286 0.009026 0.036692 0.999286 0.009020 0.036694 0.999286 -0.000002 -1.000000 0.000000 -0.005375 -0.999386 -0.034616 -0.004332 -0.999612 -0.027527 0.000002 -1.000000 -0.000000 -0.005521 0.999386 -0.034589 0.000002 1.000000 -0.000000 -0.000004 1.000000 0.000001 -0.004409 0.999612 -0.027511 -0.007547 -0.998835 -0.047656 -0.007673 -0.998835 -0.047636 -0.998386 -0.056786 -0.000510 -0.998386 -0.056786 -0.000510 -0.007419 0.998836 -0.047671 -0.007536 0.998836 -0.047652 0.000000 1.000000 0.000000 0.000000 1.000000 0.000000 0.000000 1.000000 0.000000 0.000000 1.000000 0.000000 0.000000 0.000000 -1.000000 0.000000 0.000000 -1.000000 0.000000 0.000000 -1.000000 0.000000 0.000000 -1.000000 0.000000 -1.000000 0.000000 0.000000 -1.000000 0.000000 0.000000 -1.000000 0.000000 0.000000 -1.000000 0.000000 0.000000 0.000000 1.000000 0.000000 0.000000 1.000000 0.000000 0.272188 0.962244 
						0.000000 0.272188 0.962244 0.000000 0.000000 1.000000 0.000000 0.000000 1.000000 0.000000 0.000000 1.000000 0.000000 0.000000 1.000000 0.000000 0.000000 -1.000000 0.000000 0.000000 -1.000000 0.000000 0.000000 -1.000000 0.000000 0.000000 -1.000000 0.000000 0.631284 0.775552 0.000000 0.631284 0.775552 0.000000 0.000000 1.000000 0.000000 0.000000 1.000000 0.000000 0.000000 -1.000000 0.000000 0.000000 -1.000000 0.000000 0.000000 -1.000000 0.000000 0.000000 -1.000000 0.000000 0.000000 1.000000 0.000000 0.000000 1.000000 0.000000 0.000000 1.000000 0.000000 0.000000 1.000000 0.000000 0.000000 1.000000 0.000000 0.000000 1.000000 0.000000 0.000000 -1.000000 0.000000 0.000000 -1.000000 0.000000 0.000000 -1.000000 0.000000 0.000000 -1.000000 -0.291296 0.073708 -0.953789 -0.547382 0.164442 -0.820568 -0.519498 0.208625 -0.828612 -0.278698 0.094592 -0.955709 -0.746434 0.250302 -0.616591 -0.704227 0.315020 -0.636259 -0.820464 -0.147024 -0.552469 -0.953788 -0.073709 -0.291298 -0.955709 -0.094596 -0.278698 -0.828464 -0.188083 -0.527515 -0.988348 -0.035531 -0.148008 -0.988813 -0.045750 -0.141971 -0.988347 -0.035534 0.148008 -0.953788 -0.073710 0.291299 -0.955708 -0.094597 0.278699 -0.988813 -0.045750 0.141972 -0.820463 -0.147030 0.552470 -0.828464 -0.188084 0.527515 0.746431 -0.250306 -0.616593 0.547387 -0.164417 -0.820569 0.519499 -0.208624 -0.828611 0.704228 -0.315018 -0.636260 0.291298 -0.073705 -0.953789 0.278698 -0.094598 -0.955709 0.000001 0.000001 -1.000000 0.000001 -0.000001 -1.000000 -0.444949 0.279605 -0.850788 -0.243920 0.129729 -0.961079 -0.593380 0.416255 -0.688936 -0.960881 -0.110790 -0.253836 -0.848970 -0.220507 -0.480235 -0.990072 -0.053789 -0.129859 -0.960881 -0.110789 0.253837 -0.990072 -0.053789 0.129860 -0.848971 -0.220501 0.480238 0.444949 -0.279610 -0.850787 0.593388 -0.416245 -0.688934 
						0.243920 -0.129733 -0.961079 0.000001 -0.000003 -1.000000 -0.356922 0.318940 -0.878000 -0.200594 0.151942 -0.967820 -0.467070 0.467048 -0.750808 -0.439087 0.585366 -0.681579 -0.368222 0.767864 -0.524212 -0.299075 0.714427 -0.632572 -0.358362 0.555858 -0.750066 -0.221583 0.857304 -0.464683 -0.176412 0.788141 -0.589672 0.221582 -0.857305 -0.464682 0.368223 -0.767863 -0.524212 0.299076 -0.714428 -0.632572 0.176411 -0.788142 -0.589671 0.439084 -0.585369 -0.681578 0.358363 -0.555858 -0.750065 0.356924 -0.318941 -0.877999 0.467078 -0.467042 -0.750806 0.200596 -0.151942 -0.967820 0.000002 0.000001 -1.000000 -0.279094 0.314734 -0.907220 -0.153158 0.159392 -0.975262 -0.374768 0.447120 -0.812178 -0.200629 0.650072 -0.732908 -0.264041 0.515987 -0.814887 -0.113696 0.701630 -0.703412 0.200625 -0.650073 -0.732909 0.113696 -0.701630 -0.703412 0.264036 -0.515990 -0.814886 0.279095 -0.314736 -0.907220 0.374786 -0.447108 -0.812176 0.153160 -0.159394 -0.975262 0.000000 -0.000002 -1.000000 -0.216296 0.280738 -0.935095 -0.111032 0.148415 -0.982672 -0.221191 0.361746 -0.905657 -0.192238 0.445437 -0.874432 -0.166769 0.311012 -0.935660 -0.125981 0.556229 -0.821424 -0.069769 0.592884 -0.802260 0.125981 -0.556229 -0.821425 0.069769 -0.592886 -0.802259 0.192237 -0.445435 -0.874433 0.221193 -0.361747 -0.905656 0.166766 -0.311014 -0.935660 0.111037 -0.148412 -0.982672 0.216296 -0.280738 -0.935095 0.000001 0.000000 -1.000000 -0.090224 0.163195 -0.982460 -0.107003 0.255185 -0.960953 -0.059854 0.132748 -0.989341 -0.111009 0.364320 -0.924634 -0.070827 0.442079 -0.894175 -0.038706 0.467850 -0.882960 0.070826 -0.442077 -0.894176 0.038697 -0.467852 -0.882960 0.111015 -0.364317 -0.924634 0.107004 -0.255189 -0.960952 0.090218 -0.163200 -0.982459 0.059844 -0.132756 -0.989341 0.000001 0.000001 -1.000000 0.076248 -0.124424 -0.989295 -0.076241 0.124425 -0.989296 
						-0.051066 0.189331 -0.980585 -0.031135 0.098280 -0.994672 -0.051972 0.264839 -0.962891 -0.032593 0.315582 -0.948339 -0.007598 0.308481 -0.951200 0.032591 -0.315583 -0.948338 0.007593 -0.308482 -0.951200 0.051968 -0.264841 -0.962891 0.051065 -0.189330 -0.980585 0.031134 -0.098291 -0.994671 -0.000003 -0.000001 -1.000000 0.000001 -0.000009 -1.000000 -0.015725 0.116779 -0.993033 -0.009672 0.061203 -0.998079 -0.015812 0.161367 -0.986768 -0.009805 0.190315 -0.981674 0.000005 0.200363 -0.979722 0.008867 0.233119 -0.972408 0.005208 0.177364 -0.984132 -0.008859 -0.233125 -0.972406 -0.000001 -0.200370 -0.979720 -0.005232 -0.177364 -0.984131 0.009821 -0.190321 -0.981673 0.015815 -0.161372 -0.986767 0.015724 -0.116773 -0.993034 0.009668 -0.061196 -0.998079 -0.000001 -0.000002 -1.000000 0.000002 0.000001 -1.000000 0.002539 0.070727 -0.997492 -0.002550 -0.070709 -0.997494 0.000000 0.959422 0.281973 0.000000 0.959422 0.281973 0.000000 1.000000 0.000000 0.000000 1.000000 0.000000 0.000000 0.000000 -1.000000 0.000000 0.000000 -1.000000 0.000000 0.000000 -1.000000 0.000000 0.000000 -1.000000 0.000000 -1.000000 0.000000 0.000000 -1.000000 0.000000 0.000000 -1.000000 0.000000 0.000000 -1.000000 0.000000 0.000000 0.000000 1.000000 0.000000 0.000000 1.000000 0.000000 0.000000 1.000000 0.000000 0.000000 1.000000 0.000000 1.000000 0.000000 -0.000000 1.000000 -0.000000 0.000000 1.000000 0.000000 0.000000 1.000000 0.000000 0.000000 1.000000 -0.000000 -0.000000 1.000000 -0.000000 -0.000000 1.000000 -0.000000 -0.000000 1.000000 -0.000000 0.000000 -1.000000 0.000000 0.000000 -1.000000 0.000000 -0.000000 1.000000 0.000000 -0.000000 1.000000 0.000000 0.000000 0.959422 0.281973 0.000000 0.959422 0.281973 0.000000 0.691541 0.722337 0.000000 0.691541 0.722337 0.000000 1.000000 0.000000 0.000000 1.000000 -0.000000 
						-0.244196 0.959422 -0.140987 -0.244196 0.959422 -0.140987 0.000000 1.000000 0.000000 0.000000 1.000000 0.000000 -1.000000 0.000000 -0.000002 -1.000000 0.000000 -0.000002 -1.000000 0.000000 -0.000002 -1.000000 0.000000 -0.000002 0.000000 1.000000 0.000000 0.000000 1.000000 0.000000 0.000000 1.000000 0.000000 0.000000 1.000000 0.000000 -1.000000 -0.000000 -0.000001 -1.000000 -0.000000 -0.000001 -1.000000 -0.000000 -0.000001 -1.000000 -0.000000 -0.000001 -0.000000 1.000000 0.000000 -0.000000 1.000000 0.000000 0.000000 1.000000 0.000000 0.000000 1.000000 0.000000 0.000000 1.000000 -0.000000 0.000000 1.000000 -0.000000 0.000000 1.000000 0.000000 0.000000 1.000000 0.000000 0.000000 1.000000 0.000000 0.000000 1.000000 0.000000 -0.000000 1.000000 0.000001 -0.000000 1.000000 0.000001 -0.485528 0.788535 0.377459 -0.485528 0.788535 0.377460 -0.800830 0.540191 0.258582 -0.800830 0.540191 0.258582 -0.866025 0.000005 -0.500000 -0.866025 0.000002 -0.500000 -0.866025 -0.000000 -0.500000 -0.866025 0.000004 -0.500000 0.244196 0.959422 -0.140987 0.244196 0.959422 -0.140987 0.000000 1.000000 0.000000 0.000000 1.000000 0.000000 -1.000000 0.000000 0.000003 -1.000000 0.000000 0.000004 -1.000000 0.000000 0.000004 -1.000000 0.000000 0.000004 0.000000 1.000000 0.000000 0.000000 1.000000 0.000000 0.000000 1.000000 0.000000 0.000000 1.000000 0.000000 -1.000000 -0.000000 -0.000001 -1.000000 0.000000 0.000002 -1.000000 0.000000 0.000003 -1.000000 0.000000 0.000001 -0.000000 1.000000 -0.000000 -0.000000 1.000000 -0.000000 0.000000 1.000000 0.000000 0.000000 1.000000 0.000000 0.000000 1.000000 0.000000 0.000000 1.000000 0.000000 0.000000 1.000000 0.000000 0.000000 1.000000 0.000000 0.000000 1.000000 0.000000 0.000000 1.000000 0.000000 -0.000000 1.000000 -0.000000 -0.000000 1.000000 -0.000000 
						-0.485528 -0.788536 -0.377458 -0.485528 -0.788536 -0.377458 -0.800830 -0.540192 -0.258580 -0.800830 -0.540192 -0.258580 0.000000 1.000000 0.000001 0.000000 1.000000 0.000001 0.000458 0.998761 0.049758 0.000000 0.998761 0.049758 0.000000 1.000000 0.000000 0.000000 1.000000 0.000000 0.000000 0.413527 0.910492 0.000000 -0.413527 -0.910492 -0.000001 -0.413527 -0.910492 -0.000002 -0.413527 -0.910492 0.000000 -0.413529 -0.910491 -0.000001 -0.413529 -0.910491 0.000000 -0.983740 0.179598 0.000000 -0.983740 0.179598 0.000000 -1.000000 0.000000 0.000000 -1.000000 0.000000 0.000000 0.839713 0.543030 0.000000 0.839713 0.543030 0.000000 0.839713 0.543030 0.000000 0.839713 0.543030 0.000000 1.000000 0.000000 0.000000 1.000000 0.000006 0.000000 1.000000 0.000000 0.000000 1.000000 0.000000 0.000000 1.000000 0.000000 -0.000000 1.000000 0.000000 -0.000000 1.000000 0.000000 -0.000000 1.000000 0.000000 -0.000000 1.000000 0.000000 -0.000000 1.000000 0.000000 -0.000000 1.000000 0.000000 0.000000 -1.000000 0.000000 0.000000 -1.000000 0.000000 0.000000 1.000000 0.000000 0.000000 1.000000 0.000000 0.000000 -0.714233 -0.699908 0.019543 0.714097 0.699774 0.000000 -0.714233 -0.699908 0.008184 0.714209 0.699885 -0.000000 1.000000 0.000000 -0.000000 1.000000 0.000000 0.000000 1.000000 0.000000 0.000000 1.000000 0.000000 -0.000000 1.000000 0.000000 -0.000000 1.000000 0.000000 -0.000000 1.000000 0.000000 -0.000000 1.000000 -0.000000 -0.000000 1.000000 0.000000 -0.000000 1.000000 -0.000000 0.000000 -0.741621 0.670820 0.000000 -0.741621 0.670820 -0.000000 1.000000 -0.000000 0.000000 1.000000 0.000000 0.000000 1.000000 0.000000 0.000000 0.803880 -0.594791 0.000000 0.803880 -0.594791 0.000000 0.803880 -0.594791 0.000000 0.803880 -0.594791 -0.000000 1.000000 -0.000059 -0.000000 1.000000 0.000000 
						-0.000000 1.000000 -0.000102 0.000000 -0.737419 0.675436 0.000000 -0.737419 0.675436 0.000000 1.000000 0.000000 0.000000 1.000000 -0.000048 0.000000 1.000000 -0.000039 0.000000 1.000000 0.000000 0.000000 1.000000 0.000001 0.000000 1.000000 0.000012 0.000000 1.000000 0.000010 0.000000 -0.413534 -0.910489 0.000000 -0.413534 -0.910489 0.000000 1.000000 0.000000 0.000000 1.000000 0.000001 0.000000 1.000000 0.000009 0.000000 1.000000 0.000008 0.000000 1.000000 0.000000 0.000000 1.000000 0.000000 0.000000 1.000000 0.000000 0.000000 1.000000 0.000000 0.000000 1.000000 0.000000 0.000000 1.000000 0.000000 0.000000 1.000000 -0.000000 0.000000 1.000000 0.000000 0.000000 1.000000 0.000000 0.000000 1.000000 0.000000 0.000000 1.000000 -0.000106 0.000000 1.000000 -0.000000 0.000000 1.000000 -0.000000 0.000000 1.000000 -0.000000 0.000000 1.000000 -0.000000 0.000000 1.000000 0.000000 0.000000 1.000000 0.000000 0.000000 -1.000000 0.000000 0.000000 -1.000000 0.000000 0.000000 1.000000 0.000000 0.000000 1.000000 0.000000 0.000000 0.839714 0.543029 0.000000 0.839714 0.543029 0.000000 -1.000000 0.000000 0.000000 -0.741620 0.670820 0.000000 -0.743880 0.668313 0.000000 0.752540 -0.658547 0.000000 0.743880 -0.668313 0.000000 0.743880 -0.668313 0.000000 0.752540 -0.658547 0.000000 0.767007 -0.641638 0.000000 0.767007 -0.641638 0.000000 -0.737419 0.675436 0.000000 -0.413535 -0.910488 0.000000 -0.413535 -0.910488 0.000000 0.752540 -0.658547 0.000000 0.767007 -0.641638 0.000000 0.767007 -0.641638 0.000000 0.752540 -0.658547 0.000000 -0.413535 -0.910488 0.000000 -0.413535 -0.910488 0.000000 -0.741620 0.670820 0.000000 -0.737419 0.675436 0.000000 0.743880 -0.668313 0.000000 0.743880 -0.668313 0.000000 -0.743880 0.668313 0.000000 1.000000 -0.000000 0.000000 1.000000 0.000000 
						0.000000 1.000000 0.000000 0.000000 1.000000 -0.000000 0.000000 -1.000000 0.000000 0.000000 -1.000000 0.000000 0.000000 1.000000 -0.000000 0.000000 1.000000 -0.000000 0.000000 -1.000000 0.000000 0.000000 0.839714 0.543029 0.000000 0.839714 0.543029 0.000000 -1.000000 0.000000 0.000000 -1.000000 0.000000 0.000000 1.000000 0.000000 0.000000 1.000000 0.000000 0.000000 -1.000000 0.000000 -0.000000 1.000000 0.000000 -0.000000 1.000000 0.000000 0.000000 1.000000 0.000000 0.000000 1.000000 0.000000 0.000000 1.000000 0.000000 0.000000 1.000000 0.000000 0.000000 -1.000000 0.000000 0.000000 -0.799085 -0.601218 0.000000 -0.799085 -0.601218 0.000000 -0.799085 -0.601218 0.000000 -0.799085 -0.601218 0.000000 0.799085 0.601218 0.000000 0.799085 0.601218 0.000000 0.799085 0.601218 0.000000 0.799085 0.601218 0.000000 -0.799085 -0.601218 0.000000 -0.799085 -0.601218 -0.000000 1.000000 0.000000 -0.000000 1.000000 0.000000 0.000000 0.799085 0.601218 0.000000 0.799085 0.601218 0.000000 0.799085 0.601218 0.000000 0.799085 0.601218 0.000000 1.000000 0.000000 0.000000 1.000000 0.000000 0.000000 -0.799085 -0.601218 0.000000 -0.799085 -0.601218 0.000000 -1.000000 0.000000 0.000000 -1.000000 0.000000 0.000000 -0.895565 0.444931 0.000000 -0.895565 0.444931 0.000000 1.000000 0.000000 0.000000 1.000000 0.000000 0.000000 0.905787 -0.423734 0.000000 0.905787 -0.423734 0.000000 -1.000000 0.000000 0.000000 -0.895565 0.444932 0.000000 1.000000 -0.000000 0.000000 1.000000 0.000000 0.000000 1.000000 0.000000 0.000000 0.905786 -0.423735 0.000000 1.000000 0.000000 0.000000 0.905786 -0.423735 -0.000000 1.000000 0.000000 -0.000000 1.000000 0.000000 0.000000 -1.000000 0.000000 0.000000 -0.895565 0.444932 0.000000 -0.769597 0.638530 0.000000 -0.769597 0.638530 0.000000 0.602517 -0.798106 
						0.000000 0.602517 -0.798106 0.000000 -0.769597 0.638530 0.000000 1.000000 -0.000000 0.000000 1.000000 -0.000000 0.000000 0.602516 -0.798107 0.000000 0.602516 -0.798107 -0.000000 1.000000 0.000000 -0.000000 1.000000 0.000000 0.000000 -0.769597 0.638530 -1.000000 0.000000 0.000000 -1.000000 0.000000 0.000000 -1.000000 0.000000 0.000000 -1.000000 0.000000 0.000000 -1.000000 0.000000 0.000000 -1.000000 0.000000 0.000000 -1.000000 0.000000 0.000000 -1.000000 0.000000 0.000000 -1.000000 -0.000000 -0.000000 -1.000000 -0.000000 -0.000000 -1.000000 -0.000000 -0.000000 -1.000000 -0.000000 -0.000000 0.000000 0.000000 1.000000 0.000000 0.000000 1.000000 0.000000 0.000000 1.000000 0.000000 0.000000 1.000000 0.000000 0.000001 1.000000 -0.000000 0.000005 1.000000 0.000000 0.000000 1.000000 0.000000 0.000000 1.000000 -0.000000 -0.000004 -1.000000 0.000000 0.000000 -1.000000 0.000000 0.000000 -1.000000 0.000000 0.000000 -1.000000 0.000000 0.000000 1.000000 0.000000 0.000000 1.000000 0.000000 0.000000 1.000000 0.000000 0.000000 1.000000 -1.000000 0.000000 0.000000 -1.000000 0.000000 0.000000 0.000000 0.000000 -1.000000 0.000000 0.000000 -1.000000 0.000000 0.000000 1.000000 -0.000000 0.000006 1.000000 -0.000000 -0.000010 -1.000000 -0.000000 -0.000001 -1.000000 0.000000 0.000000 1.000000 -1.000000 0.000000 0.000000 -1.000000 0.000000 0.000000 0.000000 0.000000 -1.000000 -1.000000 0.000000 0.000000 -1.000000 0.000000 0.000000 -1.000000 0.000000 0.000000 -1.000000 0.000000 0.000000 -0.000000 0.000006 1.000000 -0.000000 0.000007 1.000000 0.000000 0.650533 0.759478 0.000000 0.650533 0.759478 0.000000 0.650533 0.759478 0.000000 0.650533 0.759478 -0.000000 -0.000005 -1.000000 -0.000000 -0.000006 -1.000000 -1.000000 0.000000 0.000000 -1.000000 0.000000 0.000000 -1.000000 0.000000 0.000000 
						-1.000000 0.000000 0.000000 0.000000 0.000004 1.000000 0.000000 0.000004 1.000000 0.000000 0.000000 1.000000 0.000000 0.000000 1.000000 0.000000 0.000000 1.000000 0.000000 0.000000 1.000000 -0.000000 -0.000004 -1.000000 -0.000000 -0.000004 -1.000000 0.000000 1.000000 0.000000 0.000000 1.000000 0.000000 0.000000 1.000000 0.000000 0.000000 1.000000 0.000000 0.000000 0.000000 -1.000000 0.000000 0.000000 -1.000000 0.000000 0.000000 -1.000000 0.000000 0.000000 -1.000000 0.000000 -1.000000 0.000000 0.000000 -1.000000 0.000000 0.000000 -1.000000 0.000000 0.000000 -1.000000 0.000000 0.000000 0.000000 1.000000 0.000000 0.000000 1.000000 0.000000 0.272188 0.962244 0.000000 0.272188 0.962244 0.000000 0.000000 1.000000 0.000000 0.000000 1.000000 0.000000 0.000000 1.000000 0.000000 0.000000 1.000000 0.000000 0.000000 -1.000000 0.000000 0.000000 -1.000000 0.000000 0.000000 -1.000000 0.000000 0.000000 -1.000000 0.000000 0.631284 0.775552 0.000000 0.631284 0.775552 0.000000 0.000000 1.000000 0.000000 0.000000 1.000000 0.000000 0.000000 -1.000000 0.000000 0.000000 -1.000000 0.000000 0.000000 -1.000000 0.000000 0.000000 -1.000000 0.000000 0.000000 1.000000 0.000000 0.000000 1.000000 0.000000 0.000000 1.000000 0.000000 0.000000 1.000000 0.000000 0.000000 1.000000 0.000000 0.000000 1.000000 0.000000 0.000000 -1.000000 0.000000 0.000000 -1.000000 0.000000 0.000000 -1.000000 0.000000 0.000000 -1.000000 -1.000000 0.000000 0.000000 -1.000000 0.000000 0.000000 -1.000000 0.000000 0.000000 -1.000000 0.000000 0.000000 0.000000 0.000000 -1.000000 0.000000 0.000000 -1.000000 0.000000 0.000000 -1.000000 0.000000 0.000000 -1.000000 -1.000000 0.000000 0.000000 -1.000000 0.000000 0.000000 -1.000000 -0.000000 -0.000000 -1.000000 -0.000000 -0.000000 0.000000 0.000000 1.000000 
						0.000000 0.000000 1.000000 0.000000 0.000000 1.000000 0.000000 0.000000 1.000000 0.000000 0.000000 1.000000 0.000000 0.000000 1.000000 -0.000000 0.000001 1.000000 -0.000000 0.000001 1.000000 0.000000 0.000000 -1.000000 0.000000 0.000000 -1.000000 0.000000 0.000000 -1.000000 0.000000 0.000000 -1.000000 0.000000 0.964846 -0.262815 0.000000 0.964846 -0.262815 0.000000 0.600712 -0.799466 0.000000 0.600712 -0.799466 -0.000002 0.000002 1.000000 -0.000001 0.000002 1.000000 0.000000 -0.964846 -0.262815 0.000000 -0.964846 -0.262815 0.000000 -0.600712 -0.799465 0.000000 -0.600712 -0.799465 -0.000000 -0.000000 -1.000000 0.000000 0.000000 -1.000000 0.291300 0.073710 0.953788 0.547386 0.164434 0.820567 0.519498 0.208629 0.828610 0.278700 0.094593 0.955708 0.746425 0.250322 0.616594 0.704220 0.315034 0.636260 -0.820463 0.147025 -0.552471 -0.953788 0.073723 -0.291295 -0.955709 0.094600 -0.278697 -0.828464 0.188085 -0.527514 -0.988348 0.035536 -0.148006 -0.988813 0.045749 -0.141972 -0.988348 0.035534 0.148009 -0.953788 0.073717 0.291297 -0.955708 0.094597 0.278699 -0.988813 0.045751 0.141973 -0.820463 0.147032 0.552469 -0.828464 0.188083 0.527515 -0.746431 -0.250305 0.616594 -0.547383 -0.164426 0.820570 -0.519498 -0.208625 0.828612 -0.704228 -0.315019 0.636259 -0.291294 -0.073715 0.953789 -0.278698 -0.094598 0.955709 -0.000001 -0.000000 1.000000 -0.000001 0.000000 1.000000 0.444947 0.279609 0.850788 0.243920 0.129730 0.961079 0.593386 0.416245 0.688936 -0.960881 0.110784 -0.253841 -0.848970 0.220504 -0.480237 -0.990072 0.053789 -0.129859 -0.960881 0.110783 0.253840 -0.990072 0.053786 0.129860 -0.848970 0.220502 0.480238 -0.444951 -0.279605 0.850788 -0.593389 -0.416243 0.688935 -0.243922 -0.129729 0.961079 -0.000000 -0.000002 1.000000 0.356918 0.318945 0.878000 0.200596 0.151943 0.967819 
						0.467070 0.467045 0.750809 -0.439082 -0.585369 -0.681579 -0.368225 -0.767861 -0.524214 -0.299075 -0.714425 -0.632575 -0.358358 -0.555858 -0.750068 -0.221579 -0.857306 -0.464682 -0.176403 -0.788141 -0.589674 0.221583 0.857306 -0.464679 0.368226 0.767862 -0.524211 0.299075 0.714429 -0.632571 0.176406 0.788146 -0.589667 0.439084 0.585368 -0.681578 0.358360 0.555858 -0.750066 -0.356921 -0.318940 0.878000 -0.467074 -0.467043 0.750808 -0.200596 -0.151942 0.967820 -0.000001 0.000002 1.000000 0.279089 0.314739 0.907220 0.153159 0.159398 0.975261 0.374785 0.447108 0.812177 -0.200626 -0.650071 -0.732910 -0.264042 -0.515986 -0.814887 -0.113692 -0.701628 -0.703415 0.200620 0.650072 -0.732911 0.113687 0.701628 -0.703416 0.264036 0.515989 -0.814887 -0.279094 -0.314736 0.907220 -0.374781 -0.447110 0.812177 -0.153159 -0.159396 0.975262 0.000002 -0.000001 1.000000 0.216309 0.280728 0.935095 0.111035 0.148415 0.982672 -0.221191 -0.361747 -0.905657 -0.192241 -0.445435 -0.874432 -0.166764 -0.311013 -0.935661 -0.125980 -0.556229 -0.821424 -0.069777 -0.592883 -0.802260 0.125979 0.556228 -0.821425 0.069761 0.592884 -0.802261 0.192239 0.445435 -0.874432 0.221188 0.361750 -0.905656 0.166765 0.311014 -0.935660 -0.111036 -0.148416 0.982672 -0.216294 -0.280739 0.935095 -0.000001 0.000001 1.000000 -0.090223 -0.163198 -0.982459 -0.107007 -0.255190 -0.960951 -0.059846 -0.132755 -0.989340 -0.111015 -0.364320 -0.924633 -0.070823 -0.442079 -0.894176 -0.038704 -0.467850 -0.882960 0.070822 0.442078 -0.894176 0.038695 0.467849 -0.882961 0.111014 0.364323 -0.924632 0.107007 0.255189 -0.960952 0.090216 0.163205 -0.982459 0.059847 0.132753 -0.989341 0.000000 -0.000000 1.000000 -0.076249 -0.124422 0.989295 0.076250 0.124424 0.989295 -0.051069 -0.189327 -0.980585 -0.031134 -0.098285 -0.994671 -0.051959 -0.264836 -0.962893 -0.032592 -0.315580 -0.948339 
						-0.007599 -0.308482 -0.951200 0.032585 0.315583 -0.948338 0.007594 0.308483 -0.951199 0.051965 0.264839 -0.962891 0.051072 0.189333 -0.980584 0.031140 0.098288 -0.994671 -0.000001 0.000000 -1.000000 0.000001 -0.000000 -1.000000 -0.015716 -0.116761 -0.993036 -0.009669 -0.061196 -0.998079 -0.015815 -0.161357 -0.986769 -0.009832 -0.190314 -0.981674 0.000002 -0.200362 -0.979722 0.008873 -0.233119 -0.972408 0.005237 -0.177363 -0.984132 -0.008863 0.233125 -0.972406 -0.000001 0.200368 -0.979721 -0.005240 0.177363 -0.984131 0.009828 0.190316 -0.981674 0.015815 0.161364 -0.986768 0.015717 0.116779 -0.993034 0.009672 0.061205 -0.998078 0.000002 -0.000000 -1.000000 -0.000001 0.000005 -1.000000 0.002573 -0.070744 -0.997491 -0.002568 0.070708 -0.997494 0.003466 -0.959422 0.281951 0.003467 -0.959422 0.281952 0.000000 -1.000000 0.000000 0.000000 -1.000000 0.000000 -0.000001 -0.000000 -1.000000 0.000000 -0.000000 -1.000000 0.000002 -0.000000 -1.000000 0.000001 -0.000000 -1.000000 0.000000 1.000000 0.000000 0.000000 1.000000 0.000000 0.000000 1.000000 0.000000 0.000000 1.000000 0.000000 -0.000002 0.000000 1.000000 -0.000001 0.000000 1.000000 -0.000001 0.000000 1.000000 -0.000001 0.000000 1.000000 0.000000 1.000000 -0.000000 0.000000 1.000000 -0.000000 0.000000 1.000000 0.000000 0.000000 1.000000 0.000000 0.000000 1.000000 -0.000000 0.000000 1.000000 -0.000000 0.000000 1.000000 0.000000 0.000000 1.000000 0.000000 0.000000 1.000000 0.000000 0.000000 1.000000 0.000000 0.000000 1.000000 -0.000000 0.000000 1.000000 -0.000000 -0.011293 -0.959318 0.282102 -0.011293 -0.959318 0.282102 -0.008140 -0.691441 0.722387 -0.008140 -0.691441 0.722387 0.000001 1.000000 -0.000000 0.000001 1.000000 -0.000000 -0.242444 0.959422 0.143978 -0.242444 0.959422 0.143978 0.000000 1.000000 0.000000 0.000000 1.000000 0.000000 
						-1.000000 0.000000 0.000002 -1.000000 0.000000 0.000002 -1.000000 0.000000 0.000001 -1.000000 0.000000 0.000002 0.000000 1.000000 0.000000 0.000000 1.000000 0.000000 0.000000 1.000000 0.000000 0.000000 1.000000 0.000000 -1.000000 0.000000 0.000002 -1.000000 -0.000000 -0.000000 -1.000000 -0.000000 -0.000002 -1.000000 0.000000 0.000000 0.000000 1.000000 0.000000 0.000000 1.000000 0.000000 0.000000 1.000000 0.000000 0.000000 1.000000 0.000000 0.000000 1.000000 0.000000 0.000000 1.000000 0.000000 0.000000 1.000000 0.000000 0.000000 1.000000 0.000000 0.000000 1.000000 0.000000 0.000000 1.000000 0.000000 0.000000 1.000000 0.000000 0.000000 1.000000 0.000000 -0.493821 0.781220 -0.381886 -0.493823 0.781216 -0.381891 -0.804025 0.534183 -0.261136 -0.804025 0.534186 -0.261131 0.000000 1.000000 0.000000 0.000000 1.000000 0.000000 0.245911 0.959422 0.137974 0.245911 0.959422 0.137974 0.000000 1.000000 0.000000 0.000000 1.000000 0.000000 -1.000000 0.000000 -0.000001 -1.000000 -0.000000 0.000001 -1.000000 -0.000000 0.000003 -1.000000 -0.000000 0.000001 0.000000 1.000000 0.000000 0.000000 1.000000 0.000000 0.000000 1.000000 0.000000 0.000000 1.000000 0.000000 0.000000 -0.000001 1.000000 -0.000002 -0.000001 1.000000 -0.000004 -0.000001 1.000000 -0.000002 -0.000001 1.000000 -0.000000 -1.000000 0.000000 0.000000 -1.000000 -0.000000 -0.000000 -1.000000 0.000000 -0.000000 -1.000000 0.000000 -0.000000 1.000000 0.000000 -0.000000 1.000000 0.000000 -0.000000 1.000000 0.000000 -0.000000 1.000000 0.000000 0.000000 1.000000 0.000000 0.000000 1.000000 0.000000 0.000000 -1.000000 -0.000000 0.000000 -1.000000 -0.000000 0.629956 0.691541 0.353451 0.629956 0.691540 0.353451 0.000000 1.000000 -0.000000 0.000000 1.000000 -0.000000 -1.000000 0.000000 0.000000 -1.000000 0.000000 0.000000 
						-1.000000 0.000000 0.000000 -1.000000 0.000000 0.000000 -1.000000 0.000000 0.000000 -1.000000 0.000000 0.000000 -1.000000 0.000000 0.000000 -1.000000 0.000000 0.000000 -1.000000 0.000000 0.000000 -1.000000 0.000000 0.000000 -1.000000 -0.000000 -0.000000 -1.000000 -0.000000 -0.000000 -1.000000 0.000000 0.000000 -1.000000 0.000000 0.000000 -1.000000 0.000000 0.000000 -1.000000 0.000000 0.000000 -1.000000 0.000000 0.000000 -1.000000 0.000000 0.000000 -1.000000 0.000000 0.000000 -1.000000 0.000000 0.000000 -1.000000 0.000000 0.000000 -1.000000 0.000000 0.000000 -1.000000 0.000000 0.000000 -1.000000 0.000000 0.000000 -1.000000 0.000000 0.000000 -1.000000 0.000000 0.000000 -1.000000 0.000000 0.000000 -1.000000 0.000000 0.000000 -1.000000 0.000000 0.000000 -1.000000 0.000000 0.000000 -1.000000 0.000000 0.000000 -1.000000 0.000000 0.000000 -1.000000 0.000000 0.000000 -1.000000 0.000000 0.000000 -1.000000 0.000000 0.000000 -1.000000 0.000000 0.000000 -1.000000 0.000000 0.000000 -1.000000 0.000000 0.000000 -1.000000 0.000000 0.000000 -1.000000 0.000000 0.000000 -1.000000 0.000000 0.000000 -1.000000 0.000000 0.000000 -1.000000 0.000000 0.000000 -1.000000 0.000000 0.000000 -1.000000 0.000000 0.000000 -1.000000 0.000000 0.000000 -1.000000 0.000000 0.000000 -1.000000 0.000000 0.000000 0.000000 1.000000 0.000007 0.000000 1.000000 0.000015 -0.000000 1.000000 0.000000 -0.000003 1.000000 -0.000042 0.000003 1.000000 -0.000035 0.000003 1.000000 0.000000 -0.000003 1.000000 -0.000016 0.000000 1.000000 -0.000022 0.000001 1.000000 -0.000004 0.000001 1.000000 0.000024 0.000000 1.000000 0.000000 0.000000 1.000000 -0.000024 0.000000 1.000000 0.000004 0.000000 1.000000 0.000022 -0.000006 1.000000 0.000016 -0.000003 1.000000 0.000000 0.000003 1.000000 0.000035 0.000000 1.000000 0.000042 
						-0.000001 1.000000 -0.000007 -0.000001 1.000000 -0.000015 0.000000 1.000000 0.000000 0.000001 1.000000 -0.000008 0.000001 1.000000 0.000007 0.000000 1.000000 -0.000000 0.000003 1.000000 -0.000010 -0.000000 1.000000 -0.000027 0.000003 1.000000 0.000000 0.000006 1.000000 -0.000016 0.000000 1.000000 -0.000039 0.000000 1.000000 0.000006 0.000000 1.000000 0.000052 0.000000 1.000000 -0.000000 -0.000001 1.000000 -0.000052 -0.000001 1.000000 -0.000006 0.000000 1.000000 0.000039 0.000003 1.000000 0.000016 -0.000003 1.000000 0.000000 -0.000006 1.000000 0.000027 0.000000 1.000000 0.000010 0.000000 1.000000 -0.000007 0.000000 1.000000 0.000008 0.000000 1.000000 0.000000 -1.000000 0.000000 0.000000 -1.000000 0.000000 0.000000 -1.000000 0.000000 0.000000 -1.000000 0.000000 0.000000 -1.000000 0.000000 0.000000 -1.000000 0.000000 0.000000 -1.000000 0.000000 0.000000 -1.000000 0.000000 0.000000 -1.000000 0.000000 0.000000 -1.000000 0.000000 0.000000 -1.000000 0.000000 0.000000 -1.000000 0.000000 0.000000 -1.000000 0.000000 0.000000 -1.000000 0.000000 0.000000 -1.000000 0.000000 0.000000 -1.000000 0.000000 0.000000 -1.000000 0.000000 0.000000 -1.000000 0.000000 0.000000 -1.000000 0.000000 0.000000 -1.000000 0.000000 0.000000 -1.000000 0.000000 0.000000 -1.000000 0.000000 0.000000 -1.000000 0.000000 0.000000 -1.000000 0.000000 0.000000 -1.000000 0.000000 0.000000 -1.000000 0.000000 0.000000 -1.000000 0.000000 0.000000 -1.000000 0.000000 0.000000 -1.000000 0.000000 0.000000 -1.000000 0.000000 0.000000 -1.000000 0.000000 0.000000 -1.000000 0.000000 0.000000 -1.000000 0.000000 0.000000 -1.000000 0.000000 0.000000 -1.000000 0.000000 0.000000 -1.000000 0.000000 0.000000 -1.000000 0.000000 0.000000 -1.000000 0.000000 0.000000 -1.000000 0.000000 0.000000 -1.000000 0.000000 0.000000 
						-1.000000 0.000000 0.000000 -1.000000 0.000000 0.000000 -1.000000 0.000000 0.000000 -1.000000 0.000000 0.000000 -1.000000 0.000000 0.000000 -1.000000 0.000000 0.000000 -1.000000 0.000000 0.000000 -1.000000 0.000000 0.000000 0.000000 1.000000 -0.000051 0.000000 1.000000 -0.000036 0.000000 1.000000 0.000000 0.000003 1.000000 -0.000057 0.000003 1.000000 -0.000043 0.000000 1.000000 0.000000 -0.000003 1.000000 0.000001 -0.000003 1.000000 -0.000039 0.000001 1.000000 -0.000007 0.000001 1.000000 0.000058 0.000000 1.000000 0.000000 0.000000 1.000000 -0.000058 0.000000 1.000000 0.000007 -0.000003 1.000000 0.000039 -0.000003 1.000000 -0.000001 0.000000 1.000000 0.000000 0.000003 1.000000 0.000043 0.000003 1.000000 0.000057 -0.000001 1.000000 0.000051 -0.000001 1.000000 0.000036 0.000000 1.000000 0.000000 0.000001 1.000000 -0.000030 0.000001 1.000000 -0.000041 0.000000 1.000000 -0.000000 -0.000003 1.000000 -0.000025 -0.000003 1.000000 -0.000018 0.000000 1.000000 0.000000 0.000003 1.000000 0.000001 0.000003 1.000000 -0.000039 0.000000 1.000000 -0.000007 0.000000 1.000000 0.000002 0.000000 1.000000 -0.000000 -0.000001 1.000000 -0.000002 -0.000001 1.000000 0.000007 0.000003 1.000000 0.000039 0.000003 1.000000 -0.000001 0.000000 1.000000 0.000000 -0.000003 1.000000 0.000018 -0.000003 1.000000 0.000025 0.000000 1.000000 0.000041 0.000000 1.000000 0.000030 0.000000 1.000000 0.000000 
					</float_array>
					<technique_common>
						<accessor count="3122" offset="0" source="#meshId0-bitangents-array" stride="3">
							<param name="X" type="float" />
							<param name="Y" type="float" />
							<param name="Z" type="float" />
						</accessor>
					</technique_common>
				</source>
				<source id="meshId0-tex0" name="meshId0-tex0">
					<float_array id="meshId0-tex0-array" count="6244"> 
						0.476922 0.388511 0.506914 0.388511 0.506914 0.556083 0.476922 0.556083 0.530716 0.388511 0.530716 0.556083 0.314530 0.655813 0.284538 0.655813 0.284538 0.488241 0.314530 0.488241 0.251292 0.655813 0.251292 0.488241 0.218046 0.655813 0.218046 0.488241 0.188054 0.655813 0.188054 0.488241 0.534479 0.405998 0.558281 0.405998 0.558281 0.573571 0.534479 0.573571 0.588273 0.405998 0.588273 0.573571 0.621519 0.405998 0.621519 0.573571 0.654765 0.405998 0.654765 0.573571 0.684757 0.405998 0.684757 0.573571 0.708559 0.405998 0.708559 0.573571 0.319584 0.583118 0.349576 0.583118 0.349576 0.750690 0.319584 0.750690 0.382823 0.583118 0.382823 0.750690 0.416069 0.583118 0.416069 0.750690 0.446061 0.583118 0.446061 0.750690 0.356635 0.388511 0.380437 0.388511 0.380437 0.556083 0.356635 0.556083 0.410429 0.388511 0.410429 0.556083 0.443675 0.388511 0.443675 0.556083 0.878413 0.842291 0.884036 0.853325 0.846390 0.865557 0.869656 0.833534 0.858622 0.827911 0.846390 0.825974 0.834158 0.827911 0.823123 0.833533 0.814366 0.842291 0.808744 0.853325 0.806806 0.865557 0.808744 0.877789 0.814366 0.888824 0.823123 0.897581 0.834158 0.903203 0.846390 0.905140 
						0.858622 0.903203 0.869656 0.897581 0.878413 0.888823 0.884036 0.877789 0.885973 0.865557 0.475058 0.380549 0.503368 0.380549 0.525835 0.380549 0.310984 0.663776 0.282674 0.663776 0.251292 0.663776 0.219910 0.663776 0.191600 0.663776 0.539359 0.398036 0.561827 0.398036 0.590137 0.398036 0.621519 0.398036 0.652901 0.398036 0.681211 0.398036 0.703678 0.398036 0.323130 0.575155 0.351441 0.575155 0.382823 0.575155 0.414205 0.575155 0.442515 0.575155 0.361516 0.380549 0.383983 0.380549 0.412293 0.380549 0.443675 0.380549 0.503368 0.380549 0.475058 0.380549 0.475058 0.379790 0.503368 0.379790 0.525835 0.380549 0.525835 0.379790 0.282674 0.663776 0.310984 0.663776 0.310984 0.664534 0.282674 0.664534 0.251292 0.663776 0.251292 0.664534 0.219910 0.663776 0.219910 0.664534 0.191600 0.663776 0.191600 0.664534 0.561827 0.398036 0.539359 0.398036 0.539359 0.397277 0.561827 0.397277 0.590137 0.398036 0.590137 0.397277 0.621519 0.398036 0.621519 0.397277 0.652901 0.398036 0.652901 0.397277 0.681211 0.398036 0.681211 0.397277 0.703678 0.398036 0.703678 0.397277 0.351441 0.575155 0.323130 0.575155 0.323130 0.574396 0.351441 0.574396 0.382823 0.575155 
						0.382823 0.574396 0.414205 0.575155 0.414205 0.574396 0.442515 0.575155 0.442515 0.574396 0.383983 0.380549 0.361516 0.380549 0.361516 0.379790 0.383983 0.379790 0.412293 0.380549 0.412293 0.379790 0.443675 0.380549 0.443675 0.379790 0.782655 0.166663 0.797080 0.138353 0.798482 0.138808 0.783848 0.167530 0.760188 0.189130 0.761055 0.190323 0.731878 0.203555 0.732333 0.204957 0.700496 0.208525 0.700496 0.210000 0.669113 0.203555 0.668658 0.204957 0.640803 0.189130 0.639936 0.190323 0.618336 0.166663 0.617143 0.167530 0.603911 0.138353 0.602509 0.138808 0.598941 0.106970 0.597466 0.106970 0.603911 0.075588 0.602509 0.075132 0.618336 0.047278 0.617143 0.046411 0.640803 0.024811 0.639936 0.023618 0.669113 0.010386 0.668658 0.008984 0.700496 0.005416 0.700496 0.003941 0.731878 0.010386 0.732333 0.008984 0.760188 0.024811 0.761055 0.023618 0.782655 0.047278 0.783848 0.046411 0.797080 0.075588 0.798482 0.075133 0.802050 0.106970 0.803525 0.106970 0.946353 0.621914 0.946353 0.650636 0.945595 0.650636 0.945595 0.621914 0.946353 0.599121 0.945595 0.599121 0.314027 0.130812 0.314027 0.102090 0.314785 0.102090 0.314785 0.130812 0.314027 0.162650 
						0.314785 0.162650 0.314027 0.194487 0.314785 0.194487 0.314027 0.223209 0.314785 0.223209 0.792590 0.759705 0.792590 0.782499 0.791831 0.782499 0.791831 0.759705 0.792590 0.730984 0.791831 0.730984 0.792590 0.699146 0.791831 0.699146 0.792590 0.667308 0.791831 0.667308 0.792590 0.638587 0.791831 0.638587 0.792590 0.615793 0.791831 0.615793 0.307375 0.188930 0.307375 0.217651 0.306617 0.217651 0.306617 0.188930 0.307375 0.157092 0.306617 0.157092 0.307375 0.125254 0.306617 0.125254 0.307375 0.096533 0.306617 0.096533 0.946353 0.743033 0.946353 0.765826 0.945595 0.765826 0.945595 0.743033 0.946353 0.714311 0.945595 0.714311 0.946353 0.682474 0.945595 0.682474 0.069352 0.130510 0.098073 0.115876 0.098695 0.117788 0.070534 0.132137 0.046559 0.153304 0.048186 0.154486 0.031924 0.182025 0.033837 0.182646 0.026882 0.213863 0.028893 0.213863 0.031924 0.245701 0.033837 0.245079 0.046559 0.274422 0.048186 0.273240 0.069352 0.297215 0.070534 0.295588 0.098073 0.311850 0.098695 0.309937 0.790504 0.730362 0.790504 0.699146 0.790504 0.667930 0.434144 0.363907 0.405423 0.378541 0.404801 0.376629 0.432962 0.362280 0.456937 0.341114 0.455310 0.339932 
						0.471572 0.312392 0.469659 0.311771 0.476614 0.280554 0.474603 0.280554 0.471572 0.248717 0.469659 0.249338 0.456937 0.219995 0.455310 0.221177 0.434144 0.197202 0.432962 0.198829 0.405423 0.182568 0.404801 0.184480 0.944268 0.713690 0.944268 0.682474 0.944268 0.651257 0.944268 0.623096 0.944268 0.651257 0.942751 0.651257 0.942751 0.623096 0.944268 0.600748 0.942751 0.600748 0.000946 0.636785 0.000946 0.608624 0.002463 0.608624 0.002463 0.636785 0.000946 0.668001 0.002463 0.668001 0.000946 0.699218 0.002463 0.699218 0.000946 0.727379 0.002463 0.727379 0.790504 0.758523 0.790504 0.780872 0.788988 0.780872 0.788988 0.758523 0.790504 0.730362 0.788988 0.730362 0.790504 0.699146 0.788988 0.699146 0.790504 0.667930 0.788988 0.667930 0.790504 0.639769 0.788988 0.639769 0.790504 0.617420 0.788988 0.617420 0.079434 0.730711 0.079434 0.758872 0.077917 0.758872 0.077917 0.730711 0.079434 0.699495 0.077917 0.699495 0.079434 0.668278 0.077917 0.668278 0.079434 0.640118 0.077917 0.640118 0.944268 0.741851 0.944268 0.764199 0.942751 0.764199 0.942751 0.741851 0.944268 0.713690 0.942751 0.713690 0.944268 0.682474 0.942751 0.682474 0.938390 0.650843 
						0.938390 0.622308 0.938390 0.599663 0.006823 0.607836 0.006823 0.636371 0.006823 0.668001 0.006823 0.699632 0.006823 0.728167 0.784627 0.781956 0.784627 0.759311 0.784627 0.730777 0.784627 0.699146 0.784627 0.667515 0.784627 0.638981 0.784627 0.616336 0.073557 0.759660 0.073557 0.731125 0.073557 0.699495 0.073557 0.667864 0.073557 0.639330 0.938390 0.765284 0.938390 0.742639 0.938390 0.714104 0.938390 0.682474 0.904304 0.623723 0.904304 0.651587 0.903140 0.651587 0.903140 0.623723 0.923496 0.601611 0.922724 0.601611 0.871646 0.655671 0.871646 0.627808 0.872419 0.627808 0.872419 0.655671 0.890838 0.686558 0.892002 0.686558 0.890838 0.717445 0.892002 0.717445 0.871646 0.745309 0.872419 0.745309 0.769732 0.757896 0.769732 0.780009 0.768960 0.780009 0.768960 0.757896 0.750541 0.730033 0.749377 0.730033 0.750541 0.699146 0.749377 0.699146 0.769732 0.668259 0.768960 0.668259 0.769732 0.640396 0.768960 0.640396 0.750541 0.618283 0.749377 0.618283 0.085475 0.732266 0.085475 0.760129 0.084311 0.760129 0.084311 0.732266 0.104666 0.701379 0.103894 0.701379 0.104666 0.670492 0.103894 0.670492 0.085475 0.642628 0.084311 0.642628 0.904304 0.741224 
						0.904304 0.763337 0.903140 0.763337 0.903140 0.741224 0.923496 0.713361 0.922724 0.713361 0.923496 0.682474 0.922724 0.682474 0.160349 0.645198 0.160349 0.673732 0.120379 0.681983 0.120379 0.660892 0.160349 0.622552 0.120379 0.644154 0.906687 0.049707 0.935222 0.064246 0.919527 0.085847 0.898436 0.075101 0.875056 0.044697 0.875056 0.071398 0.843426 0.049707 0.851677 0.075101 0.814891 0.064246 0.830586 0.085847 0.842089 0.769233 0.842089 0.791878 0.802118 0.770276 0.802118 0.753538 0.842089 0.740698 0.802118 0.732447 0.842089 0.709068 0.802118 0.709068 0.842089 0.677437 0.802118 0.685688 0.842089 0.648903 0.802118 0.664597 0.842089 0.626257 0.802118 0.647859 0.843426 0.244405 0.814891 0.229866 0.830586 0.208265 0.851677 0.219011 0.875056 0.249415 0.875056 0.222714 0.906687 0.244405 0.898436 0.219011 0.935222 0.229866 0.919527 0.208265 0.160349 0.765528 0.160349 0.788173 0.120379 0.766571 0.120379 0.749834 0.160349 0.736993 0.120379 0.728742 0.160349 0.705363 0.120379 0.705363 0.936265 0.102585 0.947012 0.123676 0.936881 0.126968 0.927647 0.108847 0.919527 0.085847 0.913266 0.094465 0.898436 0.075101 0.895144 0.085232 0.875056 0.071398 
						0.875056 0.082050 0.851677 0.075101 0.854968 0.085232 0.830586 0.085847 0.836847 0.094465 0.813848 0.102585 0.822465 0.108847 0.803101 0.123676 0.813232 0.126968 0.802118 0.709068 0.802118 0.732447 0.795691 0.729156 0.795691 0.709068 0.802118 0.685688 0.795691 0.688980 0.813848 0.191527 0.803101 0.170436 0.813232 0.167144 0.822465 0.185266 0.830586 0.208265 0.836847 0.199647 0.851677 0.219011 0.854968 0.208881 0.875056 0.222714 0.875056 0.212062 0.898436 0.219011 0.895144 0.208881 0.919527 0.208265 0.913266 0.199647 0.936265 0.191527 0.927647 0.185266 0.947012 0.170436 0.936881 0.167144 0.120379 0.705363 0.120379 0.728742 0.113952 0.725451 0.113952 0.705363 0.120379 0.681983 0.113952 0.685275 0.927647 0.108847 0.936881 0.126968 0.918105 0.133069 0.911676 0.120450 0.913266 0.094465 0.901662 0.110436 0.895144 0.085232 0.889044 0.104007 0.875056 0.082050 0.875056 0.101792 0.854968 0.085232 0.861069 0.104007 0.836847 0.094465 0.848451 0.110436 0.822465 0.108847 0.838437 0.120450 0.813232 0.126968 0.832007 0.133069 0.810050 0.147056 0.829792 0.147056 0.813232 0.167144 0.832007 0.161044 0.822465 0.185266 0.838437 0.173662 0.836847 0.199647 
						0.848451 0.183676 0.854968 0.208881 0.861069 0.190105 0.875056 0.212062 0.875056 0.192320 0.895144 0.208881 0.889044 0.190105 0.913266 0.199647 0.901662 0.183676 0.927647 0.185266 0.911676 0.173662 0.936881 0.167144 0.918105 0.161044 0.940062 0.147056 0.920321 0.147056 0.649825 0.854841 0.649825 0.867459 0.625321 0.867459 0.625321 0.854841 0.649825 0.844827 0.625321 0.844827 0.334405 0.022022 0.334405 0.009404 0.358909 0.009404 0.358909 0.022022 0.334405 0.036010 0.358909 0.036010 0.334405 0.049997 0.358909 0.049997 0.334405 0.062615 0.358909 0.062615 0.077388 0.924725 0.077388 0.934739 0.052884 0.934739 0.052884 0.924725 0.077388 0.912107 0.052884 0.912107 0.077388 0.898119 0.052884 0.898119 0.077388 0.884132 0.052884 0.884132 0.077388 0.871514 0.052884 0.871514 0.077388 0.861500 0.052884 0.861500 0.329269 0.044439 0.329269 0.057058 0.304764 0.057058 0.304764 0.044439 0.329269 0.030452 0.304764 0.030452 0.329269 0.016465 0.304764 0.016465 0.329269 0.003846 0.304764 0.003846 0.649825 0.908052 0.649825 0.918066 0.625321 0.918066 0.625321 0.908052 0.649825 0.895434 0.625321 0.895434 0.649825 0.881446 0.625321 0.881446 0.619697 0.869214 
						0.619697 0.858180 0.619697 0.849423 0.860377 0.822508 0.872995 0.828937 0.869656 0.833534 0.858622 0.827911 0.846390 0.820293 0.846390 0.825974 0.832402 0.822508 0.834158 0.827911 0.819784 0.828937 0.823123 0.833533 0.047260 0.930143 0.047260 0.921386 0.047260 0.910351 0.047260 0.898119 0.047260 0.885888 0.047260 0.874853 0.047260 0.866096 0.832402 0.908606 0.819784 0.902177 0.823123 0.897581 0.834158 0.903203 0.846390 0.910821 0.846390 0.905140 0.860377 0.908606 0.858622 0.903203 0.872995 0.902177 0.869656 0.897581 0.619697 0.913470 0.619697 0.904713 0.619697 0.893678 0.619697 0.881446 0.506914 0.558695 0.476922 0.558695 0.530716 0.558695 0.284538 0.485630 0.314530 0.485630 0.251292 0.485630 0.218046 0.485630 0.188054 0.485630 0.558281 0.576182 0.534479 0.576182 0.588273 0.576182 0.621519 0.576182 0.654765 0.576182 0.684757 0.576182 0.708559 0.576182 0.349576 0.753301 0.319584 0.753301 0.382823 0.753301 0.416069 0.753301 0.446061 0.753301 0.380437 0.558695 0.356635 0.558695 0.410429 0.558695 0.443675 0.558695 0.506914 0.560703 0.476922 0.560703 0.530716 0.560703 0.284538 0.483621 0.314530 0.483621 0.251292 0.483621 0.218046 0.483621 
						0.188054 0.483621 0.558281 0.578190 0.534479 0.578190 0.588273 0.578190 0.621519 0.578190 0.654765 0.578190 0.684757 0.578190 0.708559 0.578190 0.349576 0.755309 0.319584 0.755309 0.382823 0.755309 0.416069 0.755309 0.446061 0.755309 0.380437 0.560703 0.356635 0.560703 0.410429 0.560703 0.443675 0.560703 0.501320 0.567130 0.473981 0.567130 0.325178 0.064498 0.348980 0.088300 0.341281 0.093893 0.319584 0.072196 0.364261 0.118292 0.355211 0.121232 0.369527 0.151538 0.360011 0.151538 0.364261 0.184784 0.355211 0.181844 0.348980 0.214776 0.341281 0.209183 0.325178 0.238578 0.319584 0.230880 0.591213 0.584618 0.563874 0.584618 0.621519 0.584618 0.651825 0.584618 0.679164 0.584618 0.525104 0.749882 0.501303 0.726080 0.509001 0.720487 0.530698 0.742183 0.486021 0.696088 0.495071 0.693147 0.480755 0.662842 0.490271 0.662842 0.486021 0.629595 0.495071 0.632536 0.501303 0.599603 0.509001 0.605196 0.525104 0.575801 0.530698 0.583500 0.413370 0.567130 0.386030 0.567130 0.443675 0.567130 0.473981 0.567130 0.501320 0.567130 0.501320 0.568938 0.473981 0.568938 0.523017 0.567130 0.523017 0.568938 0.899390 0.618545 0.899390 0.645884 0.897582 0.645884 
						0.897582 0.618545 0.899390 0.676190 0.897582 0.676190 0.899390 0.706496 0.897582 0.706496 0.899390 0.733835 0.897582 0.733835 0.542177 0.584618 0.563874 0.584618 0.563874 0.586425 0.542177 0.586425 0.591213 0.584618 0.591213 0.586425 0.621519 0.584618 0.621519 0.586425 0.651825 0.584618 0.651825 0.586425 0.679164 0.584618 0.679164 0.586425 0.700861 0.584618 0.700861 0.586425 0.108394 0.820906 0.108394 0.793566 0.110202 0.793566 0.110202 0.820906 0.108394 0.763261 0.110202 0.763261 0.108394 0.732955 0.110202 0.732955 0.108394 0.705616 0.110202 0.705616 0.364334 0.567130 0.386030 0.567130 0.386030 0.568938 0.364334 0.568938 0.413370 0.567130 0.413370 0.568938 0.443675 0.567130 0.443675 0.568938 0.772817 0.247055 0.745477 0.260985 0.744309 0.259376 0.772202 0.245164 0.723781 0.282682 0.722172 0.281513 0.709851 0.310021 0.707960 0.309407 0.705051 0.340327 0.703063 0.340327 0.709851 0.370633 0.707960 0.371247 0.723781 0.397972 0.722172 0.399141 0.745477 0.419668 0.744309 0.421277 0.772817 0.433599 0.772202 0.435490 0.803123 0.438398 0.803123 0.440387 0.833428 0.433599 0.834043 0.435490 0.860768 0.419668 0.861937 0.421277 0.882464 0.397972 
						0.884073 0.399141 0.896394 0.370633 0.898285 0.371247 0.901194 0.340327 0.903183 0.340327 0.896394 0.310021 0.898285 0.309407 0.882464 0.282682 0.884073 0.281513 0.860768 0.260985 0.861936 0.259376 0.833428 0.247055 0.834043 0.245164 0.803123 0.242255 0.803123 0.240267 0.662306 0.643158 0.662306 0.615265 0.668934 0.615265 0.668934 0.643158 0.662306 0.593128 0.668934 0.593128 0.139105 0.022431 0.139105 0.050325 0.132477 0.050325 0.132477 0.022431 0.139105 0.081245 0.132477 0.081245 0.139105 0.112165 0.132477 0.112165 0.139105 0.140059 0.132477 0.140059 0.534479 0.758734 0.534479 0.736597 0.541107 0.736597 0.541107 0.758734 0.534479 0.708704 0.541107 0.708704 0.534479 0.677783 0.541107 0.677783 0.534479 0.646863 0.541107 0.646863 0.534479 0.618970 0.541107 0.618970 0.534479 0.596833 0.541107 0.596833 0.121362 0.119274 0.121362 0.091380 0.127990 0.091380 0.127990 0.119274 0.121362 0.060460 0.127990 0.060460 0.121362 0.029540 0.127990 0.029540 0.121362 0.001646 0.127990 0.001646 0.662306 0.755029 0.662306 0.732893 0.668934 0.732893 0.668934 0.755029 0.662306 0.704999 0.668934 0.704999 0.662306 0.674079 0.668934 0.674079 0.273754 0.292430 
						0.301647 0.306642 0.300729 0.307906 0.273271 0.293916 0.301647 0.306642 0.323784 0.328779 0.322520 0.329697 0.300729 0.307906 0.323784 0.328779 0.337996 0.356672 0.336511 0.357155 0.322520 0.329697 0.337996 0.356672 0.342894 0.387593 0.341331 0.387593 0.336511 0.357155 0.342894 0.387593 0.337996 0.418513 0.336511 0.418030 0.337996 0.418513 0.323784 0.446407 0.322520 0.445488 0.336511 0.418030 0.323784 0.446407 0.301647 0.468543 0.300729 0.467279 0.322520 0.445488 0.301647 0.468543 0.273754 0.482756 0.273271 0.481270 0.300729 0.467279 0.541107 0.708704 0.541107 0.677783 0.542112 0.677783 0.542112 0.708221 0.541107 0.677783 0.541107 0.646863 0.542112 0.647346 0.166418 0.473954 0.138525 0.459741 0.139443 0.458478 0.166901 0.472468 0.138525 0.459741 0.116388 0.437605 0.117652 0.436687 0.139443 0.458478 0.116388 0.437605 0.102176 0.409711 0.103662 0.409229 0.117652 0.436687 0.102176 0.409711 0.097279 0.378791 0.098841 0.378791 0.103662 0.409229 0.097279 0.378791 0.102176 0.347871 0.103662 0.348354 0.102176 0.347871 0.116388 0.319977 0.117652 0.320896 0.103662 0.348354 0.116388 0.319977 0.138525 0.297841 0.139443 0.299105 0.117652 0.320896 
						0.138525 0.297841 0.166418 0.283628 0.166901 0.285114 0.139443 0.299105 0.668934 0.704999 0.668934 0.674079 0.669939 0.674079 0.669939 0.704516 0.668934 0.674079 0.668934 0.643158 0.669939 0.643641 0.669939 0.616183 0.698661 0.616183 0.698661 0.643641 0.669939 0.594392 0.698661 0.594392 0.482046 0.703763 0.482046 0.731221 0.453324 0.731221 0.453324 0.703763 0.482046 0.761658 0.453324 0.761658 0.482046 0.792096 0.453324 0.792096 0.482046 0.819554 0.453324 0.819554 0.542112 0.757470 0.542112 0.735679 0.570834 0.735679 0.570834 0.757470 0.570834 0.708221 0.570834 0.677783 0.570834 0.647346 0.542112 0.619888 0.570834 0.619888 0.542112 0.598097 0.570834 0.598097 0.621549 0.838079 0.621549 0.810621 0.650272 0.810621 0.650272 0.838079 0.621549 0.780183 0.650272 0.780183 0.621549 0.749746 0.650272 0.749746 0.621549 0.722288 0.650272 0.722288 0.669939 0.753765 0.669939 0.731974 0.698661 0.731974 0.698661 0.753765 0.698661 0.704516 0.698661 0.674079 0.700870 0.616183 0.700870 0.643641 0.700870 0.594392 0.451115 0.731221 0.451115 0.703763 0.451115 0.761658 0.451115 0.792096 0.451115 0.819554 0.573043 0.735679 0.573043 0.757470 0.573043 0.708221 
						0.573043 0.677783 0.573043 0.647346 0.573043 0.619888 0.573043 0.598097 0.652481 0.810621 0.652481 0.838079 0.652481 0.780183 0.652481 0.749746 0.652481 0.722288 0.700870 0.731974 0.700870 0.753765 0.700870 0.704516 0.700870 0.674079 0.271212 0.023422 0.243754 0.037412 0.242502 0.035689 0.270554 0.021396 0.221963 0.059203 0.220240 0.057951 0.207973 0.086661 0.205946 0.086003 0.203152 0.117099 0.201021 0.117099 0.207973 0.147536 0.205946 0.148195 0.221963 0.174994 0.220240 0.176246 0.243754 0.196785 0.242502 0.198509 0.271212 0.210776 0.270554 0.212802 0.574449 0.677783 0.574449 0.708879 0.574449 0.646688 0.000946 0.470695 0.028404 0.456704 0.029656 0.458428 0.001604 0.472721 0.050195 0.434913 0.051918 0.436166 0.064186 0.407455 0.066212 0.408114 0.069006 0.377018 0.071137 0.377018 0.064186 0.346580 0.066212 0.345922 0.050195 0.319122 0.051918 0.317870 0.028404 0.297331 0.029656 0.295608 0.000946 0.283341 0.001604 0.281315 0.702276 0.674079 0.702276 0.705174 0.702276 0.642983 0.702276 0.642983 0.702276 0.614931 0.710311 0.614931 0.710311 0.642983 0.702276 0.592669 0.710311 0.592669 0.059621 0.015704 0.059621 0.043756 0.051587 0.043756 
						0.051587 0.015704 0.059621 0.074851 0.051587 0.074851 0.059621 0.105947 0.051587 0.105947 0.059621 0.133999 0.051587 0.133999 0.574449 0.759193 0.574449 0.736931 0.582483 0.736931 0.582483 0.759193 0.574449 0.708879 0.582483 0.708879 0.574449 0.677783 0.582483 0.677783 0.574449 0.646688 0.582483 0.646688 0.574449 0.618636 0.582483 0.618636 0.574449 0.596374 0.582483 0.596374 0.621549 0.713732 0.621549 0.685680 0.629584 0.685680 0.629584 0.713732 0.621549 0.654585 0.629584 0.654585 0.621549 0.623489 0.629584 0.623489 0.621549 0.595437 0.629584 0.595437 0.702276 0.755489 0.702276 0.733226 0.710311 0.733226 0.710311 0.755489 0.702276 0.705174 0.710311 0.705174 0.702276 0.674079 0.710311 0.674079 0.715131 0.613011 0.715131 0.641973 0.715131 0.590026 0.046767 0.042746 0.046767 0.013784 0.046767 0.074851 0.046767 0.106957 0.046767 0.135919 0.587304 0.738851 0.587304 0.761836 0.587304 0.709889 0.587304 0.677783 0.587304 0.645678 0.587304 0.616716 0.587304 0.593731 0.634404 0.686690 0.634404 0.715652 0.634404 0.654585 0.634404 0.622479 0.634404 0.593517 0.715131 0.735146 0.715131 0.758131 0.715131 0.706184 0.715131 0.674079 0.715131 0.641973 
						0.715131 0.613011 0.724170 0.613011 0.724170 0.641973 0.715131 0.590026 0.724170 0.590026 0.046767 0.013784 0.046767 0.042746 0.037728 0.042746 0.037728 0.013784 0.046767 0.074851 0.037728 0.074851 0.046767 0.106957 0.037728 0.106957 0.046767 0.135919 0.037728 0.135919 0.587304 0.761836 0.587304 0.738851 0.596343 0.738851 0.596343 0.761836 0.587304 0.709889 0.596343 0.709889 0.587304 0.677783 0.596343 0.677783 0.587304 0.645678 0.596343 0.645678 0.587304 0.616716 0.596343 0.616716 0.587304 0.593731 0.596343 0.593731 0.634404 0.715652 0.634404 0.686690 0.643443 0.686690 0.643443 0.715652 0.634404 0.654585 0.643443 0.654585 0.634404 0.622479 0.643443 0.622479 0.634404 0.593517 0.643443 0.593517 0.715131 0.758131 0.715131 0.735146 0.724170 0.735146 0.724170 0.758131 0.715131 0.706184 0.724170 0.706184 0.715131 0.674079 0.724170 0.674079 0.725174 0.612510 0.725174 0.641710 0.725174 0.589337 0.036724 0.042483 0.036724 0.013283 0.036724 0.074851 0.036724 0.107220 0.036724 0.136420 0.597347 0.739352 0.597347 0.762525 0.597347 0.710152 0.597347 0.677783 0.597347 0.645415 0.597347 0.616215 0.597347 0.593041 0.644447 0.686953 0.644447 0.716153 
						0.644447 0.654585 0.644447 0.622216 0.644447 0.593016 0.725174 0.735647 0.725174 0.758821 0.725174 0.706447 0.725174 0.674079 0.725174 0.641710 0.725174 0.612510 0.735016 0.612510 0.735016 0.641710 0.725174 0.589337 0.735016 0.589337 0.036724 0.013283 0.036724 0.042483 0.026882 0.042483 0.026882 0.013283 0.036724 0.074851 0.026882 0.074851 0.036724 0.107220 0.026882 0.107220 0.036724 0.136420 0.026882 0.136420 0.597347 0.762525 0.597347 0.739352 0.607189 0.739352 0.607189 0.762525 0.597347 0.710152 0.607189 0.710152 0.597347 0.677783 0.607189 0.677783 0.597347 0.645415 0.607189 0.645415 0.597347 0.616215 0.607189 0.616215 0.597347 0.593041 0.607189 0.593041 0.644447 0.716153 0.644447 0.686953 0.654289 0.686953 0.654289 0.716153 0.644447 0.654585 0.654289 0.654585 0.644447 0.622216 0.654289 0.622216 0.644447 0.593016 0.654289 0.593016 0.725174 0.758821 0.725174 0.735647 0.735016 0.735647 0.735016 0.758821 0.725174 0.706447 0.735016 0.706447 0.725174 0.674079 0.735016 0.674079 0.737226 0.614013 0.737226 0.642500 0.583922 0.170257 0.560749 0.193430 0.559246 0.191362 0.581854 0.168754 0.531549 0.208308 0.530759 0.205877 0.499180 0.213435 
						0.499180 0.210878 0.466812 0.208308 0.467602 0.205877 0.437611 0.193430 0.439114 0.191362 0.414438 0.170257 0.416506 0.168754 0.609398 0.709362 0.609398 0.737849 0.609398 0.677783 0.609398 0.646205 0.609398 0.617717 0.414438 0.047119 0.437611 0.023946 0.439114 0.026014 0.416506 0.048622 0.466812 0.009068 0.467602 0.011499 0.499180 0.003941 0.499180 0.006498 0.531549 0.009068 0.530759 0.011499 0.560749 0.023946 0.559246 0.026014 0.583922 0.047119 0.581854 0.048622 0.737226 0.705657 0.737226 0.734145 0.737226 0.674079 0.737226 0.642500 0.737226 0.614013 0.744456 0.618604 0.744456 0.644914 0.581854 0.168754 0.559246 0.191362 0.554655 0.185042 0.575534 0.164162 0.530759 0.205877 0.528345 0.198448 0.499180 0.210878 0.499180 0.203067 0.467602 0.205877 0.470015 0.198448 0.439114 0.191362 0.443706 0.185042 0.416506 0.168754 0.422826 0.164162 0.609398 0.737849 0.609398 0.709362 0.616629 0.706948 0.616629 0.733258 0.609398 0.677783 0.616629 0.677783 0.609398 0.646205 0.616629 0.648619 0.609398 0.617717 0.616629 0.622309 0.416506 0.048622 0.439114 0.026014 0.443706 0.032334 0.422826 0.053213 0.467602 0.011499 0.470015 0.018928 0.499180 0.006498 
						0.499180 0.014309 0.530759 0.011499 0.528345 0.018928 0.559246 0.026014 0.554655 0.032334 0.581854 0.048622 0.575534 0.053213 0.737226 0.734145 0.737226 0.705657 0.744456 0.703243 0.744456 0.729553 0.737226 0.674079 0.744456 0.674079 0.588940 0.137853 0.575534 0.164162 0.571046 0.160902 0.583664 0.136138 0.554655 0.185042 0.551394 0.180554 0.528345 0.198448 0.526630 0.193171 0.499180 0.203067 0.499180 0.197519 0.470015 0.198448 0.471730 0.193171 0.443706 0.185042 0.446966 0.180554 0.422826 0.164162 0.427314 0.160901 0.422826 0.164162 0.409420 0.137853 0.414697 0.136138 0.427314 0.160901 0.404801 0.108688 0.410349 0.108688 0.409420 0.079523 0.414697 0.081237 0.422826 0.053213 0.427314 0.056474 0.422826 0.053213 0.443706 0.032334 0.446966 0.036822 0.427314 0.056474 0.443706 0.032334 0.470015 0.018928 0.471730 0.024204 0.446966 0.036822 0.470015 0.018928 0.499180 0.014309 0.499180 0.019857 0.471730 0.024204 0.499180 0.014309 0.528345 0.018928 0.526630 0.024204 0.499180 0.019857 0.554655 0.032334 0.551394 0.036822 0.575534 0.053213 0.571046 0.056474 0.588940 0.079523 0.583664 0.081237 0.593559 0.108688 0.588011 0.108688 0.102836 0.205683 
						0.102836 0.180919 0.104628 0.180919 0.104628 0.205683 0.102836 0.161267 0.104628 0.161267 0.117596 0.009057 0.117596 0.033820 0.115804 0.033820 0.115804 0.009057 0.117596 0.061270 0.115804 0.061270 0.117596 0.088721 0.115804 0.088721 0.117596 0.113484 0.115804 0.113484 0.108394 0.297589 0.108394 0.277936 0.110186 0.277936 0.110186 0.297589 0.108394 0.253173 0.110186 0.253173 0.108394 0.225723 0.110186 0.225723 0.108394 0.198272 0.110186 0.198272 0.108394 0.173509 0.110186 0.173509 0.108394 0.153857 0.110186 0.153857 0.089868 0.113484 0.089868 0.088720 0.091660 0.088720 0.091660 0.113484 0.089868 0.061270 0.091660 0.061270 0.089868 0.033820 0.091660 0.033820 0.089868 0.009056 0.091660 0.009056 0.102836 0.304999 0.102836 0.285347 0.104628 0.285347 0.104628 0.304999 0.102836 0.260583 0.104628 0.260583 0.102836 0.233133 0.104628 0.233133 0.936974 0.504434 0.924357 0.479671 0.926919 0.477809 0.939987 0.503455 0.904704 0.460019 0.906566 0.457456 0.879941 0.447401 0.880920 0.444389 0.852491 0.443053 0.852491 0.439886 0.825040 0.447401 0.824062 0.444389 0.800277 0.460019 0.798415 0.457456 0.780625 0.479671 0.778062 0.477809 0.768007 0.504434 
						0.764995 0.503455 0.763660 0.531885 0.760492 0.531885 0.768007 0.559335 0.764995 0.560314 0.780625 0.584098 0.778062 0.585960 0.800277 0.603750 0.798415 0.606313 0.825040 0.616368 0.824062 0.619380 0.852491 0.620716 0.852491 0.623883 0.879941 0.616368 0.880920 0.619380 0.904704 0.603750 0.906566 0.606313 0.924357 0.584098 0.926919 0.585960 0.936974 0.559335 0.939987 0.560314 0.941322 0.531885 0.944489 0.531885 0.180441 0.575249 0.167373 0.600895 0.160198 0.595682 0.172006 0.572508 0.147020 0.621248 0.141807 0.614073 0.121374 0.634316 0.118633 0.625881 0.092945 0.638818 0.092945 0.629949 0.064515 0.634316 0.067256 0.625881 0.038869 0.621248 0.044082 0.614073 0.018516 0.600895 0.025691 0.595682 0.005449 0.575249 0.013884 0.572508 0.000946 0.546820 0.009815 0.546820 0.005449 0.518391 0.013884 0.521131 0.018516 0.492744 0.025691 0.497957 0.038869 0.472391 0.044082 0.479567 0.064516 0.459324 0.067256 0.467759 0.092945 0.454821 0.092945 0.463690 0.121374 0.459324 0.118633 0.467759 0.147020 0.472391 0.141807 0.479567 0.167373 0.492744 0.160198 0.497958 0.180440 0.518391 0.172005 0.521131 0.184943 0.546820 0.176074 0.546820 0.172006 0.572508 
						0.160198 0.595682 0.145642 0.585107 0.154895 0.566949 0.141807 0.614073 0.131232 0.599518 0.118633 0.625881 0.113073 0.608770 0.092945 0.629949 0.092945 0.611958 0.067256 0.625881 0.072816 0.608770 0.044082 0.614073 0.054657 0.599518 0.025691 0.595682 0.040247 0.585107 0.013884 0.572508 0.030995 0.566949 0.009815 0.546820 0.027807 0.546820 0.013884 0.521131 0.030995 0.526691 0.025691 0.497957 0.040247 0.508533 0.044082 0.479567 0.054657 0.494122 0.067256 0.467759 0.072816 0.484870 0.092945 0.463690 0.092945 0.481682 0.118633 0.467759 0.113073 0.484870 0.141807 0.479567 0.131232 0.494122 0.160198 0.497958 0.145642 0.508533 0.172005 0.521131 0.154895 0.526691 0.176074 0.546820 0.158083 0.546820 0.915247 0.044939 0.915247 0.026780 0.922951 0.026780 0.922951 0.044939 0.912403 0.018702 0.912403 0.004291 0.921843 0.004482 0.921843 0.018893 0.939072 0.946772 0.939072 0.964930 0.931367 0.964930 0.931367 0.946772 0.252728 0.961525 0.232599 0.961525 0.232557 0.952085 0.252686 0.952085 0.939942 0.993243 0.919813 0.993243 0.919813 0.985538 0.939942 0.985538 0.171013 0.976345 0.152855 0.976345 0.152978 0.966905 0.171136 0.966905 0.678118 0.959936 
						0.678118 0.945525 0.685822 0.945525 0.685822 0.959936 0.254745 0.948331 0.272904 0.948331 0.273027 0.957771 0.254868 0.957771 0.017619 0.970905 0.037748 0.970905 0.037748 0.978610 0.017619 0.978610 0.449346 0.948331 0.469475 0.948331 0.469433 0.957771 0.449304 0.957771 0.203865 0.043086 0.203865 0.024927 0.211570 0.024927 0.211570 0.043086 0.201021 0.016849 0.201021 0.002438 0.210462 0.002629 0.210462 0.017040 0.003790 0.960348 0.003790 0.942189 0.011495 0.942189 0.011495 0.960348 0.534479 0.953888 0.554608 0.953888 0.554650 0.963328 0.534521 0.963328 0.123214 0.972758 0.143343 0.972758 0.143343 0.980462 0.123214 0.980462 0.065822 0.951477 0.083981 0.951477 0.083858 0.960917 0.065700 0.960917 0.181635 0.962518 0.181635 0.948108 0.189339 0.948108 0.189339 0.962518 0.558562 0.957034 0.576721 0.957034 0.576843 0.966474 0.558685 0.966474 0.499281 0.973722 0.519409 0.973722 0.519409 0.981427 0.499281 0.981427 0.208516 0.957035 0.228645 0.957035 0.228603 0.966475 0.208474 0.966475 0.939436 0.029908 0.939436 0.046583 0.940063 0.008978 0.940063 0.022211 0.914882 0.966575 0.914882 0.949900 0.232515 0.933865 0.250999 0.933865 0.921458 0.969054 
						0.939942 0.969054 0.156228 0.948685 0.172903 0.948685 0.702307 0.942397 0.702307 0.955631 0.274794 0.975991 0.258118 0.975991 0.037748 0.995095 0.019263 0.995095 0.467746 0.975991 0.449262 0.975991 0.228055 0.028055 0.228055 0.044730 0.228681 0.007125 0.228681 0.020358 0.027979 0.940545 0.027979 0.957220 0.554692 0.981548 0.536208 0.981548 0.141699 0.996947 0.123214 0.996947 0.080608 0.979137 0.063933 0.979137 0.205824 0.944980 0.205824 0.958213 0.578610 0.984694 0.561935 0.984694 0.519409 0.997911 0.500925 0.997911 0.226916 0.984695 0.208432 0.984695 0.267843 0.723520 0.284518 0.732017 0.254217 0.773722 0.251913 0.772548 0.284518 0.732017 0.297751 0.745250 0.256046 0.775551 0.254217 0.773722 0.297751 0.745250 0.306248 0.761925 0.257220 0.777855 0.306248 0.761925 0.309175 0.780409 0.257624 0.780409 0.309175 0.780409 0.306248 0.798894 0.257220 0.782964 0.306248 0.798894 0.297751 0.815569 0.256046 0.785268 0.297751 0.815569 0.284518 0.828802 0.254217 0.787097 0.256046 0.785268 0.284518 0.828802 0.267843 0.837299 0.251913 0.788271 0.267843 0.837299 0.249358 0.840226 0.249359 0.788675 0.251913 0.788271 0.249358 0.840226 0.230874 0.837299 
						0.246804 0.788271 0.249359 0.788675 0.230874 0.837299 0.214199 0.828802 0.244500 0.787097 0.246804 0.788271 0.214199 0.828802 0.200966 0.815569 0.242671 0.785268 0.200966 0.815569 0.192470 0.798894 0.241497 0.782964 0.192470 0.798894 0.189542 0.780409 0.241093 0.780409 0.189542 0.780409 0.192470 0.761925 0.241497 0.777855 0.192470 0.761925 0.200966 0.745250 0.242671 0.775551 0.241497 0.777855 0.200966 0.745250 0.214199 0.732017 0.244500 0.773722 0.214199 0.732017 0.230874 0.723520 0.246804 0.772548 0.244500 0.773722 0.230874 0.723520 0.249359 0.720593 0.249359 0.772144 0.249359 0.720593 0.267843 0.723520 0.251913 0.772548 0.164266 0.673732 0.183850 0.705363 0.164266 0.645198 0.183850 0.622552 0.451115 0.604878 0.451115 0.576343 0.474615 0.576343 0.474615 0.604878 0.470698 0.636508 0.474615 0.636508 0.470698 0.668139 0.474615 0.668139 0.451115 0.696674 0.474615 0.696674 0.865589 0.769233 0.865589 0.791878 0.846006 0.740698 0.846006 0.709068 0.865589 0.677437 0.865589 0.648903 0.846006 0.626257 0.065997 0.097553 0.065997 0.126088 0.062080 0.126088 0.062080 0.097553 0.085580 0.065923 0.062080 0.065923 0.085580 0.034292 0.062080 0.034292 
						0.065997 0.005757 0.062080 0.005757 0.164266 0.765528 0.164266 0.788173 0.183850 0.736993 0.925728 0.714104 0.925728 0.682474 0.906536 0.742639 0.906536 0.765284 0.060894 0.667864 0.041702 0.639330 0.060894 0.699495 0.041702 0.731125 0.041702 0.759660 0.771964 0.638981 0.752773 0.616336 0.771964 0.667515 0.752773 0.699146 0.752773 0.730777 0.771964 0.759311 0.771964 0.781956 0.038678 0.699632 0.019486 0.728167 0.038678 0.668001 0.019486 0.636371 0.019486 0.607836 0.906536 0.622308 0.925728 0.599663 0.906536 0.650843 0.906536 0.622308 0.906536 0.650843 0.904304 0.651587 0.904304 0.623723 0.702694 0.324750 0.688155 0.353284 0.686208 0.351869 0.700405 0.324006 0.730022 0.455800 0.752667 0.433155 0.754082 0.435102 0.731969 0.457215 0.688155 0.353284 0.665510 0.375929 0.664095 0.373982 0.686208 0.351869 0.715483 0.484335 0.730022 0.455800 0.731969 0.457215 0.717772 0.485079 0.665510 0.375929 0.636976 0.390468 0.636232 0.388179 0.664095 0.373982 0.710473 0.515965 0.715483 0.484335 0.717772 0.485079 0.712880 0.515965 0.636976 0.390468 0.605345 0.395478 0.605345 0.393071 0.636232 0.388179 0.715483 0.547596 0.710473 0.515965 0.712880 0.515965 
						0.717772 0.546852 0.605345 0.395478 0.573714 0.390468 0.574458 0.388179 0.605345 0.393071 0.730022 0.576131 0.715483 0.547596 0.717772 0.546852 0.731969 0.574716 0.573714 0.390468 0.545180 0.375929 0.546594 0.373982 0.574458 0.388179 0.752667 0.598776 0.730022 0.576131 0.731969 0.574716 0.754082 0.596829 0.545180 0.375929 0.522535 0.353284 0.524482 0.351869 0.546594 0.373982 0.781201 0.613315 0.752667 0.598776 0.754082 0.596829 0.781945 0.611026 0.522535 0.353284 0.507995 0.324750 0.510285 0.324006 0.524482 0.351869 0.752773 0.699146 0.752773 0.730777 0.750541 0.730033 0.750541 0.699146 0.507995 0.324750 0.502986 0.293119 0.505393 0.293119 0.510285 0.324006 0.771964 0.667515 0.752773 0.699146 0.750541 0.699146 0.769732 0.668259 0.502986 0.293119 0.507995 0.261488 0.510285 0.262232 0.505393 0.293119 0.771964 0.638981 0.771964 0.667515 0.769732 0.668259 0.769732 0.640396 0.507995 0.261488 0.522535 0.232954 0.524482 0.234369 0.510285 0.262232 0.752773 0.616336 0.771964 0.638981 0.769732 0.640396 0.750541 0.618283 0.522535 0.232954 0.545180 0.210309 0.546594 0.212256 0.524482 0.234369 0.134025 0.216427 0.119486 0.244961 0.117539 0.243547 
						0.131736 0.215683 0.545180 0.210309 0.573714 0.195770 0.574458 0.198059 0.546594 0.212256 0.139035 0.184796 0.134025 0.216427 0.131736 0.215683 0.136628 0.184796 0.573714 0.195770 0.605345 0.190760 0.605345 0.193167 0.574458 0.198059 0.134025 0.153165 0.139035 0.184796 0.136628 0.184796 0.131736 0.153909 0.605345 0.190760 0.636976 0.195770 0.636232 0.198059 0.605345 0.193167 0.119486 0.124631 0.134025 0.153165 0.131736 0.153909 0.117539 0.126046 0.636976 0.195770 0.665510 0.210309 0.664095 0.212256 0.636232 0.198059 0.096841 0.101986 0.119486 0.124631 0.117539 0.126046 0.095426 0.103933 0.665510 0.210309 0.688155 0.232954 0.686208 0.234369 0.664095 0.212256 0.925728 0.714104 0.906536 0.742639 0.904304 0.741224 0.923496 0.713361 0.688155 0.232954 0.702694 0.261488 0.700405 0.262232 0.686208 0.234369 0.925728 0.682474 0.925728 0.714104 0.923496 0.713361 0.923496 0.682474 0.702694 0.261488 0.707704 0.293119 0.705297 0.293119 0.700405 0.262232 0.906536 0.650843 0.925728 0.682474 0.923496 0.682474 0.904304 0.651587 0.707704 0.293119 0.702694 0.324750 0.700405 0.324006 0.705297 0.293119 0.605135 0.980886 0.590724 0.995297 0.582645 0.987218 
						0.597056 0.972808 0.939072 0.946772 0.931367 0.946772 0.932475 0.938884 0.941916 0.938693 0.922951 0.026780 0.915247 0.026780 0.912403 0.018702 0.921843 0.018893 0.914882 0.949900 0.914255 0.942203 0.292215 0.724320 0.305448 0.737553 0.939436 0.029908 0.940063 0.022211 0.100636 0.971179 0.097448 0.991308 0.086163 0.989521 0.089351 0.969392 0.782892 0.004524 0.782892 0.012228 0.771874 0.011120 0.771608 0.001680 0.235723 0.012228 0.235723 0.004523 0.247008 0.001680 0.246741 0.011120 0.788213 0.028713 0.777462 0.029340 0.316999 0.760222 0.319926 0.778707 0.230662 0.028713 0.241414 0.029340 0.574300 0.002985 0.583552 0.021143 0.573372 0.026330 0.564120 0.008172 0.678118 0.959936 0.685822 0.959936 0.684714 0.969875 0.675274 0.970116 0.706271 0.963085 0.706271 0.955380 0.716451 0.952537 0.716210 0.961977 0.702307 0.955631 0.702934 0.965330 0.315946 0.803836 0.307450 0.820511 0.701210 0.979570 0.710909 0.980196 0.444611 0.973352 0.435359 0.991510 0.425179 0.986323 0.434431 0.968165 0.366815 0.955381 0.366815 0.963086 0.356876 0.961977 0.356635 0.952537 0.813281 0.973353 0.813281 0.981058 0.803101 0.983902 0.803342 0.974462 0.371876 0.979571 
						0.362177 0.980197 0.289460 0.838501 0.272785 0.846997 0.817586 0.956868 0.807887 0.956242 0.012230 0.973097 0.015418 0.993226 0.004134 0.995013 0.000946 0.974884 0.758809 0.962229 0.758809 0.969934 0.747791 0.968825 0.747524 0.959385 0.729167 0.976497 0.729167 0.984201 0.717883 0.987045 0.718150 0.977605 0.763870 0.986418 0.753118 0.987045 0.247656 0.850977 0.229171 0.848050 0.734489 0.960012 0.723738 0.959385 0.180643 0.990923 0.195054 0.976513 0.203133 0.984591 0.188722 0.999002 0.003790 0.960348 0.011495 0.960348 0.010386 0.968236 0.000946 0.968427 0.211570 0.024927 0.203865 0.024927 0.201021 0.016849 0.210462 0.017040 0.027979 0.957220 0.028606 0.964917 0.206502 0.836499 0.193269 0.823266 0.228055 0.028055 0.228681 0.020358 0.039850 0.995079 0.043038 0.974950 0.054322 0.976737 0.051134 0.996866 0.831059 0.964082 0.831059 0.971786 0.820041 0.970678 0.819774 0.961238 0.621053 0.012165 0.621053 0.004460 0.632337 0.001616 0.632070 0.011056 0.836380 0.988271 0.825629 0.988898 0.181718 0.800597 0.178791 0.782112 0.615992 0.028649 0.626743 0.029276 0.286228 0.997066 0.276976 0.978908 0.287156 0.973721 0.296408 0.991880 0.181635 0.962518 
						0.189339 0.962518 0.188231 0.972458 0.178791 0.972698 0.615495 0.974198 0.615495 0.966493 0.625675 0.963649 0.625434 0.973089 0.205824 0.958213 0.206451 0.967912 0.182771 0.756983 0.191267 0.740308 0.610434 0.990682 0.620133 0.991309 0.764197 0.992377 0.773450 0.974219 0.783629 0.979406 0.774377 0.997564 0.843361 0.988465 0.843361 0.980761 0.853300 0.981869 0.853541 0.991309 0.108994 0.974198 0.108994 0.966493 0.119174 0.963649 0.118933 0.973089 0.838300 0.964276 0.847999 0.963649 0.209257 0.722318 0.225933 0.713822 0.104689 0.990682 0.114388 0.991309 0.676609 0.997864 0.673421 0.977735 0.684706 0.975948 0.687894 0.996076 0.861887 0.988820 0.861887 0.981115 0.872905 0.982224 0.873171 0.991664 0.632429 0.974552 0.632429 0.966848 0.643713 0.964004 0.643446 0.973444 0.856826 0.964630 0.867577 0.964004 0.251061 0.709842 0.269546 0.712769 0.627107 0.991037 0.637858 0.991664 0.249188 0.001506 0.262889 0.001506 0.262889 0.019091 0.249188 0.019091 0.749377 0.803379 0.763078 0.803379 0.763078 0.850692 0.749377 0.850692 0.790133 0.013138 0.803835 0.013138 0.803835 0.051235 0.790133 0.051235 0.391833 0.761241 0.405535 0.761241 0.405535 0.808555 
						0.391833 0.808555 0.577088 0.813700 0.577088 0.766386 0.615185 0.766386 0.615185 0.813700 0.897582 0.868806 0.897582 0.821493 0.935680 0.821493 0.935680 0.868806 0.405535 0.833754 0.391833 0.833754 0.615185 0.838899 0.597599 0.838899 0.749377 0.778180 0.763078 0.778180 0.918094 0.796293 0.935680 0.796293 0.391833 0.833754 0.405535 0.833754 0.405535 0.856250 0.391833 0.856250 0.615185 0.861396 0.597599 0.861396 0.749377 0.755683 0.763078 0.755683 0.918094 0.773797 0.935680 0.773797 0.447410 0.848895 0.447410 0.836208 0.454440 0.837200 0.454440 0.849416 0.447410 0.826139 0.454440 0.827505 0.399244 0.992666 0.399244 0.979979 0.406274 0.979458 0.406274 0.991674 0.399244 0.965915 0.406274 0.965915 0.244373 0.967767 0.244373 0.981830 0.237342 0.981309 0.237342 0.967767 0.244373 0.994518 0.237342 0.993525 0.447410 0.899778 0.447410 0.889709 0.454440 0.888717 0.454440 0.898412 0.447410 0.877022 0.454440 0.876500 0.447410 0.862958 0.454440 0.862958 0.461120 0.838826 0.461120 0.850271 0.461120 0.829743 0.412954 0.978603 0.412954 0.990048 0.412954 0.965915 0.230662 0.980454 0.230662 0.967767 0.230662 0.991899 0.461120 0.887090 0.461120 0.896173 
						0.461120 0.875645 0.461120 0.862958 0.467286 0.841047 0.467286 0.851439 0.467286 0.832800 0.155083 0.813313 0.166528 0.807481 0.167695 0.811074 0.157303 0.816369 0.179215 0.805472 0.179215 0.809250 0.179215 0.887584 0.166528 0.885575 0.167695 0.881982 0.179215 0.883806 0.155083 0.879743 0.157303 0.876687 0.467286 0.884870 0.467286 0.893117 0.467286 0.874478 0.467286 0.862958 0.472784 0.843807 0.472784 0.852890 0.472784 0.836599 0.169146 0.815540 0.160063 0.820168 0.179215 0.813946 0.169146 0.877516 0.179215 0.879111 0.160063 0.872888 0.472784 0.882110 0.472784 0.889318 0.472784 0.873027 0.472784 0.862958 0.477480 0.847039 0.477480 0.854589 0.152855 0.827377 0.163295 0.824617 0.157303 0.830608 0.170845 0.820770 0.179215 0.819444 0.170845 0.872287 0.179215 0.873612 0.163295 0.868440 0.152855 0.865680 0.157303 0.862448 0.477480 0.871328 0.477480 0.878878 0.477480 0.862958 0.153456 0.838159 0.162291 0.834232 0.159319 0.840064 0.166919 0.829604 0.172750 0.826633 0.179215 0.825609 0.172750 0.866423 0.179215 0.867447 0.166919 0.863452 0.162291 0.858824 0.153456 0.854898 0.159319 0.852993 0.481257 0.862958 0.481257 0.869423 0.481257 0.856494 
						0.167695 0.838159 0.165673 0.842128 0.170845 0.835009 0.174815 0.832986 0.179215 0.832289 0.174815 0.860070 0.179215 0.860767 0.170845 0.858048 0.167695 0.854898 0.165673 0.850928 0.158296 0.846528 0.164976 0.846528 0.173383 0.842291 0.172359 0.844301 0.174978 0.840697 0.176987 0.839673 0.179215 0.839320 0.183615 0.832986 0.181442 0.839673 0.183615 0.860070 0.179215 0.853736 0.181442 0.853384 0.176987 0.853384 0.174978 0.852360 0.173383 0.850765 0.172359 0.848756 0.172006 0.846528 0.179215 0.846528 0.183452 0.840697 0.183452 0.852360 0.779018 0.940139 0.802747 0.940139 0.802747 0.969390 0.779018 0.969390 0.506691 0.938551 0.530420 0.938551 0.530420 0.968477 0.506691 0.968477 0.814217 0.004291 0.837946 0.004291 0.837946 0.033542 0.814217 0.033542 0.039850 0.940403 0.063579 0.940403 0.063579 0.958366 0.039850 0.958366 0.584498 0.897558 0.614424 0.897558 0.614424 0.926809 0.584498 0.926809 0.082458 0.893853 0.112384 0.893853 0.112384 0.923104 0.082458 0.923104 0.837946 0.044995 0.814217 0.044995 0.596461 0.886105 0.614424 0.886105 0.063579 0.970329 0.039850 0.970329 0.039850 0.958366 0.063579 0.958366 0.082458 0.882400 0.100421 0.882400 
						0.856826 0.008306 0.877376 0.008306 0.877376 0.037557 0.856826 0.037557 0.403264 0.957904 0.382713 0.969769 0.367750 0.943853 0.388301 0.931988 0.138207 0.928662 0.117657 0.928662 0.117657 0.899410 0.138207 0.899410 0.293791 0.935692 0.314342 0.947556 0.305360 0.963113 0.284810 0.951248 0.880909 0.012451 0.906826 0.012451 0.906826 0.041702 0.880909 0.041702 0.138207 0.899410 0.153170 0.899410 0.153170 0.928662 0.138207 0.928662 0.117657 0.887958 0.138207 0.887958 0.891269 0.000998 0.906826 0.000998 0.299379 0.973473 0.278829 0.961608 0.284810 0.951248 0.305360 0.963113 0.306617 0.994969 0.306617 0.969052 0.318070 0.969052 0.318070 0.984608 0.879057 0.940139 0.899607 0.940139 0.899607 0.969390 0.879057 0.969390 0.332695 0.935097 0.353245 0.946962 0.338282 0.972878 0.317732 0.961014 0.816384 0.935133 0.795833 0.935133 0.795833 0.905881 0.816384 0.905881 0.444019 0.957971 0.423469 0.969836 0.414488 0.954280 0.435038 0.942415 0.780870 0.905881 0.795833 0.905881 0.795833 0.935133 0.780870 0.935133 0.158413 0.912337 0.184329 0.912337 0.184329 0.941588 0.158413 0.941588 0.795833 0.894428 0.816384 0.894428 0.786852 0.894428 0.795833 0.894428 
						0.408506 0.943920 0.429057 0.932055 0.435038 0.942415 0.414488 0.954280 0.158413 0.900884 0.173969 0.900884 0.377299 0.052066 0.396441 0.052066 0.396441 0.253936 0.377299 0.253936 0.071629 0.848978 0.071629 0.804662 0.090771 0.804662 0.090771 0.848978 0.090771 0.849465 0.071629 0.849465 0.175372 0.081174 0.194514 0.081174 0.194514 0.283044 0.175372 0.283044 0.377299 0.002088 0.396441 0.002088 0.396441 0.009265 0.377299 0.009265 0.000946 0.253936 0.000946 0.153001 0.000946 0.052066 0.009492 0.052066 0.009492 0.253936 0.273856 0.014754 0.283918 0.014754 0.283918 0.216624 0.273856 0.216624 0.273322 0.216624 0.273322 0.014754 0.194514 0.293857 0.175372 0.293857 0.000946 0.041253 0.009492 0.041253 0.396441 0.041253 0.377299 0.041253 0.377299 0.041253 0.396441 0.041253 0.273856 0.003941 0.273322 0.003941 0.396441 0.305420 0.377299 0.305420 0.342554 0.268108 0.286239 0.268108 0.286239 0.216624 0.296300 0.216624 0.296835 0.216624 0.343089 0.268108 0.175372 0.029690 0.194514 0.029690 0.283918 0.268108 0.227602 0.268108 0.227068 0.268108 0.071629 0.766569 0.090771 0.766569 0.090771 0.804662 0.071629 0.804662 0.368648 0.299464 0.324332 0.319592 
						0.369135 0.299243 0.175372 0.002088 0.194514 0.002088 0.245825 0.319592 0.201508 0.299464 0.201021 0.299243 0.055746 0.305420 0.047200 0.305420 0.073246 0.336555 0.081028 0.333021 0.090771 0.857246 0.071629 0.857246 0.111445 0.307272 0.119991 0.307272 0.093944 0.338408 0.086163 0.334874 0.157699 0.255788 0.166245 0.255788 0.157699 0.053918 0.166245 0.053918 0.166245 0.043105 0.157699 0.043105 0.296835 0.014754 0.286239 0.014754 0.296300 0.003941 0.296835 0.003941 0.296835 0.115689 0.396441 0.253936 0.396441 0.153001 0.400433 0.153001 0.400433 0.253936 0.396441 0.052066 0.400433 0.052066 0.198505 0.081174 0.198505 0.283044 0.396441 0.041253 0.400433 0.041253 0.400433 0.002088 0.400433 0.009265 0.198505 0.293857 0.198505 0.029690 0.198505 0.081174 0.090771 0.823419 0.090771 0.777165 0.094763 0.777165 0.094763 0.823419 0.090771 0.849465 0.094763 0.849465 0.198505 0.002088 0.094763 0.849465 0.094763 0.857246 0.071629 0.823419 0.071629 0.849465 0.067638 0.849465 0.067638 0.823419 0.067638 0.857246 0.067638 0.849465 0.171381 0.029690 0.171381 0.002088 0.071629 0.777165 0.067638 0.777165 0.171381 0.081174 0.377299 0.052066 0.377299 0.253936 
						0.373308 0.253936 0.373308 0.052066 0.171381 0.283044 0.171381 0.081174 0.377299 0.041253 0.373308 0.041253 0.171381 0.293857 0.373308 0.009265 0.373308 0.002088 0.194514 0.298814 0.175372 0.298814 0.377299 0.036296 0.396441 0.036296 0.198505 0.298814 0.000946 0.036296 0.009492 0.036296 0.400433 0.036296 0.373308 0.036296 0.157699 0.038148 0.166245 0.038148 0.171381 0.298814 0.175372 0.298814 0.194514 0.298814 0.194514 0.314124 0.175372 0.314124 0.396441 0.036296 0.377299 0.036296 0.377299 0.020986 0.396441 0.020986 0.198505 0.298814 0.198505 0.314124 0.012465 0.020986 0.021011 0.020986 0.400433 0.036296 0.400433 0.020986 0.373308 0.036296 0.373308 0.020986 0.146180 0.022839 0.154726 0.022839 0.171381 0.298814 0.171381 0.314124 0.175372 0.314124 0.194514 0.314124 0.194514 0.321705 0.175372 0.321705 0.396441 0.020986 0.377299 0.020986 0.377299 0.013404 0.396441 0.013404 0.198505 0.314124 0.198505 0.321705 0.012465 0.013404 0.021011 0.013404 0.400433 0.020986 0.400433 0.013404 0.373308 0.020986 0.373308 0.013404 0.146180 0.015257 0.154726 0.015257 0.171381 0.314124 0.171381 0.321705 0.194514 0.333021 0.175372 0.333021 0.377299 0.009265 
						0.396441 0.009265 0.198505 0.333021 0.006981 0.009265 0.011622 0.002088 0.400433 0.009265 0.373308 0.009265 0.155569 0.003941 0.160210 0.011117 0.171381 0.333021 0.355804 0.929535 0.355804 0.867718 0.378026 0.867718 0.378026 0.929535 0.499993 0.931386 0.499993 0.869569 0.531539 0.869569 0.531539 0.931386 0.000946 0.934361 0.000946 0.872544 0.036538 0.872544 0.036538 0.934361 0.654896 0.904175 0.716713 0.904175 0.716713 0.922351 0.654896 0.922351 0.746842 0.892782 0.746842 0.861236 0.782434 0.861236 0.782434 0.892782 0.261473 0.895043 0.261473 0.863497 0.297066 0.863497 0.297066 0.895043 0.716713 0.936031 0.654896 0.936031 0.769063 0.906462 0.746842 0.906462 0.486313 0.931386 0.486313 0.869569 0.261473 0.849817 0.283695 0.849817 0.734705 0.892782 0.734705 0.874607 0.249337 0.881672 0.249337 0.863497 0.734705 0.906462 0.343667 0.929535 0.343667 0.867718 0.249337 0.849817 0.888320 0.934361 0.888320 0.872544 0.903764 0.872544 0.903764 0.934361 0.717883 0.854968 0.733435 0.845791 0.716713 0.904175 0.654896 0.904175 0.654896 0.884537 0.716713 0.884537 0.248067 0.910488 0.232515 0.901311 0.903764 0.934361 0.903764 0.872544 0.923821 0.872544 
						0.923821 0.934361 0.717883 0.834911 0.733435 0.825734 0.716713 0.884537 0.654896 0.884537 0.654896 0.864480 0.716713 0.864480 0.248067 0.930545 0.232515 0.921368 0.786428 0.976019 0.800130 0.976019 0.800130 0.993605 0.786428 0.993605 0.410359 0.810377 0.424060 0.810377 0.424060 0.857690 0.410359 0.857690 0.840153 0.003732 0.853854 0.003732 0.853854 0.041829 0.840153 0.041829 0.428884 0.760829 0.442586 0.760829 0.442586 0.808143 0.428884 0.808143 0.766050 0.834078 0.766050 0.786765 0.804147 0.786765 0.804147 0.834078 0.110246 0.881541 0.110246 0.834228 0.148344 0.834228 0.148344 0.881541 0.442586 0.833342 0.428884 0.833342 0.804147 0.859277 0.786561 0.859277 0.410359 0.785178 0.424060 0.785178 0.130758 0.809028 0.148344 0.809028 0.428884 0.833342 0.442586 0.833342 0.442586 0.855838 0.428884 0.855838 0.804147 0.881774 0.786561 0.881774 0.410359 0.762681 0.424060 0.762681 0.130758 0.786532 0.148344 0.786532 0.391833 0.925475 0.391833 0.862628 0.431378 0.862628 0.431378 0.925475 0.502837 0.788913 0.532636 0.788913 0.532636 0.836095 0.502837 0.836095 0.299207 0.929180 0.299207 0.866333 0.338752 0.866333 0.338752 0.929180 0.325142 0.760756 
						0.387989 0.760756 0.387989 0.860263 0.325142 0.860263 0.656748 0.858537 0.656748 0.759030 0.696293 0.759030 0.696293 0.858537 0.000946 0.865351 0.000946 0.765844 0.040491 0.765844 0.040491 0.865351 0.486313 0.762750 0.549160 0.762750 0.532636 0.788913 0.502837 0.788913 0.715952 0.785193 0.715952 0.832374 0.549160 0.862258 0.486313 0.862258 0.502837 0.836095 0.532636 0.836095 0.060150 0.792007 0.060150 0.839188 0.186201 0.860009 0.186201 0.847322 0.193232 0.848314 0.193232 0.860531 0.186201 0.837254 0.193232 0.838619 0.494466 0.968890 0.494466 0.981577 0.487435 0.982098 0.487435 0.969882 0.494466 0.995640 0.487435 0.995640 0.903140 0.993788 0.903140 0.979725 0.910171 0.980246 0.910171 0.993788 0.903140 0.967038 0.910171 0.968030 0.186201 0.910892 0.186201 0.900824 0.193232 0.899832 0.193232 0.909527 0.186201 0.888137 0.193232 0.887615 0.186201 0.874073 0.193232 0.874073 0.199912 0.849941 0.199912 0.861386 0.199912 0.840858 0.480755 0.982953 0.480755 0.971508 0.480755 0.995640 0.916851 0.981101 0.916851 0.993788 0.916851 0.969656 0.199912 0.898205 0.199912 0.907288 0.199912 0.886760 0.199912 0.874073 0.206077 0.852161 0.206077 0.862553 
						0.206077 0.843914 0.581537 0.894447 0.570091 0.900279 0.568924 0.896686 0.579316 0.891391 0.557404 0.902288 0.557404 0.898510 0.557404 0.820176 0.570091 0.822186 0.568924 0.825778 0.557404 0.823954 0.581537 0.828017 0.579316 0.831073 0.206077 0.895984 0.206077 0.904232 0.206077 0.885592 0.206077 0.874073 0.211575 0.854922 0.211575 0.864004 0.211575 0.847713 0.567473 0.892220 0.576556 0.887592 0.557404 0.893815 0.567473 0.830245 0.557404 0.828650 0.576556 0.834873 0.211575 0.893224 0.211575 0.900433 0.211575 0.884141 0.211575 0.874073 0.216271 0.858153 0.216271 0.865703 0.583764 0.880384 0.573324 0.883144 0.579316 0.877152 0.565774 0.886991 0.557404 0.888316 0.565774 0.835474 0.557404 0.834148 0.573324 0.839321 0.583764 0.842081 0.579316 0.845312 0.216271 0.882442 0.216271 0.889993 0.216271 0.874073 0.583163 0.869602 0.574328 0.873528 0.577300 0.867697 0.569700 0.878156 0.563869 0.881127 0.557404 0.882151 0.563869 0.841337 0.557404 0.840313 0.569700 0.844308 0.574328 0.848936 0.583163 0.852863 0.577300 0.854768 0.220049 0.874073 0.220049 0.880537 0.220049 0.867609 0.568924 0.869602 0.570947 0.865632 0.565774 0.872752 0.561805 0.874774 
						0.557404 0.875471 0.561805 0.847690 0.557404 0.846993 0.565774 0.849713 0.568924 0.852863 0.570947 0.856832 0.578324 0.861232 0.571643 0.861232 0.563236 0.865469 0.564260 0.863460 0.561641 0.867064 0.559632 0.868088 0.557404 0.868440 0.553004 0.874774 0.555177 0.868088 0.553004 0.847690 0.557404 0.854024 0.555177 0.854377 0.559632 0.854377 0.561641 0.855401 0.563236 0.856995 0.564260 0.859005 0.564613 0.861232 0.557404 0.861232 0.553168 0.867064 0.553168 0.855401 0.671213 0.970603 0.647485 0.970603 0.647485 0.941351 0.671213 0.941351 0.500778 0.966913 0.477050 0.966622 0.477418 0.936698 0.501146 0.936990 0.611931 0.043393 0.588203 0.043393 0.588203 0.014142 0.611931 0.014142 0.147310 0.966621 0.123582 0.966913 0.123361 0.948952 0.147089 0.948660 0.254745 0.912629 0.284669 0.912629 0.284669 0.941880 0.254745 0.941880 0.441852 0.913225 0.471775 0.913225 0.471775 0.942476 0.441852 0.942476 0.588203 0.002689 0.611931 0.002689 0.266708 0.901176 0.284669 0.901176 0.123214 0.936990 0.146942 0.936698 0.147089 0.948660 0.123361 0.948952 0.441852 0.901772 0.459813 0.901772 0.551612 0.918782 0.572015 0.918782 0.572015 0.948034 0.551612 0.948034 
						0.630837 0.960444 0.610434 0.948328 0.625714 0.922597 0.646117 0.934714 0.228835 0.949886 0.208432 0.949886 0.208432 0.920635 0.228835 0.920635 0.082458 0.942251 0.102861 0.930134 0.112033 0.945579 0.091630 0.957695 0.572015 0.918782 0.556734 0.918782 0.556734 0.948034 0.572015 0.948034 0.536331 0.918782 0.551612 0.918782 0.551612 0.948034 0.536331 0.948034 0.208432 0.909182 0.228835 0.909182 0.565906 0.907329 0.556734 0.907329 0.118141 0.955865 0.097738 0.967981 0.091630 0.957695 0.112033 0.945579 0.536331 0.907329 0.545503 0.907329 0.719736 0.924213 0.740430 0.924213 0.740430 0.953464 0.719736 0.953464 0.577088 0.945517 0.597782 0.933906 0.612426 0.960005 0.591731 0.971616 0.840469 0.953464 0.819774 0.953464 0.819774 0.924213 0.840469 0.924213 0.404801 0.025560 0.416412 0.004865 0.432078 0.013654 0.420467 0.034349 0.775475 0.942155 0.749377 0.942155 0.749377 0.912903 0.775475 0.912903 0.849416 0.926783 0.875514 0.926783 0.875514 0.956034 0.849416 0.956034 0.819774 0.912760 0.840469 0.912760 0.765042 0.953607 0.749377 0.953607 0.725589 0.912760 0.746284 0.912760 0.849416 0.915330 0.865081 0.915330 0.110204 0.008151 0.111117 0.008151 
						0.111117 0.105514 0.110204 0.105514 0.111842 0.008151 0.111842 0.105514 0.364045 0.006298 0.364959 0.006298 0.364959 0.103661 0.364045 0.103661 0.365971 0.006298 0.365971 0.103661 0.366983 0.006298 0.366983 0.103661 0.367897 0.006298 0.367897 0.103661 0.806806 0.002593 0.807531 0.002593 0.807531 0.099956 0.806806 0.099956 0.808444 0.002593 0.808444 0.099956 0.809457 0.002593 0.809457 0.099956 0.810469 0.002593 0.810469 0.099956 0.811382 0.002593 0.811382 0.099956 0.812107 0.002593 0.812107 0.099956 0.942044 0.002593 0.942957 0.002593 0.942957 0.099956 0.942044 0.099956 0.943970 0.002593 0.943970 0.099956 0.944982 0.002593 0.944982 0.099956 0.945895 0.002593 0.945895 0.099956 0.106541 0.008151 0.107266 0.008151 0.107266 0.105514 0.106541 0.105514 0.108179 0.008151 0.108179 0.105514 0.109192 0.008151 0.109192 0.105514 0.100628 0.094573 0.099714 0.095039 0.098702 0.091923 0.101352 0.093849 0.101818 0.092936 0.101978 0.091923 0.101818 0.090911 0.101352 0.089998 0.100628 0.089273 0.099714 0.088807 0.098702 0.088647 0.097690 0.088807 0.096777 0.089273 0.096052 0.089998 0.095586 0.090911 0.095426 0.091923 0.095586 0.092936 0.096052 0.093849 
						0.096777 0.094573 0.097690 0.095039 0.098702 0.095199 0.097690 0.080218 0.096776 0.079753 0.098702 0.077103 0.096052 0.079028 0.095586 0.078115 0.095426 0.077103 0.095586 0.076090 0.096052 0.075177 0.096776 0.074452 0.097690 0.073987 0.098702 0.073827 0.099714 0.073987 0.100628 0.074452 0.101352 0.075177 0.101818 0.076090 0.101978 0.077103 0.101818 0.078115 0.101352 0.079028 0.100628 0.079753 0.099714 0.080218 0.098702 0.080379 0.102794 0.723237 0.103707 0.723237 0.103707 0.820600 0.102794 0.820600 0.104432 0.723237 0.104432 0.820600 0.890172 0.728794 0.891085 0.728794 0.891085 0.826157 0.890172 0.826157 0.892098 0.728794 0.892098 0.826157 0.893110 0.728794 0.893110 0.826157 0.894023 0.728794 0.894023 0.826157 0.741966 0.735140 0.742691 0.735140 0.742691 0.832503 0.741966 0.832503 0.743605 0.735140 0.743605 0.832503 0.744617 0.735140 0.744617 0.832503 0.745629 0.735140 0.745629 0.832503 0.746542 0.735140 0.746542 0.832503 0.747267 0.735140 0.747267 0.832503 0.882762 0.739011 0.883675 0.739011 0.883675 0.836374 0.882762 0.836374 0.884687 0.739011 0.884687 0.836374 0.885700 0.739011 0.885700 0.836374 0.886613 0.739011 0.886613 0.836374 
						0.099131 0.723237 0.099856 0.723237 0.099856 0.820600 0.099131 0.820600 0.100769 0.723237 0.100769 0.820600 0.101781 0.723237 0.101781 0.820600 0.100628 0.064933 0.099714 0.065398 0.098702 0.062282 0.101352 0.064208 0.101818 0.063295 0.101978 0.062282 0.101818 0.061270 0.101352 0.060357 0.100628 0.059632 0.099714 0.059167 0.098702 0.059006 0.097690 0.059167 0.096776 0.059632 0.096052 0.060357 0.095586 0.061270 0.095426 0.062282 0.095586 0.063295 0.096052 0.064208 0.096776 0.064933 0.097690 0.065398 0.098702 0.065558 0.097690 0.051767 0.096776 0.051302 0.098702 0.048652 0.096052 0.050577 0.095586 0.049664 0.095426 0.048652 0.095586 0.047639 0.096052 0.046726 0.096776 0.046001 0.097690 0.045536 0.098702 0.045376 0.099714 0.045536 0.100628 0.046001 0.101352 0.046726 0.101818 0.047639 0.101978 0.048652 0.101818 0.049664 0.101352 0.050577 0.100628 0.051302 0.099714 0.051767 0.098702 0.051928 
					</float_array>
					<technique_common>
						<accessor count="3122" offset="0" source="#meshId0-tex0-array" stride="2">
							<param name="S" type="float" />
							<param name="T" type="float" />
						</accessor>
					</technique_common>
				</source>
				<vertices id="meshId0-vertices">
					<input semantic="POSITION" source="#meshId0-positions" />
				</vertices>
				<polylist count="2796" material="defaultMaterial">
					<input offset="0" semantic="VERTEX" source="#meshId0-vertices" />
					<input offset="0" semantic="NORMAL" source="#meshId0-normals" />
					<input offset="0" semantic="TANGENT" source="#meshId0-tangents" />
					<input offset="0" semantic="BINORMAL" source="#meshId0-bitangents" />
					<input offset="0" semantic="TEXCOORD" source="#meshId0-tex0" set="0" />
					<vcount>
						3 3 3 3 3 3 3 3 3 3 3 3 3 3 3 3 3 3 3 3 3 3 3 3 3 3 3 3 3 3 3 3 3 3 3 3 3 3 3 3 3 3 3 3 3 3 3 3 3 3 3 3 3 3 3 3 3 3 3 3 3 3 3 3 
						3 3 3 3 3 3 3 3 3 3 3 3 3 3 3 3 3 3 3 3 3 3 3 3 3 3 3 3 3 3 3 3 3 3 3 3 3 3 3 3 3 3 3 3 3 3 3 3 3 3 3 3 3 3 3 3 3 3 3 3 3 3 3 3 
						3 3 3 3 3 3 3 3 3 3 3 3 3 3 3 3 3 3 3 3 3 3 3 3 3 3 3 3 3 3 3 3 3 3 3 3 3 3 3 3 3 3 3 3 3 3 3 3 3 3 3 3 3 3 3 3 3 3 3 3 3 3 3 3 
						3 3 3 3 3 3 3 3 3 3 3 3 3 3 3 3 3 3 3 3 3 3 3 3 3 3 3 3 3 3 3 3 3 3 3 3 3 3 3 3 3 3 3 3 3 3 3 3 3 3 3 3 3 3 3 3 3 3 3 3 3 3 3 3 
						3 3 3 3 3 3 3 3 3 3 3 3 3 3 3 3 3 3 3 3 3 3 3 3 3 3 3 3 3 3 3 3 3 3 3 3 3 3 3 3 3 3 3 3 3 3 3 3 3 3 3 3 3 3 3 3 3 3 3 3 3 3 3 3 
						3 3 3 3 3 3 3 3 3 3 3 3 3 3 3 3 3 3 3 3 3 3 3 3 3 3 3 3 3 3 3 3 3 3 3 3 3 3 3 3 3 3 3 3 3 3 3 3 3 3 3 3 3 3 3 3 3 3 3 3 3 3 3 3 
						3 3 3 3 3 3 3 3 3 3 3 3 3 3 3 3 3 3 3 3 3 3 3 3 3 3 3 3 3 3 3 3 3 3 3 3 3 3 3 3 3 3 3 3 3 3 3 3 3 3 3 3 3 3 3 3 3 3 3 3 3 3 3 3 
						3 3 3 3 3 3 3 3 3 3 3 3 3 3 3 3 3 3 3 3 3 3 3 3 3 3 3 3 3 3 3 3 3 3 3 3 3 3 3 3 3 3 3 3 3 3 3 3 3 3 3 3 3 3 3 3 3 3 3 3 3 3 3 3 
						3 3 3 3 3 3 3 3 3 3 3 3 3 3 3 3 3 3 3 3 3 3 3 3 3 3 3 3 3 3 3 3 3 3 3 3 3 3 3 3 3 3 3 3 3 3 3 3 3 3 3 3 3 3 3 3 3 3 3 3 3 3 3 3 
						3 3 3 3 3 3 3 3 3 3 3 3 3 3 3 3 3 3 3 3 3 3 3 3 3 3 3 3 3 3 3 3 3 3 3 3 3 3 3 3 3 3 3 3 3 3 3 3 3 3 3 3 3 3 3 3 3 3 3 3 3 3 3 3 
						3 3 3 3 3 3 3 3 3 3 3 3 3 3 3 3 3 3 3 3 3 3 3 3 3 3 3 3 3 3 3 3 3 3 3 3 3 3 3 3 3 3 3 3 3 3 3 3 3 3 3 3 3 3 3 3 3 3 3 3 3 3 3 3 
						3 3 3 3 3 3 3 3 3 3 3 3 3 3 3 3 3 3 3 3 3 3 3 3 3 3 3 3 3 3 3 3 3 3 3 3 3 3 3 3 3 3 3 3 3 3 3 3 3 3 3 3 3 3 3 3 3 3 3 3 3 3 3 3 
						3 3 3 3 3 3 3 3 3 3 3 3 3 3 3 3 3 3 3 3 3 3 3 3 3 3 3 3 3 3 3 3 3 3 3 3 3 3 3 3 3 3 3 3 3 3 3 3 3 3 3 3 3 3 3 3 3 3 3 3 3 3 3 3 
						3 3 3 3 3 3 3 3 3 3 3 3 3 3 3 3 3 3 3 3 3 3 3 3 3 3 3 3 3 3 3 3 3 3 3 3 3 3 3 3 3 3 3 3 3 3 3 3 3 3 3 3 3 3 3 3 3 3 3 3 3 3 3 3 
						3 3 3 3 3 3 3 3 3 3 3 3 3 3 3 3 3 3 3 3 3 3 3 3 3 3 3 3 3 3 3 3 3 3 3 3 3 3 3 3 3 3 3 3 3 3 3 3 3 3 3 3 3 3 3 3 3 3 3 3 3 3 3 3 
						3 3 3 3 3 3 3 3 3 3 3 3 3 3 3 3 3 3 3 3 3 3 3 3 3 3 3 3 3 3 3 3 3 3 3 3 3 3 3 3 3 3 3 3 3 3 3 3 3 3 3 3 3 3 3 3 3 3 3 3 3 3 3 3 
						3 3 3 3 3 3 3 3 3 3 3 3 3 3 3 3 3 3 3 3 3 3 3 3 3 3 3 3 3 3 3 3 3 3 3 3 3 3 3 3 3 3 3 3 3 3 3 3 3 3 3 3 3 3 3 3 3 3 3 3 3 3 3 3 
						3 3 3 3 3 3 3 3 3 3 3 3 3 3 3 3 3 3 3 3 3 3 3 3 3 3 3 3 3 3 3 3 3 3 3 3 3 3 3 3 3 3 3 3 3 3 3 3 3 3 3 3 3 3 3 3 3 3 3 3 3 3 3 3 
						3 3 3 3 3 3 3 3 3 3 3 3 3 3 3 3 3 3 3 3 3 3 3 3 3 3 3 3 3 3 3 3 3 3 3 3 3 3 3 3 3 3 3 3 3 3 3 3 3 3 3 3 3 3 3 3 3 3 3 3 3 3 3 3 
						3 3 3 3 3 3 3 3 3 3 3 3 3 3 3 3 3 3 3 3 3 3 3 3 3 3 3 3 3 3 3 3 3 3 3 3 3 3 3 3 3 3 3 3 3 3 3 3 3 3 3 3 3 3 3 3 3 3 3 3 3 3 3 3 
						3 3 3 3 3 3 3 3 3 3 3 3 3 3 3 3 3 3 3 3 3 3 3 3 3 3 3 3 3 3 3 3 3 3 3 3 3 3 3 3 3 3 3 3 3 3 3 3 3 3 3 3 3 3 3 3 3 3 3 3 3 3 3 3 
						3 3 3 3 3 3 3 3 3 3 3 3 3 3 3 3 3 3 3 3 3 3 3 3 3 3 3 3 3 3 3 3 3 3 3 3 3 3 3 3 3 3 3 3 3 3 3 3 3 3 3 3 3 3 3 3 3 3 3 3 3 3 3 3 
						3 3 3 3 3 3 3 3 3 3 3 3 3 3 3 3 3 3 3 3 3 3 3 3 3 3 3 3 3 3 3 3 3 3 3 3 3 3 3 3 3 3 3 3 3 3 3 3 3 3 3 3 3 3 3 3 3 3 3 3 3 3 3 3 
						3 3 3 3 3 3 3 3 3 3 3 3 3 3 3 3 3 3 3 3 3 3 3 3 3 3 3 3 3 3 3 3 3 3 3 3 3 3 3 3 3 3 3 3 3 3 3 3 3 3 3 3 3 3 3 3 3 3 3 3 3 3 3 3 
						3 3 3 3 3 3 3 3 3 3 3 3 3 3 3 3 3 3 3 3 3 3 3 3 3 3 3 3 3 3 3 3 3 3 3 3 3 3 3 3 3 3 3 3 3 3 3 3 3 3 3 3 3 3 3 3 3 3 3 3 3 3 3 3 
						3 3 3 3 3 3 3 3 3 3 3 3 3 3 3 3 3 3 3 3 3 3 3 3 3 3 3 3 3 3 3 3 3 3 3 3 3 3 3 3 3 3 3 3 3 3 3 3 3 3 3 3 3 3 3 3 3 3 3 3 3 3 3 3 
						3 3 3 3 3 3 3 3 3 3 3 3 3 3 3 3 3 3 3 3 3 3 3 3 3 3 3 3 3 3 3 3 3 3 3 3 3 3 3 3 3 3 3 3 3 3 3 3 3 3 3 3 3 3 3 3 3 3 3 3 3 3 3 3 
						3 3 3 3 3 3 3 3 3 3 3 3 3 3 3 3 3 3 3 3 3 3 3 3 3 3 3 3 3 3 3 3 3 3 3 3 3 3 3 3 3 3 3 3 3 3 3 3 3 3 3 3 3 3 3 3 3 3 3 3 3 3 3 3 
						3 3 3 3 3 3 3 3 3 3 3 3 3 3 3 3 3 3 3 3 3 3 3 3 3 3 3 3 3 3 3 3 3 3 3 3 3 3 3 3 3 3 3 3 3 3 3 3 3 3 3 3 3 3 3 3 3 3 3 3 3 3 3 3 
						3 3 3 3 3 3 3 3 3 3 3 3 3 3 3 3 3 3 3 3 3 3 3 3 3 3 3 3 3 3 3 3 3 3 3 3 3 3 3 3 3 3 3 3 3 3 3 3 3 3 3 3 3 3 3 3 3 3 3 3 3 3 3 3 
						3 3 3 3 3 3 3 3 3 3 3 3 3 3 3 3 3 3 3 3 3 3 3 3 3 3 3 3 3 3 3 3 3 3 3 3 3 3 3 3 3 3 3 3 3 3 3 3 3 3 3 3 3 3 3 3 3 3 3 3 3 3 3 3 
						3 3 3 3 3 3 3 3 3 3 3 3 3 3 3 3 3 3 3 3 3 3 3 3 3 3 3 3 3 3 3 3 3 3 3 3 3 3 3 3 3 3 3 3 3 3 3 3 3 3 3 3 3 3 3 3 3 3 3 3 3 3 3 3 
						3 3 3 3 3 3 3 3 3 3 3 3 3 3 3 3 3 3 3 3 3 3 3 3 3 3 3 3 3 3 3 3 3 3 3 3 3 3 3 3 3 3 3 3 3 3 3 3 3 3 3 3 3 3 3 3 3 3 3 3 3 3 3 3 
						3 3 3 3 3 3 3 3 3 3 3 3 3 3 3 3 3 3 3 3 3 3 3 3 3 3 3 3 3 3 3 3 3 3 3 3 3 3 3 3 3 3 3 3 3 3 3 3 3 3 3 3 3 3 3 3 3 3 3 3 3 3 3 3 
						3 3 3 3 3 3 3 3 3 3 3 3 3 3 3 3 3 3 3 3 3 3 3 3 3 3 3 3 3 3 3 3 3 3 3 3 3 3 3 3 3 3 3 3 3 3 3 3 3 3 3 3 3 3 3 3 3 3 3 3 3 3 3 3 
						3 3 3 3 3 3 3 3 3 3 3 3 3 3 3 3 3 3 3 3 3 3 3 3 3 3 3 3 3 3 3 3 3 3 3 3 3 3 3 3 3 3 3 3 3 3 3 3 3 3 3 3 3 3 3 3 3 3 3 3 3 3 3 3 
						3 3 3 3 3 3 3 3 3 3 3 3 3 3 3 3 3 3 3 3 3 3 3 3 3 3 3 3 3 3 3 3 3 3 3 3 3 3 3 3 3 3 3 3 3 3 3 3 3 3 3 3 3 3 3 3 3 3 3 3 3 3 3 3 
						3 3 3 3 3 3 3 3 3 3 3 3 3 3 3 3 3 3 3 3 3 3 3 3 3 3 3 3 3 3 3 3 3 3 3 3 3 3 3 3 3 3 3 3 3 3 3 3 3 3 3 3 3 3 3 3 3 3 3 3 3 3 3 3 
						3 3 3 3 3 3 3 3 3 3 3 3 3 3 3 3 3 3 3 3 3 3 3 3 3 3 3 3 3 3 3 3 3 3 3 3 3 3 3 3 3 3 3 3 3 3 3 3 3 3 3 3 3 3 3 3 3 3 3 3 3 3 3 3 
						3 3 3 3 3 3 3 3 3 3 3 3 3 3 3 3 3 3 3 3 3 3 3 3 3 3 3 3 3 3 3 3 3 3 3 3 3 3 3 3 3 3 3 3 3 3 3 3 3 3 3 3 3 3 3 3 3 3 3 3 3 3 3 3 
						3 3 3 3 3 3 3 3 3 3 3 3 3 3 3 3 3 3 3 3 3 3 3 3 3 3 3 3 3 3 3 3 3 3 3 3 3 3 3 3 3 3 3 3 3 3 3 3 3 3 3 3 3 3 3 3 3 3 3 3 3 3 3 3 
						3 3 3 3 3 3 3 3 3 3 3 3 3 3 3 3 3 3 3 3 3 3 3 3 3 3 3 3 3 3 3 3 3 3 3 3 3 3 3 3 3 3 3 3 3 3 3 3 3 3 3 3 3 3 3 3 3 3 3 3 3 3 3 3 
						3 3 3 3 3 3 3 3 3 3 3 3 3 3 3 3 3 3 3 3 3 3 3 3 3 3 3 3 3 3 3 3 3 3 3 3 3 3 3 3 3 3 3 3 3 3 3 3 3 3 3 3 3 3 3 3 3 3 3 3 3 3 3 3 
						3 3 3 3 3 3 3 3 3 3 3 3 3 3 3 3 3 3 3 3 3 3 3 3 3 3 3 3 3 3 3 3 3 3 3 3 3 3 3 3 3 3 3 3 
					</vcount>
					<p>
						3 0 1 1 2 3 2 1 4 4 5 2 9 6 7 7 8 9 8 7 10 10 11 8 11 10 12 12 13 11 13 12 14 14 15 13 19 16 17 17 18 19 18 17 20 20 21 18 21 20 22 22 23 21 23 22 24 24 25 23 25 24 26 26 27 25 27 26 28 28 29 27 33 30 31 31 32 33 32 31 34 34 35 32 35 34 36 36 37 35 37 36 38 38 39 37 43 40 41 41 42 43 42 41 44 44 45 42 45 44 46 46 47 45 47 46 0 0 3 47 48 49 50 51 48 50 52 51 50 53 52 50 54 53 50 55 54 50 56 55 50 57 56 50 58 57 50 59 58 50 60 59 50 61 60 50 62 61 50 63 62 50 64 63 50 65 64 50 66 65 50 67 66 50 68 67 50 49 68 50 70 1 0 0 69 70 71 4 1 1 70 71 
						73 7 6 6 72 73 74 10 7 7 73 74 75 12 10 10 74 75 76 14 12 12 75 76 78 17 16 16 77 78 79 20 17 17 78 79 80 22 20 20 79 80 81 24 22 22 80 81 82 26 24 24 81 82 83 28 26 26 82 83 85 31 30 30 84 85 86 34 31 31 85 86 87 36 34 34 86 87 88 38 36 36 87 88 90 41 40 40 89 90 91 44 41 41 90 91 92 46 44 44 91 92 69 0 46 46 92 69 96 93 94 94 95 96 98 97 93 93 96 98 102 99 100 100 101 102 104 103 99 99 102 104 106 105 103 103 104 106 108 107 105 105 106 108 112 109 110 110 111 112 114 113 109 109 112 114 116 115 113 113 114 116 118 117 115 115 116 118 120 119 117 117 118 120 122 121 119 119 120 122 126 123 124 124 125 126 128 127 123 123 126 128 
						130 129 127 127 128 130 132 131 129 129 130 132 136 133 134 134 135 136 138 137 133 133 136 138 140 139 137 137 138 140 95 94 139 139 140 95 144 141 142 142 143 144 146 145 141 141 144 146 148 147 145 145 146 148 150 149 147 147 148 150 152 151 149 149 150 152 154 153 151 151 152 154 156 155 153 153 154 156 158 157 155 155 156 158 160 159 157 157 158 160 162 161 159 159 160 162 164 163 161 161 162 164 166 165 163 163 164 166 168 167 165 165 166 168 170 169 167 167 168 170 172 171 169 169 170 172 174 173 171 171 172 174 176 175 173 173 174 176 178 177 175 175 176 178 180 179 177 177 178 180 143 142 179 179 180 143 184 181 182 182 183 184 186 185 181 181 184 186 190 187 188 188 189 190 192 191 187 187 190 192 194 193 191 191 192 194 196 195 193 193 194 196 
						200 197 198 198 199 200 202 201 197 197 200 202 204 203 201 201 202 204 206 205 203 203 204 206 208 207 205 205 206 208 210 209 207 207 208 210 214 211 212 212 213 214 216 215 211 211 214 216 218 217 215 215 216 218 220 219 217 217 218 220 224 221 222 222 223 224 226 225 221 221 224 226 228 227 225 225 226 228 183 182 227 227 228 183 232 229 230 230 231 232 234 233 229 229 232 234 236 235 233 233 234 236 238 237 235 235 236 238 240 239 237 237 238 240 242 241 239 239 240 242 244 243 241 241 242 244 246 245 243 243 244 246 248 204 202 202 247 248 249 206 204 204 248 249 253 250 251 251 252 253 255 254 250 250 253 255 257 256 254 254 255 257 259 258 256 256 257 259 261 260 258 258 259 261 263 262 260 260 261 263 265 264 262 262 263 265 267 266 264 264 265 267 
						269 228 226 226 268 269 270 183 228 228 269 270 274 271 272 272 273 274 276 275 271 271 274 276 280 277 278 278 279 280 282 281 277 277 280 282 284 283 281 281 282 284 286 285 283 283 284 286 290 287 288 288 289 290 292 291 287 287 290 292 294 293 291 291 292 294 296 295 293 293 294 296 298 297 295 295 296 298 300 299 297 297 298 300 304 301 302 302 303 304 306 305 301 301 304 306 308 307 305 305 306 308 310 309 307 307 308 310 314 311 312 312 313 314 316 315 311 311 314 316 318 317 315 315 316 318 273 272 317 317 318 273 320 274 273 273 319 320 321 276 274 274 320 321 323 280 279 279 322 323 324 282 280 280 323 324 325 284 282 282 324 325 326 286 284 284 325 326 328 290 289 289 327 328 329 292 290 290 328 329 330 294 292 292 329 330 331 296 294 294 330 331 
						332 298 296 296 331 332 333 300 298 298 332 333 335 304 303 303 334 335 336 306 304 304 335 336 337 308 306 306 336 337 338 310 308 308 337 338 340 314 313 313 339 340 341 316 314 314 340 341 342 318 316 316 341 342 319 273 318 318 342 319 346 343 344 344 345 346 348 347 343 343 346 348 352 349 350 350 351 352 354 353 349 349 352 354 356 355 353 353 354 356 358 357 355 355 356 358 362 359 360 360 361 362 364 363 359 359 362 364 366 365 363 363 364 366 368 367 365 365 366 368 370 369 367 367 368 370 372 371 369 369 370 372 376 373 374 374 375 376 378 377 373 373 376 378 380 379 377 377 378 380 382 381 379 379 380 382 386 383 384 384 385 386 388 387 383 383 386 388 390 389 387 387 388 390 345 344 389 389 390 345 394 391 392 392 393 394 396 395 391 391 394 396 
						400 397 398 398 399 400 402 401 397 397 400 402 404 403 401 401 402 404 406 405 403 403 404 406 410 407 408 408 409 410 412 411 407 407 410 412 414 413 411 411 412 414 416 415 413 413 414 416 418 417 415 415 416 418 420 419 417 417 418 420 424 421 422 422 423 424 426 425 421 421 424 426 428 427 425 425 426 428 430 429 427 427 428 430 434 431 432 432 433 434 436 435 431 431 434 436 438 437 435 435 436 438 393 392 437 437 438 393 442 439 440 440 441 442 444 443 439 439 442 444 446 445 443 443 444 446 448 447 445 445 446 448 450 449 447 447 448 450 452 451 449 449 450 452 454 453 451 451 452 454 456 455 453 453 454 456 460 457 458 458 459 460 462 461 457 457 460 462 466 463 464 464 465 466 468 467 463 463 466 468 470 469 467 467 468 470 472 471 469 469 470 472 
						474 473 471 471 472 474 476 475 473 473 474 476 478 477 475 475 476 478 480 479 477 477 478 480 484 481 482 482 483 484 486 485 481 481 484 486 490 487 488 488 489 490 492 491 487 487 490 492 494 493 491 491 492 494 496 495 493 493 494 496 498 497 495 495 496 498 500 499 497 497 498 500 502 501 499 499 500 502 504 503 501 501 502 504 506 505 503 503 504 506 508 507 505 505 506 508 510 509 507 507 508 510 512 511 509 509 510 512 514 513 511 511 512 514 516 515 513 513 514 516 518 517 515 515 516 518 520 519 517 517 518 520 522 521 519 519 520 522 524 523 521 521 522 524 526 525 523 523 524 526 489 488 525 525 526 489 530 527 528 528 529 530 532 531 527 527 530 532 536 533 534 534 535 536 538 537 533 533 536 538 540 539 537 537 538 540 542 541 539 539 540 542 
						546 543 544 544 545 546 548 547 543 543 546 548 550 549 547 547 548 550 552 551 549 549 550 552 554 553 551 551 552 554 556 555 553 553 554 556 560 557 558 558 559 560 562 561 557 557 560 562 564 563 561 561 562 564 566 565 563 563 564 566 570 567 568 568 569 570 572 571 567 567 570 572 574 573 571 571 572 574 529 528 573 573 574 529 576 530 529 529 575 576 577 532 530 530 576 577 581 578 579 579 580 581 583 582 578 578 581 583 585 584 582 582 583 585 587 586 584 584 585 587 589 546 545 545 588 589 590 548 546 546 589 590 591 550 548 548 590 591 592 552 550 550 591 592 593 554 552 552 592 593 594 556 554 554 593 594 598 595 596 596 597 598 600 599 595 595 598 600 602 601 599 599 600 602 604 603 601 601 602 604 606 570 569 569 605 606 607 572 570 570 606 607 
						608 574 572 572 607 608 575 529 574 574 608 575 610 3 2 2 609 610 609 2 5 5 611 609 613 9 8 8 612 613 612 8 11 11 614 612 614 11 13 13 615 614 615 13 15 15 616 615 618 19 18 18 617 618 617 18 21 21 619 617 619 21 23 23 620 619 620 23 25 25 621 620 621 25 27 27 622 621 622 27 29 29 623 622 625 33 32 32 624 625 624 32 35 35 626 624 626 35 37 37 627 626 627 37 39 39 628 627 630 43 42 42 629 630 629 42 45 45 631 629 631 45 47 47 632 631 632 47 3 3 610 632 634 610 609 609 633 634 633 609 611 611 635 633 637 613 612 612 636 637 636 612 614 614 638 636 638 614 615 615 639 638 639 615 616 616 640 639 642 618 617 617 641 642 641 617 619 619 643 641 643 619 620 620 644 643 644 620 621 621 645 644 
						645 621 622 622 646 645 646 622 623 623 647 646 649 625 624 624 648 649 648 624 626 626 650 648 650 626 627 627 651 650 651 627 628 628 652 651 654 630 629 629 653 654 653 629 631 631 655 653 655 631 632 632 656 655 656 632 610 610 634 656 658 634 633 633 657 658 662 659 660 660 661 662 661 660 663 663 664 661 664 663 665 665 666 664 666 665 667 667 668 666 668 667 669 669 670 668 670 669 671 671 672 670 674 641 643 643 673 674 673 643 644 644 675 673 675 644 645 645 676 675 676 645 646 646 677 676 681 678 679 679 680 681 680 679 682 682 683 680 683 682 684 684 685 683 685 684 686 686 687 685 687 686 688 688 689 687 689 688 690 690 691 689 693 653 655 655 692 693 692 655 656 656 694 692 694 656 634 634 658 694 698 695 696 696 697 698 697 696 699 699 700 697 
						704 701 702 702 703 704 703 702 705 705 706 703 706 705 707 707 708 706 708 707 709 709 710 708 714 711 712 712 713 714 713 712 715 715 716 713 716 715 717 717 718 716 718 717 719 719 720 718 720 719 721 721 722 720 722 721 723 723 724 722 728 725 726 726 727 728 727 726 729 729 730 727 730 729 731 731 732 730 732 731 733 733 734 732 738 735 736 736 737 738 737 736 739 739 740 737 740 739 741 741 742 740 742 741 695 695 698 742 746 743 744 744 745 746 745 744 747 747 748 745 748 747 749 749 750 748 750 749 751 751 752 750 752 751 753 753 754 752 754 753 755 755 756 754 756 755 757 757 758 756 758 757 759 759 760 758 760 759 761 761 762 760 762 761 763 763 764 762 764 763 765 765 766 764 766 765 767 767 768 766 768 767 769 769 770 768 770 769 771 771 772 770 
						772 771 773 773 774 772 774 773 775 775 776 774 776 775 777 777 778 776 778 777 779 779 780 778 780 779 781 781 782 780 782 781 743 743 746 782 786 783 784 784 785 786 785 784 787 787 788 785 792 789 790 790 791 792 791 790 793 793 794 791 794 793 795 795 796 794 796 795 797 797 798 796 802 799 800 800 801 802 801 800 803 803 804 801 804 803 805 805 806 804 806 805 807 807 808 806 808 807 809 809 810 808 810 809 811 811 812 810 816 813 814 814 815 816 815 814 817 817 818 815 818 817 819 819 820 818 820 819 821 821 822 820 826 823 824 824 825 826 825 824 827 827 828 825 828 827 829 829 830 828 830 829 783 783 786 830 834 831 832 832 833 834 838 835 836 836 837 838 842 839 840 840 841 842 846 843 844 844 845 846 845 847 848 848 849 845 853 850 851 851 852 853 
						857 854 855 855 856 857 861 858 859 859 860 861 865 862 863 863 864 865 864 866 867 867 868 864 872 869 870 870 871 872 876 873 874 874 875 876 880 877 878 878 879 880 884 881 882 882 883 884 883 885 886 886 887 883 891 888 889 889 890 891 895 892 893 893 894 895 899 896 897 897 898 899 903 900 901 901 902 903 902 904 905 905 906 902 909 906 907 907 908 909 908 907 910 910 911 908 915 912 913 913 914 915 914 913 916 916 917 914 917 916 918 918 919 917 919 918 920 920 921 919 925 922 923 923 924 925 924 923 865 865 926 924 926 865 864 864 927 926 927 864 868 868 928 927 928 868 929 929 930 928 930 929 931 931 932 930 936 933 934 934 935 936 935 934 937 937 938 935 938 937 939 939 940 938 940 939 941 941 942 940 946 943 944 944 945 946 945 944 903 903 947 945 
						947 903 902 902 948 947 948 902 906 906 909 948 950 909 908 908 949 950 949 908 911 911 951 949 953 915 914 914 952 953 952 914 917 917 954 952 954 917 919 919 955 954 955 919 921 921 956 955 958 925 924 924 957 958 957 924 926 926 959 957 959 926 927 927 960 959 960 927 928 928 961 960 961 928 930 930 962 961 962 930 932 932 963 962 965 936 935 935 964 965 964 935 938 938 966 964 966 938 940 940 967 966 967 940 942 942 968 967 970 946 945 945 969 970 969 945 947 947 971 969 971 947 948 948 972 971 972 948 909 909 950 972 976 973 974 974 975 976 975 974 977 977 978 975 978 977 979 979 980 978 980 979 981 981 982 980 982 981 983 983 984 982 984 983 985 985 986 984 986 985 987 987 988 986 988 987 989 989 990 988 992 959 960 960 991 992 991 960 961 961 993 991 
						997 994 995 995 996 997 996 995 998 998 999 996 999 998 1000 1000 1001 999 1001 1000 1002 1002 1003 1001 1003 1002 1004 1004 1005 1003 1005 1004 1006 1006 1007 1005 1007 1006 1008 1008 1009 1007 1009 1008 1010 1010 1011 1009 1013 971 972 972 1012 1013 1012 972 950 950 1014 1012 1018 1015 1016 1016 1017 1018 1017 1016 1019 1019 1020 1017 1024 1021 1022 1022 1023 1024 1023 1022 1025 1025 1026 1023 1026 1025 1027 1027 1028 1026 1028 1027 1029 1029 1030 1028 1034 1031 1032 1032 1033 1034 1033 1032 1035 1035 1036 1033 1036 1035 1037 1037 1038 1036 1038 1037 1039 1039 1040 1038 1040 1039 1041 1041 1042 1040 1042 1041 1043 1043 1044 1042 1048 1045 1046 1046 1047 1048 1047 1046 1049 1049 1050 1047 1050 1049 1051 1051 1052 1050 1052 1051 1053 1053 1054 1052 1058 1055 1056 1056 1057 1058 1057 1056 1059 1059 1060 1057 1060 1059 1061 1061 1062 1060 1062 1061 1015 1015 1018 1062 1064 1018 1017 1017 1063 1064 1063 1017 1020 1020 1065 1063 
						1067 1024 1023 1023 1066 1067 1066 1023 1026 1026 1068 1066 1068 1026 1028 1028 1069 1068 1069 1028 1030 1030 1070 1069 1072 1034 1033 1033 1071 1072 1071 1033 1036 1036 1073 1071 1073 1036 1038 1038 1074 1073 1074 1038 1040 1040 1075 1074 1075 1040 1042 1042 1076 1075 1076 1042 1044 1044 1077 1076 1079 1048 1047 1047 1078 1079 1078 1047 1050 1050 1080 1078 1080 1050 1052 1052 1081 1080 1081 1052 1054 1054 1082 1081 1084 1058 1057 1057 1083 1084 1083 1057 1060 1060 1085 1083 1085 1060 1062 1062 1086 1085 1086 1062 1018 1018 1064 1086 1090 1087 1088 1088 1089 1090 1089 1088 1091 1091 1092 1089 1096 1093 1094 1094 1095 1096 1095 1094 1097 1097 1098 1095 1098 1097 1099 1099 1100 1098 1100 1099 1101 1101 1102 1100 1106 1103 1104 1104 1105 1106 1105 1104 1107 1107 1108 1105 1108 1107 1109 1109 1110 1108 1110 1109 1111 1111 1112 1110 1112 1111 1113 1113 1114 1112 1114 1113 1115 1115 1116 1114 1120 1117 1118 1118 1119 1120 1119 1118 1121 1121 1122 1119 
						1122 1121 1123 1123 1124 1122 1124 1123 1125 1125 1126 1124 1130 1127 1128 1128 1129 1130 1129 1128 1131 1131 1132 1129 1132 1131 1133 1133 1134 1132 1134 1133 1087 1087 1090 1134 1136 1090 1089 1089 1135 1136 1135 1089 1092 1092 1137 1135 1139 1096 1095 1095 1138 1139 1138 1095 1098 1098 1140 1138 1140 1098 1100 1100 1141 1140 1141 1100 1102 1102 1142 1141 1144 1106 1105 1105 1143 1144 1143 1105 1108 1108 1145 1143 1145 1108 1110 1110 1146 1145 1146 1110 1112 1112 1147 1146 1147 1112 1114 1114 1148 1147 1148 1114 1116 1116 1149 1148 1151 1120 1119 1119 1150 1151 1150 1119 1122 1122 1152 1150 1152 1122 1124 1124 1153 1152 1153 1124 1126 1126 1154 1153 1156 1130 1129 1129 1155 1156 1155 1129 1132 1132 1157 1155 1157 1132 1134 1134 1158 1157 1158 1134 1090 1090 1136 1158 1162 1159 1160 1160 1161 1162 1161 1160 1163 1163 1164 1161 1168 1165 1166 1166 1167 1168 1167 1166 1169 1169 1170 1167 1170 1169 1171 1171 1172 1170 1172 1171 1173 1173 1174 1172 
						1178 1175 1176 1176 1177 1178 1177 1176 1179 1179 1180 1177 1180 1179 1181 1181 1182 1180 1182 1181 1183 1183 1184 1182 1184 1183 1185 1185 1186 1184 1186 1185 1187 1187 1188 1186 1192 1189 1190 1190 1191 1192 1191 1190 1193 1193 1194 1191 1194 1193 1195 1195 1196 1194 1196 1195 1197 1197 1198 1196 1202 1199 1200 1200 1201 1202 1201 1200 1203 1203 1204 1201 1204 1203 1205 1205 1206 1204 1206 1205 1159 1159 1162 1206 1208 1162 1161 1161 1207 1208 1212 1209 1210 1210 1211 1212 1211 1210 1213 1213 1214 1211 1214 1213 1215 1215 1216 1214 1216 1215 1217 1217 1218 1216 1218 1217 1219 1219 1220 1218 1220 1219 1221 1221 1222 1220 1224 1177 1180 1180 1223 1224 1223 1180 1182 1182 1225 1223 1225 1182 1184 1184 1226 1225 1226 1184 1186 1186 1227 1226 1231 1228 1229 1229 1230 1231 1230 1229 1232 1232 1233 1230 1233 1232 1234 1234 1235 1233 1235 1234 1236 1236 1237 1235 1237 1236 1238 1238 1239 1237 1239 1238 1240 1240 1241 1239 1243 1201 1204 1204 1242 1243 
						1242 1204 1206 1206 1244 1242 1244 1206 1162 1162 1208 1244 1248 1245 1246 1246 1247 1248 1252 1249 1250 1250 1251 1252 1251 1250 1253 1253 1254 1251 1254 1253 1255 1255 1256 1254 1256 1255 1257 1257 1258 1256 1258 1257 1259 1259 1260 1258 1260 1259 1261 1261 1262 1260 1266 1263 1264 1264 1265 1266 1265 1264 1267 1267 1268 1265 1268 1267 1269 1269 1270 1268 1270 1269 1271 1271 1272 1270 1276 1273 1274 1274 1275 1276 1275 1274 1277 1277 1278 1275 1278 1277 1279 1279 1280 1278 1280 1279 1281 1281 1282 1280 1282 1281 1283 1283 1284 1282 1284 1283 1285 1285 1286 1284 1290 1287 1288 1288 1289 1290 1289 1288 1291 1291 1292 1289 1292 1291 1245 1245 1248 1292 1296 1293 1294 1294 1295 1296 1295 1294 1297 1297 1298 1295 1298 1297 1299 1299 1300 1298 1300 1299 1301 1301 1302 1300 1302 1301 1303 1303 1304 1302 1304 1303 1305 1305 1306 1304 1306 1305 1307 1307 1308 1306 1312 1309 1310 1310 1311 1312 1311 1310 1313 1313 1314 1311 1314 1313 1315 1315 1316 1314 
						1316 1315 1317 1317 1318 1316 1322 1319 1320 1320 1321 1322 1326 1323 1324 1324 1325 1326 1330 1327 1328 1328 1329 1330 1334 1331 1332 1332 1333 1334 1333 1332 1335 1335 1336 1333 1336 1335 1337 1337 1338 1336 1338 1337 1339 1339 1340 1338 1340 1339 1341 1341 1342 1340 1342 1341 1293 1293 1296 1342 1346 1343 1344 1344 1345 1346 1345 1344 1347 1347 1348 1345 1352 1349 1350 1350 1351 1352 1351 1350 1353 1353 1354 1351 1354 1353 1355 1355 1356 1354 1356 1355 1357 1357 1358 1356 1362 1359 1360 1360 1361 1362 1361 1360 1363 1363 1364 1361 1364 1363 1365 1365 1366 1364 1366 1365 1367 1367 1368 1366 1368 1367 1369 1369 1370 1368 1370 1369 1371 1371 1372 1370 1376 1373 1374 1374 1375 1376 1375 1374 1377 1377 1378 1375 1378 1377 1379 1379 1380 1378 1380 1379 1381 1381 1382 1380 1386 1383 1384 1384 1385 1386 1385 1384 1387 1387 1388 1385 1388 1387 1389 1389 1390 1388 1390 1389 1343 1343 1346 1390 1394 1391 1392 1392 1393 1394 1393 1392 1395 1395 1396 1393 
						1396 1395 1397 1397 1398 1396 1398 1397 1399 1399 1400 1398 1400 1399 1401 1401 1402 1400 1402 1401 1403 1403 1404 1402 1404 1403 1405 1405 1406 1404 1406 1405 1407 1407 1408 1406 1408 1407 1409 1409 1410 1408 1410 1409 1411 1411 1412 1410 1412 1411 1413 1413 1414 1412 1414 1413 1415 1415 1416 1414 1416 1415 1417 1417 1418 1416 1418 1417 1419 1419 1420 1418 1420 1419 1421 1421 1422 1420 1422 1421 1423 1423 1424 1422 1424 1423 1425 1425 1426 1424 1426 1425 1427 1427 1428 1426 1428 1427 1429 1429 1430 1428 1430 1429 1391 1391 1394 1430 1434 1431 1432 1432 1433 1434 1433 1432 1435 1435 1436 1433 1436 1435 1437 1437 1438 1436 1438 1437 1439 1439 1440 1438 1440 1439 1441 1441 1442 1440 1442 1441 1443 1443 1444 1442 1444 1443 1445 1445 1446 1444 1446 1445 1447 1447 1448 1446 1448 1447 1449 1449 1450 1448 1450 1449 1451 1451 1452 1450 1452 1451 1453 1453 1454 1452 1454 1453 1455 1455 1456 1454 1456 1455 1457 1457 1458 1456 1458 1457 1459 1459 1460 1458 
						1460 1459 1461 1461 1462 1460 1462 1461 1463 1463 1464 1462 1464 1463 1465 1465 1466 1464 1466 1465 1467 1467 1468 1466 1468 1467 1469 1469 1470 1468 1470 1469 1431 1431 1434 1470 1474 1471 1472 1472 1473 1474 1473 1472 1475 1475 1476 1473 1476 1475 1477 1477 1478 1476 1478 1477 1479 1479 1480 1478 1480 1479 1481 1481 1482 1480 1482 1481 1483 1483 1484 1482 1484 1483 1485 1485 1486 1484 1486 1485 1487 1487 1488 1486 1488 1487 1489 1489 1490 1488 1490 1489 1491 1491 1492 1490 1492 1491 1493 1493 1494 1492 1494 1493 1495 1495 1496 1494 1496 1495 1497 1497 1498 1496 1498 1497 1499 1499 1500 1498 1500 1499 1501 1501 1502 1500 1502 1501 1503 1503 1504 1502 1504 1503 1505 1505 1506 1504 1506 1505 1507 1507 1508 1506 1508 1507 1509 1509 1510 1508 1510 1509 1471 1471 1474 1510 1514 1511 1512 1512 1513 1514 1518 1515 1516 1516 1517 1518 1522 1519 1520 1520 1521 1522 1526 1523 1524 1524 1525 1526 1530 1527 1528 1528 1529 1530 1534 1531 1532 1532 1533 1534 
						1538 1535 1536 1536 1537 1538 1542 1539 1540 1540 1541 1542 1546 1543 1544 1544 1545 1546 1550 1547 1548 1548 1549 1550 1554 1551 1552 1552 1553 1554 1558 1555 1556 1556 1557 1558 1562 1559 1560 1560 1561 1562 1566 1563 1564 1564 1565 1566 1570 1567 1568 1568 1569 1570 1574 1571 1572 1572 1573 1574 1578 1575 1576 1576 1577 1578 1582 1579 1580 1580 1581 1582 1586 1583 1584 1584 1585 1586 1590 1587 1588 1588 1589 1590 1592 1514 1513 1513 1591 1592 1594 1518 1517 1517 1593 1594 1596 1522 1521 1521 1595 1596 1598 1526 1525 1525 1597 1598 1600 1530 1529 1529 1599 1600 1602 1534 1533 1533 1601 1602 1604 1538 1537 1537 1603 1604 1606 1542 1541 1541 1605 1606 1608 1546 1545 1545 1607 1608 1610 1550 1549 1549 1609 1610 1612 1554 1553 1553 1611 1612 1614 1558 1557 1557 1613 1614 1616 1562 1561 1561 1615 1616 1618 1566 1565 1565 1617 1618 1620 1570 1569 1569 1619 1620 1622 1574 1573 1573 1621 1622 1624 1578 1577 1577 1623 1624 1626 1582 1581 1581 1625 1626 
						1628 1586 1585 1585 1627 1628 1630 1590 1589 1589 1629 1630 1634 1631 1632 1632 1633 1634 1638 1635 1636 1636 1637 1638 1637 1639 1640 1640 1641 1637 1641 1642 1643 1643 1644 1641 1644 1645 1646 1646 1647 1644 1647 1648 1649 1649 1650 1647 1654 1651 1652 1652 1653 1654 1653 1655 1656 1656 1657 1653 1661 1658 1659 1659 1660 1661 1665 1662 1663 1663 1664 1665 1669 1666 1667 1667 1668 1669 1668 1670 1671 1671 1672 1668 1672 1673 1674 1674 1675 1672 1675 1676 1677 1677 1678 1675 1678 1679 1680 1680 1681 1678 1685 1682 1683 1683 1684 1685 1684 1686 1687 1687 1688 1684 1692 1689 1690 1690 1691 1692 1691 1693 1694 1694 1695 1691 1695 1696 1697 1697 1698 1695 392 1699 1700 1700 437 392 391 1701 1699 1699 392 391 395 1702 1701 1701 391 395 1706 1703 1704 1704 1705 1706 1708 1707 1703 1703 1706 1708 1710 1709 1707 1707 1708 1710 1712 1711 1709 1709 1710 1712 407 1713 1714 1714 408 407 411 1715 1713 1713 407 411 413 1716 1715 1715 411 413 
						415 1717 1716 1716 413 415 417 1718 1717 1717 415 417 419 1719 1718 1718 417 419 1723 1720 1721 1721 1722 1723 1725 1724 1720 1720 1723 1725 1727 1726 1724 1724 1725 1727 1729 1728 1726 1726 1727 1729 431 1730 1731 1731 432 431 435 1732 1730 1730 431 435 437 1700 1732 1732 435 437 1734 342 341 341 1733 1734 1733 341 340 340 1735 1733 1735 340 339 339 1736 1735 1738 338 337 337 1737 1738 1737 337 336 336 1739 1737 1739 336 335 335 1740 1739 1740 335 334 334 1741 1740 1743 333 332 332 1742 1743 1742 332 331 331 1744 1742 1744 331 330 330 1745 1744 1745 330 329 329 1746 1745 1746 329 328 328 1747 1746 1747 328 327 327 1748 1747 1750 326 325 325 1749 1750 1749 325 324 324 1751 1749 1751 324 323 323 1752 1751 1752 323 322 322 1753 1752 1755 321 320 320 1754 1755 1754 320 319 319 1756 1754 1756 319 342 342 1734 1756 1760 1757 1758 1758 1759 1760 1764 1761 1762 1762 1763 1764 
						1768 1765 1766 1766 1767 1768 1772 1769 1770 1770 1771 1772 1776 1773 1774 1774 1775 1776 1780 1777 1778 1778 1779 1780 1784 1781 1782 1782 1783 1784 1788 1785 1786 1786 1787 1788 1792 1789 1790 1790 1791 1792 1796 1793 1794 1794 1795 1796 1800 1797 1798 1798 1799 1800 1804 1801 1802 1802 1803 1804 1808 1805 1806 1806 1807 1808 1812 1809 1810 1810 1811 1812 1816 1813 1814 1814 1815 1816 1820 1817 1818 1818 1819 1820 1824 1821 1822 1822 1823 1824 1828 1825 1826 1826 1827 1828 1832 1829 1830 1830 1831 1832 1836 1833 1834 1834 1835 1836 1840 1837 1838 1838 1839 1840 1844 1841 1842 1842 1843 1844 1848 1845 1846 1846 1847 1848 1852 1849 1850 1850 1851 1852 1856 1853 1854 1854 1855 1856 1860 1857 1858 1858 1859 1860 1864 1861 1862 1862 1863 1864 1868 1865 1866 1866 1867 1868 1872 1869 1870 1870 1871 1872 1876 1873 1874 1874 1875 1876 1880 1877 1878 1878 1879 1880 1884 1881 1882 1882 1883 1884 1888 1885 1886 1886 1887 1888 1892 1889 1890 1890 1891 1892 
						1896 1893 1894 1894 1895 1896 1900 1897 1898 1898 1899 1900 1904 1901 1902 1902 1903 1904 1908 1905 1906 1906 1907 1908 1912 1909 1910 1910 1911 1912 1916 1913 1914 1914 1915 1916 1920 1917 1918 1918 1919 1920 1924 1921 1922 1922 1923 1924 1928 1925 1926 1926 1927 1928 1923 1922 1929 1929 1930 1923 1932 1636 1635 1635 1931 1932 1934 1933 1925 1925 1928 1934 1938 1935 1936 1936 1937 1938 1942 1939 1940 1940 1941 1942 1946 1943 1944 1944 1945 1946 1941 1940 1947 1947 1948 1941 1950 1643 1642 1642 1949 1950 1952 1951 1943 1943 1946 1952 1956 1953 1954 1954 1955 1956 1960 1957 1958 1958 1959 1960 1964 1961 1962 1962 1963 1964 1959 1958 1965 1965 1966 1959 1968 1649 1648 1648 1967 1968 1970 1969 1961 1961 1964 1970 1974 1971 1972 1972 1973 1974 1978 1975 1976 1976 1977 1978 1982 1979 1980 1980 1981 1982 1977 1976 1983 1983 1984 1977 1986 1656 1655 1655 1985 1986 1988 1987 1979 1979 1982 1988 1992 1989 1990 1990 1991 1992 1996 1993 1994 1994 1995 1996 
						2000 1997 1998 1998 1999 2000 1995 1994 2001 2001 2002 1995 2004 1663 1662 1662 2003 2004 2006 2005 1997 1997 2000 2006 2010 2007 2008 2008 2009 2010 2014 2011 2012 2012 2013 2014 2018 2015 2016 2016 2017 2018 2013 2012 2019 2019 2020 2013 2022 1671 1670 1670 2021 2022 2024 2023 2015 2015 2018 2024 2028 2025 2026 2026 2027 2028 2032 2029 2030 2030 2031 2032 2036 2033 2034 2034 2035 2036 2031 2030 2037 2037 2038 2031 2040 1677 1676 1676 2039 2040 2042 2041 2033 2033 2036 2042 2046 2043 2044 2044 2045 2046 2050 2047 2048 2048 2049 2050 2054 2051 2052 2052 2053 2054 2049 2048 2055 2055 2056 2049 2058 1683 1682 1682 2057 2058 2060 2059 2051 2051 2054 2060 2064 2061 2062 2062 2063 2064 2068 2065 2066 2066 2067 2068 2072 2069 2070 2070 2071 2072 2067 2066 2073 2073 2074 2067 2076 1690 1689 1689 2075 2076 2078 2077 2069 2069 2072 2078 2082 2079 2080 2080 2081 2082 2086 2083 2084 2084 2085 2086 2090 2087 2088 2088 2089 2090 2085 2084 2091 2091 2092 2085 
						2094 1697 1696 1696 2093 2094 2096 2095 2087 2087 2090 2096 2100 2097 2098 2098 2099 2100 2104 2101 2102 2102 2103 2104 2108 2105 2106 2106 2107 2108 2112 2109 2110 2110 2111 2112 2116 2113 2114 2114 2115 2116 2120 2117 2118 2118 2119 2120 2122 2112 2111 2111 2121 2122 2124 2113 2116 2116 2123 2124 2126 2102 2101 2101 2125 2126 2128 2119 2118 2118 2127 2128 2132 2129 2130 2130 2131 2132 2134 2124 2123 2123 2133 2134 2136 2126 2125 2125 2135 2136 2138 2128 2127 2127 2137 2138 2142 2139 2140 2140 2141 2142 2141 2140 2143 2143 2144 2141 2148 2145 2146 2146 2147 2148 2147 2146 2149 2149 2150 2147 2154 2151 2152 2152 2153 2154 2153 2152 2155 2155 2156 2153 2160 2157 2158 2158 2159 2160 2159 2158 2161 2161 2162 2159 2162 2161 2163 2163 2164 2162 2164 2163 2139 2139 2142 2164 2166 2142 2141 2141 2165 2166 2165 2141 2144 2144 2167 2165 2169 2148 2147 2147 2168 2169 2168 2147 2150 2150 2170 2168 2172 2154 2153 2153 2171 2172 2171 2153 2156 2156 2173 2171 
						2175 2160 2159 2159 2174 2175 2174 2159 2162 2162 2176 2174 2176 2162 2164 2164 2177 2176 2177 2164 2142 2142 2166 2177 2179 2166 2165 2165 2178 2179 2178 2165 2167 2167 2180 2178 2184 2181 2182 2182 2183 2184 2183 2182 2185 2185 2186 2183 2190 2187 2188 2188 2189 2190 2189 2188 2191 2191 2192 2189 2194 2175 2174 2174 2193 2194 2193 2174 2176 2176 2195 2193 2195 2176 2177 2177 2196 2195 2196 2177 2166 2166 2179 2196 2198 2179 2178 2178 2197 2198 2197 2178 2180 2180 2199 2197 2201 2184 2183 2183 2200 2201 2200 2183 2186 2186 2202 2200 2204 2190 2189 2189 2203 2204 2203 2189 2192 2192 2205 2203 2207 2194 2193 2193 2206 2207 2206 2193 2195 2195 2208 2206 2208 2195 2196 2196 2209 2208 2209 2196 2179 2179 2198 2209 2211 2198 2197 2197 2210 2211 2214 2212 2201 2201 2213 2214 2213 2201 2200 2200 2215 2213 2215 2200 2202 2202 2216 2215 2218 2204 2203 2203 2217 2218 2217 2203 2205 2205 2219 2217 2219 2205 2220 2220 2221 2219 2223 2206 2208 2208 2222 2223 
						2222 2208 2209 2209 2224 2222 2224 2209 2198 2198 2211 2224 2227 2225 2214 2214 2226 2227 2226 2214 2213 2213 2228 2226 2228 2213 2215 2215 2229 2228 2229 2215 2216 2216 2230 2229 2232 2218 2217 2217 2231 2232 2231 2217 2219 2219 2233 2231 2233 2219 2221 2221 2234 2233 2234 2221 2235 2235 2236 2234 2238 2222 2224 2224 2237 2238 2237 2224 2211 2211 2239 2237 2241 2227 2226 2226 2240 2241 2240 2226 2228 2228 2242 2240 2242 2228 2229 2229 2243 2242 2243 2229 2230 2230 2244 2243 2246 2232 2231 2231 2245 2246 2245 2231 2233 2233 2247 2245 2247 2233 2234 2234 2248 2247 2248 2234 2236 2236 2249 2248 2249 2236 2250 2250 2251 2249 2251 2250 2227 2227 2241 2251 2253 2241 2240 2240 2252 2253 2252 2240 2242 2242 2254 2252 2254 2242 2243 2243 2255 2254 2255 2243 2244 2244 2256 2255 2256 2244 2257 2257 2258 2256 2261 2259 2246 2246 2260 2261 2260 2246 2245 2245 2262 2260 2262 2245 2247 2247 2263 2262 2263 2247 2248 2248 2264 2263 2264 2248 2249 2249 2265 2264 
						2265 2249 2251 2251 2266 2265 2266 2251 2241 2241 2253 2266 2253 2252 2267 2252 2254 2267 2254 2255 2267 2255 2256 2267 2256 2258 2267 2258 2268 2267 2269 2261 2267 2261 2260 2267 2260 2262 2267 2262 2263 2267 2263 2264 2267 2264 2265 2267 2265 2266 2267 2266 2253 2267 2273 2270 2271 2271 2272 2273 2277 2274 2275 2275 2276 2277 2281 2278 2279 2279 2280 2281 2285 2282 2283 2283 2284 2285 2289 2286 2287 2287 2288 2289 2293 2290 2291 2291 2292 2293 2295 2281 2280 2280 2294 2295 2297 2287 2286 2286 2296 2297 2301 2298 2299 2299 2300 2301 2303 2291 2290 2290 2302 2303 2307 2304 2305 2305 2306 2307 2311 2308 2309 2309 2310 2311 2315 2312 2313 2313 2314 2315 2319 2316 2317 2317 2318 2319 2323 2320 2321 2321 2322 2323 2327 2324 2325 2325 2326 2327 2329 2315 2314 2314 2328 2329 2331 2321 2320 2320 2330 2331 2335 2332 2333 2333 2334 2335 2339 2336 2337 2337 2338 2339 2343 2340 2341 2341 2342 2343 2347 2344 2345 2345 2346 2347 2351 2348 2349 2349 2350 2351 
						2355 2352 2353 2353 2354 2355 2359 2356 2357 2357 2358 2359 2363 2360 2361 2361 2362 2363 2365 2351 2350 2350 2364 2365 2367 2357 2356 2356 2366 2367 2371 2368 2369 2369 2370 2371 2373 2361 2360 2360 2372 2373 2377 2374 2375 2375 2376 2377 2383 2378 2379 2383 2379 2380 2383 2380 2381 2381 2382 2383 2387 2384 2385 2385 2386 2387 2391 2388 2389 2389 2390 2391 2396 2392 2393 2396 2393 2394 2394 2395 2396 2402 2397 2398 2402 2398 2399 2402 2399 2400 2400 2401 2402 2404 2387 2386 2386 2403 2404 2406 2395 2394 2394 2405 2406 2410 2407 2375 2410 2375 2374 2410 2374 2408 2408 2409 2410 2412 2411 2398 2412 2398 2397 2397 2402 2412 2414 2377 2376 2376 2413 2414 2420 2415 2416 2420 2416 2417 2420 2417 2418 2418 2419 2420 2422 2385 2384 2384 2421 2422 2401 2400 2399 2401 2399 2423 2401 2423 2424 2424 2425 2401 2429 2426 2427 2427 2428 2429 2430 2431 2416 2430 2416 2415 2430 2415 2420 2430 2420 2432 2434 2422 2421 2421 2433 2434 2425 2424 2423 2423 2435 2436 
						2423 2436 2437 2423 2437 2425 2439 2392 2396 2396 2438 2439 2441 2440 2439 2439 2438 2441 2443 2383 2382 2382 2442 2443 2447 2444 2445 2445 2446 2447 2444 2448 2449 2449 2445 2444 2448 2450 2451 2451 2449 2448 2453 2452 2451 2451 2450 2453 2457 2454 2455 2455 2456 2457 2418 2417 2455 2418 2455 2454 2418 2454 2458 2458 2419 2418 2462 2459 2460 2460 2461 2462 2461 2460 2463 2463 2464 2461 2466 2386 2385 2385 2465 2466 2464 2463 2467 2467 2468 2464 2470 2390 2389 2389 2469 2470 2471 2403 2386 2386 2466 2471 2473 2385 2422 2422 2472 2473 2477 2474 2475 2475 2476 2477 2479 2478 2474 2474 2477 2479 2472 2422 2434 2434 2480 2472 2482 2442 2382 2382 2481 2482 2486 2483 2484 2484 2485 2486 2488 2383 2443 2443 2487 2488 2490 2433 2421 2421 2489 2490 2492 2491 2483 2483 2486 2492 2489 2421 2384 2384 2493 2489 2497 2494 2495 2495 2496 2497 2499 2384 2387 2387 2498 2499 2501 2500 2494 2494 2497 2501 2498 2387 2404 2404 2502 2498 2504 2388 2391 2391 2503 2504 
						2506 2404 2403 2403 2505 2506 2508 2467 2500 2500 2507 2508 2505 2403 2471 2471 2509 2505 2511 2406 2405 2405 2510 2511 2512 2468 2467 2467 2508 2512 2507 2500 2501 2501 2513 2507 2515 2452 2453 2453 2514 2515 2516 2502 2404 2404 2506 2516 2520 2517 2518 2518 2519 2520 2524 2521 2522 2522 2523 2524 2519 2518 2525 2525 2526 2519 2528 2511 2510 2510 2527 2528 2530 2529 2521 2521 2524 2530 2523 2522 2531 2531 2532 2523 2534 2515 2514 2514 2533 2534 2536 2535 2517 2517 2520 2536 2540 2537 2538 2538 2539 2540 2544 2541 2542 2542 2543 2544 2539 2538 2545 2545 2546 2539 2548 2528 2527 2527 2547 2548 2550 2549 2541 2541 2544 2550 2543 2542 2551 2551 2552 2543 2554 2534 2533 2533 2553 2554 2556 2555 2537 2537 2540 2556 2558 2540 2539 2539 2557 2558 2560 2544 2543 2543 2559 2560 2557 2539 2546 2546 2561 2557 2563 2548 2547 2547 2562 2563 2564 2550 2544 2544 2560 2564 2559 2543 2552 2552 2565 2559 2567 2554 2553 2553 2566 2567 2568 2556 2540 2540 2558 2568 
						2572 2569 2570 2570 2571 2572 2576 2573 2574 2574 2575 2576 2580 2577 2578 2578 2579 2580 2584 2581 2582 2582 2583 2584 2588 2585 2586 2586 2587 2588 2592 2589 2590 2590 2591 2592 2594 2584 2583 2583 2593 2594 2596 2585 2588 2588 2595 2596 2598 2574 2573 2573 2597 2598 2600 2591 2590 2590 2599 2600 2602 2586 2585 2585 2601 2602 2604 2590 2589 2589 2603 2604 2601 2585 2596 2596 2605 2601 2607 2570 2569 2569 2606 2607 2608 2599 2590 2590 2604 2608 2612 2609 2610 2610 2611 2612 2614 2586 2602 2602 2613 2614 2618 2615 2616 2616 2617 2618 2620 2603 2589 2589 2619 2620 2624 2621 2622 2622 2623 2624 2626 2614 2613 2613 2625 2626 2630 2627 2628 2628 2629 2630 2632 2620 2619 2619 2631 2632 2636 2633 2634 2634 2635 2636 2640 2637 2638 2638 2639 2640 2644 2641 2642 2642 2643 2644 2648 2645 2646 2646 2647 2648 2652 2649 2650 2650 2651 2652 2656 2653 2654 2654 2655 2656 2658 2648 2647 2647 2657 2658 2660 2649 2652 2652 2659 2660 2662 2638 2637 2637 2661 2662 
						2664 2655 2654 2654 2663 2664 2668 2665 2666 2666 2667 2668 2670 2660 2659 2659 2669 2670 2672 2662 2661 2661 2671 2672 2674 2664 2663 2663 2673 2674 2678 2675 2676 2676 2677 2678 2682 2679 2680 2680 2681 2682 2686 2683 2684 2684 2685 2686 2690 2687 2688 2688 2689 2690 2694 2691 2692 2692 2693 2694 2698 2695 2696 2696 2697 2698 2702 2699 2700 2700 2701 2702 2704 2694 2693 2693 2703 2704 2708 2705 2706 2706 2707 2708 2710 2698 2697 2697 2709 2710 2714 2711 2712 2712 2713 2714 2713 2712 2715 2715 2716 2713 2720 2717 2718 2718 2719 2720 2719 2718 2721 2721 2722 2719 2726 2723 2724 2724 2725 2726 2725 2724 2727 2727 2728 2725 2732 2729 2730 2730 2731 2732 2731 2730 2733 2733 2734 2731 2734 2733 2735 2735 2736 2734 2736 2735 2711 2711 2714 2736 2738 2714 2713 2713 2737 2738 2737 2713 2716 2716 2739 2737 2741 2720 2719 2719 2740 2741 2740 2719 2722 2722 2742 2740 2744 2726 2725 2725 2743 2744 2743 2725 2728 2728 2745 2743 2747 2732 2731 2731 2746 2747 
						2746 2731 2734 2734 2748 2746 2748 2734 2736 2736 2749 2748 2749 2736 2714 2714 2738 2749 2751 2738 2737 2737 2750 2751 2750 2737 2739 2739 2752 2750 2756 2753 2754 2754 2755 2756 2755 2754 2757 2757 2758 2755 2762 2759 2760 2760 2761 2762 2761 2760 2763 2763 2764 2761 2766 2747 2746 2746 2765 2766 2765 2746 2748 2748 2767 2765 2767 2748 2749 2749 2768 2767 2768 2749 2738 2738 2751 2768 2770 2751 2750 2750 2769 2770 2769 2750 2752 2752 2771 2769 2773 2756 2755 2755 2772 2773 2772 2755 2758 2758 2774 2772 2776 2762 2761 2761 2775 2776 2775 2761 2764 2764 2777 2775 2779 2766 2765 2765 2778 2779 2778 2765 2767 2767 2780 2778 2780 2767 2768 2768 2781 2780 2781 2768 2751 2751 2770 2781 2783 2770 2769 2769 2782 2783 2786 2784 2773 2773 2785 2786 2785 2773 2772 2772 2787 2785 2787 2772 2774 2774 2788 2787 2790 2776 2775 2775 2789 2790 2789 2775 2777 2777 2791 2789 2791 2777 2792 2792 2793 2791 2795 2778 2780 2780 2794 2795 2794 2780 2781 2781 2796 2794 
						2796 2781 2770 2770 2783 2796 2799 2797 2786 2786 2798 2799 2798 2786 2785 2785 2800 2798 2800 2785 2787 2787 2801 2800 2801 2787 2788 2788 2802 2801 2804 2790 2789 2789 2803 2804 2803 2789 2791 2791 2805 2803 2805 2791 2793 2793 2806 2805 2806 2793 2807 2807 2808 2806 2810 2794 2796 2796 2809 2810 2809 2796 2783 2783 2811 2809 2813 2799 2798 2798 2812 2813 2812 2798 2800 2800 2814 2812 2814 2800 2801 2801 2815 2814 2815 2801 2802 2802 2816 2815 2818 2804 2803 2803 2817 2818 2817 2803 2805 2805 2819 2817 2819 2805 2806 2806 2820 2819 2820 2806 2808 2808 2821 2820 2821 2808 2822 2822 2823 2821 2823 2822 2799 2799 2813 2823 2825 2813 2812 2812 2824 2825 2824 2812 2814 2814 2826 2824 2826 2814 2815 2815 2827 2826 2827 2815 2816 2816 2828 2827 2828 2816 2829 2829 2830 2828 2833 2831 2818 2818 2832 2833 2832 2818 2817 2817 2834 2832 2834 2817 2819 2819 2835 2834 2835 2819 2820 2820 2836 2835 2836 2820 2821 2821 2837 2836 2837 2821 2823 2823 2838 2837 
						2838 2823 2813 2813 2825 2838 2825 2824 2839 2824 2826 2839 2826 2827 2839 2827 2828 2839 2828 2830 2839 2830 2840 2839 2841 2833 2839 2833 2832 2839 2832 2834 2839 2834 2835 2839 2835 2836 2839 2836 2837 2839 2837 2838 2839 2838 2825 2839 2845 2842 2843 2843 2844 2845 2849 2846 2847 2847 2848 2849 2853 2850 2851 2851 2852 2853 2857 2854 2855 2855 2856 2857 2861 2858 2859 2859 2860 2861 2865 2862 2863 2863 2864 2865 2867 2853 2852 2852 2866 2867 2869 2859 2858 2858 2868 2869 2873 2870 2871 2871 2872 2873 2875 2863 2862 2862 2874 2875 2879 2876 2877 2877 2878 2879 2883 2880 2881 2881 2882 2883 2887 2884 2885 2885 2886 2887 2891 2888 2889 2889 2890 2891 2895 2892 2893 2893 2894 2895 2899 2896 2897 2897 2898 2899 2901 2887 2886 2886 2900 2901 2903 2893 2892 2892 2902 2903 2907 2904 2905 2905 2906 2907 2909 2897 2896 2896 2908 2909 2913 2910 2911 2911 2912 2913 2917 2914 2915 2915 2916 2917 2921 2918 2919 2919 2920 2921 2925 2922 2923 2923 2924 2925 
						2929 2926 2927 2927 2928 2929 2933 2930 2931 2931 2932 2933 2935 2921 2920 2920 2934 2935 2937 2927 2926 2926 2936 2937 2939 2911 2910 2910 2938 2939 2941 2931 2930 2930 2940 2941 2945 2942 2943 2943 2944 2945 2944 2943 2946 2946 2947 2944 2951 2948 2949 2949 2950 2951 2950 2949 2952 2952 2953 2950 2953 2952 2954 2954 2955 2953 2955 2954 2956 2956 2957 2955 2961 2958 2959 2959 2960 2961 2960 2959 2962 2962 2963 2960 2963 2962 2964 2964 2965 2963 2965 2964 2966 2966 2967 2965 2967 2966 2968 2968 2969 2967 2969 2968 2970 2970 2971 2969 2975 2972 2973 2973 2974 2975 2974 2973 2976 2976 2977 2974 2977 2976 2978 2978 2979 2977 2979 2978 2980 2980 2981 2979 2985 2982 2983 2983 2984 2985 2984 2983 2986 2986 2987 2984 2987 2986 2988 2988 2989 2987 2989 2988 2942 2942 2945 2989 2990 2991 2992 2993 2990 2992 2994 2993 2992 2995 2994 2992 2996 2995 2992 2997 2996 2992 2998 2997 2992 2999 2998 2992 3000 2999 2992 3001 3000 2992 3002 3001 2992 3003 3002 2992 
						3004 3003 2992 3005 3004 2992 3006 3005 2992 3007 3006 2992 3008 3007 2992 3009 3008 2992 3010 3009 2992 2991 3010 2992 3011 3012 3013 3012 3014 3013 3014 3015 3013 3015 3016 3013 3016 3017 3013 3017 3018 3013 3018 3019 3013 3019 3020 3013 3020 3021 3013 3021 3022 3013 3022 3023 3013 3023 3024 3013 3024 3025 3013 3025 3026 3013 3026 3027 3013 3027 3028 3013 3028 3029 3013 3029 3030 3013 3030 3031 3013 3031 3011 3013 3035 3032 3033 3033 3034 3035 3034 3033 3036 3036 3037 3034 3041 3038 3039 3039 3040 3041 3040 3039 3042 3042 3043 3040 3043 3042 3044 3044 3045 3043 3045 3044 3046 3046 3047 3045 3051 3048 3049 3049 3050 3051 3050 3049 3052 3052 3053 3050 3053 3052 3054 3054 3055 3053 3055 3054 3056 3056 3057 3055 3057 3056 3058 3058 3059 3057 3059 3058 3060 3060 3061 3059 3065 3062 3063 3063 3064 3065 3064 3063 3066 3066 3067 3064 3067 3066 3068 3068 3069 3067 3069 3068 3070 3070 3071 3069 3075 3072 3073 3073 3074 3075 3074 3073 3076 3076 3077 3074 
						3077 3076 3078 3078 3079 3077 3079 3078 3032 3032 3035 3079 3080 3081 3082 3083 3080 3082 3084 3083 3082 3085 3084 3082 3086 3085 3082 3087 3086 3082 3088 3087 3082 3089 3088 3082 3090 3089 3082 3091 3090 3082 3092 3091 3082 3093 3092 3082 3094 3093 3082 3095 3094 3082 3096 3095 3082 3097 3096 3082 3098 3097 3082 3099 3098 3082 3100 3099 3082 3081 3100 3082 3101 3102 3103 3102 3104 3103 3104 3105 3103 3105 3106 3103 3106 3107 3103 3107 3108 3103 3108 3109 3103 3109 3110 3103 3110 3111 3103 3111 3112 3103 3112 3113 3103 3113 3114 3103 3114 3115 3103 3115 3116 3103 3116 3117 3103 3117 3118 3103 3118 3119 3103 3119 3120 3103 3120 3121 3103 3121 3101 3103 
					</p>
				</polylist>
			</mesh>
		</geometry>
	</library_geometries>
	<library_visual_scenes>
		<visual_scene id="RootNode" name="RootNode">
			<node id="Incindiary_Grenade" name="Incindiary_Grenade">
				<matrix>1.000000 0.000000 0.000000 0.000000 0.000000 1.000000 0.000000 0.000000 0.000000 0.000000 1.000000 0.000000 0.000000 0.000000 0.000000 1.000000</matrix>
				<instance_geometry url="#meshId0">
					<bind_material>
						<technique_common>
							<instance_material symbol="defaultMaterial" target="#lambert1" />
						</technique_common>
					</bind_material>
				</instance_geometry>
			</node>
		</visual_scene>
	</library_visual_scenes>
	<scene>
		<instance_visual_scene url="#RootNode" />
	</scene>
</COLLADA>
